whisky_id,whisky_name,source_url,source_domain,source_type,snapshot_path,http_status,fetch_status,extraction_status,match_score,mismatch_flags,nose_notes,palate_notes,finish_notes,aroma_tags,extracted_profile_vector,recommended_action,production_ready
W000978,port ellen douglas laing mcgibbon's provenance john milroy 23yo (all editions),https://www.whiskynotes.be/search/port-ellen-douglas-laing-mcgibbon's-provenance-john-milroy-23yo-(all-editions)-tasting-notes-review,whiskynotes.be,review_site,C:\Users\eltun\Documents\malt radar\data\output\tasting_note_snapshots\W000978_0.html,,,extracted,95,,,,,,,manual_review,false
W000944,port ellen douglas laing mcgibbon's provenance john milroy 23yo 1982-2005,https://www.whiskynotes.be/search/port-ellen-douglas-laing-mcgibbon's-provenance-john-milroy-23yo-1982-2005-tasting-notes-review,whiskynotes.be,review_site,C:\Users\eltun\Documents\malt radar\data\output\tasting_note_snapshots\W000944_2.html,,,extracted,95,,,,,,,manual_review,false
W001029,port ellen douglas laing mcgibbon's provenance john milroy 23yo 1978-2001,https://www.whiskynotes.be/search/port-ellen-douglas-laing-mcgibbon's-provenance-john-milroy-23yo-1978-2001-tasting-notes-review,whiskynotes.be,review_site,C:\Users\eltun\Documents\malt radar\data\output\tasting_note_snapshots\W001029_3.html,,,extracted,95,,,,,,,manual_review,false
W000713,mackinlay's shackleton rare old highland malt (both limited editions),https://www.whiskynotes.be/search/mackinlay's-shackleton-rare-old-highland-malt-(both-limited-editions)-tasting-notes-review,whiskynotes.be,review_site,C:\Users\eltun\Documents\malt radar\data\output\tasting_note_snapshots\W000713_4.html,,,extracted,90,,,,,,,manual_review,false
W001720,"buffalo trace experimental collection 12yo floor #1 (wheat, 2015)","https://www.whiskynotes.be/search/buffalo-trace-experimental-collection-12yo-floor-#1-(wheat,-2015)-tasting-notes-review",whiskynotes.be,review_site,C:\Users\eltun\Documents\malt radar\data\output\tasting_note_snapshots\W001720_5.html,,,extracted,95,,,,,,,manual_review,false
W000968,bruichladdich port charlotte 10yo heavily peated (second edition),https://www.whiskynotes.be/search/bruichladdich-port-charlotte-10yo-heavily-peated-(second-edition)-tasting-notes-review,whiskynotes.be,review_site,C:\Users\eltun\Documents\malt radar\data\output\tasting_note_snapshots\W000968_6.html,,,extracted,95,,,,,,,manual_review,false
W000983,bruichladdich port charlotte 10yo heavily peated (first edition),https://www.whiskynotes.be/search/bruichladdich-port-charlotte-10yo-heavily-peated-(first-edition)-tasting-notes-review,whiskynotes.be,review_site,C:\Users\eltun\Documents\malt radar\data\output\tasting_note_snapshots\W000983_7.html,,,extracted,95,,,,,,,manual_review,false
W001617,"buffalo trace experimental collection 12yo floor #5 (rye, 2014)","https://www.whiskynotes.be/search/buffalo-trace-experimental-collection-12yo-floor-#5-(rye,-2014)-tasting-notes-review",whiskynotes.be,review_site,C:\Users\eltun\Documents\malt radar\data\output\tasting_note_snapshots\W001617_8.html,,,extracted,95,,,,,,,manual_review,false
W001737,"buffalo trace experimental collection 12yo floor #1 (rye, 2014)","https://www.whiskynotes.be/search/buffalo-trace-experimental-collection-12yo-floor-#1-(rye,-2014)-tasting-notes-review",whiskynotes.be,review_site,C:\Users\eltun\Documents\malt radar\data\output\tasting_note_snapshots\W001737_9.html,,,extracted,95,,,,,,,manual_review,false
W000696,mackinlay's shackleton rare old highland malt discovery edition,https://www.whiskynotes.be/search/mackinlay's-shackleton-rare-old-highland-malt-discovery-edition-tasting-notes-review,whiskynotes.be,review_site,C:\Users\eltun\Documents\malt radar\data\output\tasting_note_snapshots\W000696_10.html,,,extracted,90,,,,,,,manual_review,false
W000930,compass box flaming heart 2015 5th edition - 15th anniversary,https://www.whiskynotes.be/search/compass-box-flaming-heart-2015-5th-edition---15th-anniversary-tasting-notes-review,whiskynotes.be,review_site,C:\Users\eltun\Documents\malt radar\data\output\tasting_note_snapshots\W000930_13.html,,,extracted,90,,,,,,,manual_review,false
W000948,compass box flaming heart 2010 3rd edition - 10th anniversary,https://www.whiskynotes.be/search/compass-box-flaming-heart-2010-3rd-edition---10th-anniversary-tasting-notes-review,whiskynotes.be,review_site,C:\Users\eltun\Documents\malt radar\data\output\tasting_note_snapshots\W000948_14.html,,,extracted,90,,,,,,,manual_review,false
W000750,mackinlay's shackleton rare old highland malt journey edition,https://www.whiskynotes.be/search/mackinlay's-shackleton-rare-old-highland-malt-journey-edition-tasting-notes-review,whiskynotes.be,review_site,C:\Users\eltun\Documents\malt radar\data\output\tasting_note_snapshots\W000750_15.html,,,extracted,90,,,,,,,manual_review,false
W000853,shelter point classic single cask (kwm) single malt whisky,https://www.whiskynotes.be/search/shelter-point-classic-single-cask-(kwm)-single-malt-whisky-tasting-notes-review,whiskynotes.be,review_site,C:\Users\eltun\Documents\malt radar\data\output\tasting_note_snapshots\W000853_17.html,,,extracted,90,,,,,,,manual_review,false
W001447,gooderham & worts 17yo little trinity three grain (2017),https://www.whiskynotes.be/search/gooderham-&-worts-17yo-little-trinity-three-grain-(2017)-tasting-notes-review,whiskynotes.be,review_site,C:\Users\eltun\Documents\malt radar\data\output\tasting_note_snapshots\W001447_20.html,,,extracted,95,,,,,,,manual_review,false
W001173,bruichladdich port charlotte islay barley heavily peated,https://www.whiskynotes.be/search/bruichladdich-port-charlotte-islay-barley-heavily-peated-tasting-notes-review,whiskynotes.be,review_site,C:\Users\eltun\Documents\malt radar\data\output\tasting_note_snapshots\W001173_21.html,,,extracted,90,,,,,,,manual_review,false
W000491,glenfiddich winter storm 21yo experimental series no. 3,https://www.whiskynotes.be/search/glenfiddich-winter-storm-21yo-experimental-series-no.-3-tasting-notes-review,whiskynotes.be,review_site,C:\Users\eltun\Documents\malt radar\data\output\tasting_note_snapshots\W000491_22.html,,,extracted,105,,,,,,,manual_review,false
W000674,game of thrones house tully singleton glendullan select,https://www.whiskynotes.be/search/game-of-thrones-house-tully-singleton-glendullan-select-tasting-notes-review,whiskynotes.be,review_site,C:\Users\eltun\Documents\malt radar\data\output\tasting_note_snapshots\W000674_23.html,,,extracted,90,,,,,,,manual_review,false
W001560,last mountain distillery single cask 100% wheat whisky,https://www.whiskynotes.be/search/last-mountain-distillery-single-cask-100%-wheat-whisky-tasting-notes-review,whiskynotes.be,review_site,C:\Users\eltun\Documents\malt radar\data\output\tasting_note_snapshots\W001560_25.html,,,extracted,90,,,,,,,manual_review,false
W000374,game of thrones house baratheon royal lochnagar 12 ans,https://www.whiskynotes.be/search/game-of-thrones-house-baratheon-royal-lochnagar-12-ans-tasting-notes-review,whiskynotes.be,review_site,C:\Users\eltun\Documents\malt radar\data\output\tasting_note_snapshots\W000374_26.html,,,extracted,95,,,,,,,manual_review,false
W001416,alberta premium cask strength rye (batch 1 65.1% 2019),https://www.whiskynotes.be/search/alberta-premium-cask-strength-rye-(batch-1-65.1%-2019)-tasting-notes-review,whiskynotes.be,review_site,C:\Users\eltun\Documents\malt radar\data\output\tasting_note_snapshots\W001416_27.html,,,extracted,90,,,,,,,manual_review,false
W001474,pike creek 21yo double barrel european oak cask (2018),https://www.whiskynotes.be/search/pike-creek-21yo-double-barrel-european-oak-cask-(2018)-tasting-notes-review,whiskynotes.be,review_site,C:\Users\eltun\Documents\malt radar\data\output\tasting_note_snapshots\W001474_28.html,,,extracted,95,,,,,,,manual_review,false
W001719,jefferson's reserve very old kentucky straight bourbon,https://www.whiskynotes.be/search/jefferson's-reserve-very-old-kentucky-straight-bourbon-tasting-notes-review,whiskynotes.be,review_site,C:\Users\eltun\Documents\malt radar\data\output\tasting_note_snapshots\W001719_30.html,,,extracted,90,,,,,,,manual_review,false
W000990,game of thrones house greyjoy talisker select reserve,https://www.whiskynotes.be/search/game-of-thrones-house-greyjoy-talisker-select-reserve-tasting-notes-review,whiskynotes.be,review_site,C:\Users\eltun\Documents\malt radar\data\output\tasting_note_snapshots\W000990_32.html,,,extracted,90,,,,,,,manual_review,false
W001787,blanton's special reserve single barrel (green label),https://www.whiskynotes.be/search/blanton's-special-reserve-single-barrel-(green-label)-tasting-notes-review,whiskynotes.be,review_site,C:\Users\eltun\Documents\malt radar\data\output\tasting_note_snapshots\W001787_37.html,,,extracted,90,,,,,,,manual_review,false
W001403,alberta premium cask strength rye (batch 2 66% 2020),https://www.whiskynotes.be/search/alberta-premium-cask-strength-rye-(batch-2-66%-2020)-tasting-notes-review,whiskynotes.be,review_site,C:\Users\eltun\Documents\malt radar\data\output\tasting_note_snapshots\W001403_38.html,,,extracted,90,,,,,,,manual_review,false
W000067,glendronach vintage 20yo single cask (all vintages),https://www.whiskynotes.be/search/glendronach-vintage-20yo-single-cask-(all-vintages)-tasting-notes-review,whiskynotes.be,review_site,C:\Users\eltun\Documents\malt radar\data\output\tasting_note_snapshots\W000067_40.html,,,extracted,95,,,,,,,manual_review,false
W000083,glendronach vintage 19yo single cask (all vintages),https://www.whiskynotes.be/search/glendronach-vintage-19yo-single-cask-(all-vintages)-tasting-notes-review,whiskynotes.be,review_site,C:\Users\eltun\Documents\malt radar\data\output\tasting_note_snapshots\W000083_41.html,,,extracted,95,,,,,,,manual_review,false
W000876,game of thrones house targaryen cardhu gold reserve,https://www.whiskynotes.be/search/game-of-thrones-house-targaryen-cardhu-gold-reserve-tasting-notes-review,whiskynotes.be,review_site,C:\Users\eltun\Documents\malt radar\data\output\tasting_note_snapshots\W000876_42.html,,,extracted,90,,,,,,,manual_review,false
W000073,benriach 17yo solstice peated port (both editions),https://www.whiskynotes.be/search/benriach-17yo-solstice-peated-port-(both-editions)-tasting-notes-review,whiskynotes.be,review_site,C:\Users\eltun\Documents\malt radar\data\output\tasting_note_snapshots\W000073_45.html,,,extracted,95,,,,,,,manual_review,false
W000970,bruichladdich port charlotte pc10 (second edition),https://www.whiskynotes.be/search/bruichladdich-port-charlotte-pc10-(second-edition)-tasting-notes-review,whiskynotes.be,review_site,C:\Users\eltun\Documents\malt radar\data\output\tasting_note_snapshots\W000970_46.html,,,extracted,90,,,,,,,manual_review,false
W001060,glenfiddich fire & cane experimental series no. 4,https://www.whiskynotes.be/search/glenfiddich-fire-&-cane-experimental-series-no.-4-tasting-notes-review,whiskynotes.be,review_site,C:\Users\eltun\Documents\malt radar\data\output\tasting_note_snapshots\W001060_48.html,,,extracted,100,,,,,,,manual_review,false
W001128,laphroaig cairdeas 2019 triple wood cask strength,https://www.whiskynotes.be/search/laphroaig-cairdeas-2019-triple-wood-cask-strength-tasting-notes-review,whiskynotes.be,review_site,C:\Users\eltun\Documents\malt radar\data\output\tasting_note_snapshots\W001128_49.html,,,extracted,100,,,,,,,manual_review,false
W000950,bruichladdich port charlotte pc11 eorna na h-alba,https://www.whiskynotes.be/search/bruichladdich-port-charlotte-pc11-eorna-na-h-alba-tasting-notes-review,whiskynotes.be,review_site,C:\Users\eltun\Documents\malt radar\data\output\tasting_note_snapshots\W000950_50.html,,,extracted,90,,,,,,,manual_review,false
W001365,canadian club 43yo chronicles no. 3 the speakeasy,https://www.whiskynotes.be/search/canadian-club-43yo-chronicles-no.-3-the-speakeasy-tasting-notes-review,whiskynotes.be,review_site,C:\Users\eltun\Documents\malt radar\data\output\tasting_note_snapshots\W001365_51.html,,,extracted,95,,,,,,,manual_review,false
W000323,glenfiddich 19yo age of discovery (madeira cask),https://www.whiskynotes.be/search/glenfiddich-19yo-age-of-discovery-(madeira-cask)-tasting-notes-review,whiskynotes.be,review_site,C:\Users\eltun\Documents\malt radar\data\output\tasting_note_snapshots\W000323_54.html,,,extracted,105,,,,,,,manual_review,false
W000497,glenfiddich 19yo age of discovery (bourbon cask),https://www.whiskynotes.be/search/glenfiddich-19yo-age-of-discovery-(bourbon-cask)-tasting-notes-review,whiskynotes.be,review_site,C:\Users\eltun\Documents\malt radar\data\output\tasting_note_snapshots\W000497_55.html,,,extracted,105,,,,,,,manual_review,false
W000510,glenfiddich project xx experimental series no. 2,https://www.whiskynotes.be/search/glenfiddich-project-xx-experimental-series-no.-2-tasting-notes-review,whiskynotes.be,review_site,C:\Users\eltun\Documents\malt radar\data\output\tasting_note_snapshots\W000510_56.html,,,extracted,100,,,,,,,manual_review,false
W001127,compass box peat monster 2014 - 10th anniversary,https://www.whiskynotes.be/search/compass-box-peat-monster-2014---10th-anniversary-tasting-notes-review,whiskynotes.be,review_site,C:\Users\eltun\Documents\malt radar\data\output\tasting_note_snapshots\W001127_57.html,,,extracted,90,,,,,,,manual_review,false
W001400,gooderham & worts eleven souls four grain (2018),https://www.whiskynotes.be/search/gooderham-&-worts-eleven-souls-four-grain-(2018)-tasting-notes-review,whiskynotes.be,review_site,C:\Users\eltun\Documents\malt radar\data\output\tasting_note_snapshots\W001400_58.html,,,extracted,90,,,,,,,manual_review,false
W001768,bernheim original straight wheat 7yo small batch,https://www.whiskynotes.be/search/bernheim-original-straight-wheat-7yo-small-batch-tasting-notes-review,whiskynotes.be,review_site,C:\Users\eltun\Documents\malt radar\data\output\tasting_note_snapshots\W001768_59.html,,,extracted,105,,,,,,,manual_review,false
W001370,crown royal noble collection winter wheat (2021),https://www.whiskynotes.be/search/crown-royal-noble-collection-winter-wheat-(2021)-tasting-notes-review,whiskynotes.be,review_site,C:\Users\eltun\Documents\malt radar\data\output\tasting_note_snapshots\W001370_63.html,,,extracted,90,,,,,,,manual_review,false
W001379,canadian club 42yo chronicles no. 2 the dock man,https://www.whiskynotes.be/search/canadian-club-42yo-chronicles-no.-2-the-dock-man-tasting-notes-review,whiskynotes.be,review_site,C:\Users\eltun\Documents\malt radar\data\output\tasting_note_snapshots\W001379_64.html,,,extracted,95,,,,,,,manual_review,false
W000607,okanagan spirits laird of fintry (all editions),https://www.whiskynotes.be/search/okanagan-spirits-laird-of-fintry-(all-editions)-tasting-notes-review,whiskynotes.be,review_site,C:\Users\eltun\Documents\malt radar\data\output\tasting_note_snapshots\W000607_65.html,,,extracted,90,,,,,,,manual_review,false
W001544,last mountain distillery single cask rye whisky,https://www.whiskynotes.be/search/last-mountain-distillery-single-cask-rye-whisky-tasting-notes-review,whiskynotes.be,review_site,C:\Users\eltun\Documents\malt radar\data\output\tasting_note_snapshots\W001544_66.html,,,extracted,90,,,,,,,manual_review,false
W001415,alberta premium cask strength rye (all batches),https://www.whiskynotes.be/search/alberta-premium-cask-strength-rye-(all-batches)-tasting-notes-review,whiskynotes.be,review_site,C:\Users\eltun\Documents\malt radar\data\output\tasting_note_snapshots\W001415_67.html,,,extracted,90,,,,,,,manual_review,false
W001111,amrut portpipe peated single cask #4668 (2017),https://www.whiskynotes.be/search/amrut-portpipe-peated-single-cask-#4668-(2017)-tasting-notes-review,whiskynotes.be,review_site,C:\Users\eltun\Documents\malt radar\data\output\tasting_note_snapshots\W001111_68.html,,,extracted,100,,,,,,,manual_review,false
W001139,amrut portpipe peated single cask #2712 (2013),https://www.whiskynotes.be/search/amrut-portpipe-peated-single-cask-#2712-(2013)-tasting-notes-review,whiskynotes.be,review_site,C:\Users\eltun\Documents\malt radar\data\output\tasting_note_snapshots\W001139_69.html,,,extracted,100,,,,,,,manual_review,false
W001185,amrut portpipe peated single cask #2713 (2013),https://www.whiskynotes.be/search/amrut-portpipe-peated-single-cask-#2713-(2013)-tasting-notes-review,whiskynotes.be,review_site,C:\Users\eltun\Documents\malt radar\data\output\tasting_note_snapshots\W001185_70.html,,,extracted,100,,,,,,,manual_review,false
W001203,amrut portpipe peated single cask #2712 (2016),https://www.whiskynotes.be/search/amrut-portpipe-peated-single-cask-#2712-(2016)-tasting-notes-review,whiskynotes.be,review_site,C:\Users\eltun\Documents\malt radar\data\output\tasting_note_snapshots\W001203_71.html,,,extracted,100,,,,,,,manual_review,false
W001538,jack daniel's rested tennessee rye (batch 1/2),https://www.whiskynotes.be/search/jack-daniel's-rested-tennessee-rye-(batch-1/2)-tasting-notes-review,whiskynotes.be,review_site,C:\Users\eltun\Documents\malt radar\data\output\tasting_note_snapshots\W001538_72.html,,,extracted,90,,,,,,,manual_review,false
W000211,bunnahabhain 11yo manzanilla cask matured 2008,https://www.whiskynotes.be/search/bunnahabhain-11yo-manzanilla-cask-matured-2008-tasting-notes-review,whiskynotes.be,review_site,C:\Users\eltun\Documents\malt radar\data\output\tasting_note_snapshots\W000211_73.html,,,extracted,95,,,,,,,manual_review,false
W000476,game of thrones house tyrell clynelish reserve,https://www.whiskynotes.be/search/game-of-thrones-house-tyrell-clynelish-reserve-tasting-notes-review,whiskynotes.be,review_site,C:\Users\eltun\Documents\malt radar\data\output\tasting_note_snapshots\W000476_74.html,,,extracted,90,,,,,,,manual_review,false
W000703,bruichladdich laddie ten 10yo (second edition),https://www.whiskynotes.be/search/bruichladdich-laddie-ten-10yo-(second-edition)-tasting-notes-review,whiskynotes.be,review_site,C:\Users\eltun\Documents\malt radar\data\output\tasting_note_snapshots\W000703_75.html,,,extracted,95,,,,,,,manual_review,false
W000813,glenkinchie distiller's edition (all editions),https://www.whiskynotes.be/search/glenkinchie-distiller's-edition-(all-editions)-tasting-notes-review,whiskynotes.be,review_site,C:\Users\eltun\Documents\malt radar\data\output\tasting_note_snapshots\W000813_76.html,,,extracted,90,,,,,,,manual_review,false
W001448,j.p. wiser's alumni series yvan cournoyer 12yo,https://www.whiskynotes.be/search/j.p.-wiser's-alumni-series-yvan-cournoyer-12yo-tasting-notes-review,whiskynotes.be,review_site,C:\Users\eltun\Documents\malt radar\data\output\tasting_note_snapshots\W001448_78.html,,,extracted,95,,,,,,,manual_review,false
W001503,crown royal noble collection cornerstone blend,https://www.whiskynotes.be/search/crown-royal-noble-collection-cornerstone-blend-tasting-notes-review,whiskynotes.be,review_site,C:\Users\eltun\Documents\malt radar\data\output\tasting_note_snapshots\W001503_79.html,,,extracted,90,,,,,,,manual_review,false
W001527,j.p. wiser's alumni series martin brodeur 12yo,https://www.whiskynotes.be/search/j.p.-wiser's-alumni-series-martin-brodeur-12yo-tasting-notes-review,whiskynotes.be,review_site,C:\Users\eltun\Documents\malt radar\data\output\tasting_note_snapshots\W001527_80.html,,,extracted,95,,,,,,,manual_review,false
W001556,j.p. wiser's alumni series lanny macdonald 9yo,https://www.whiskynotes.be/search/j.p.-wiser's-alumni-series-lanny-macdonald-9yo-tasting-notes-review,whiskynotes.be,review_site,C:\Users\eltun\Documents\malt radar\data\output\tasting_note_snapshots\W001556_81.html,,,extracted,95,,,,,,,manual_review,false
W001664,barrell 15yo craft spirits bourbon (batch 001),https://www.whiskynotes.be/search/barrell-15yo-craft-spirits-bourbon-(batch-001)-tasting-notes-review,whiskynotes.be,review_site,C:\Users\eltun\Documents\malt radar\data\output\tasting_note_snapshots\W001664_82.html,,,extracted,95,,,,,,,manual_review,false
W001746,barrell infinity barrel project (all releases),https://www.whiskynotes.be/search/barrell-infinity-barrel-project-(all-releases)-tasting-notes-review,whiskynotes.be,review_site,C:\Users\eltun\Documents\malt radar\data\output\tasting_note_snapshots\W001746_83.html,,,extracted,90,,,,,,,manual_review,false
W001145,compass box peat monster 2008 reserve edition,https://www.whiskynotes.be/search/compass-box-peat-monster-2008-reserve-edition-tasting-notes-review,whiskynotes.be,review_site,C:\Users\eltun\Documents\malt radar\data\output\tasting_note_snapshots\W001145_84.html,,,extracted,90,,,,,,,manual_review,false
W001183,amrut portpipe peated single cask (all casks),https://www.whiskynotes.be/search/amrut-portpipe-peated-single-cask-(all-casks)-tasting-notes-review,whiskynotes.be,review_site,C:\Users\eltun\Documents\malt radar\data\output\tasting_note_snapshots\W001183_85.html,,,extracted,100,,,,,,,manual_review,false
W001086,arran malt machrie moor peated (all editions),https://www.whiskynotes.be/search/arran-malt-machrie-moor-peated-(all-editions)-tasting-notes-review,whiskynotes.be,review_site,C:\Users\eltun\Documents\malt radar\data\output\tasting_note_snapshots\W001086_90.html,,,extracted,90,,,,,,,manual_review,false
W001180,game of thrones house lannister lagavulin 9yo,https://www.whiskynotes.be/search/game-of-thrones-house-lannister-lagavulin-9yo-tasting-notes-review,whiskynotes.be,review_site,C:\Users\eltun\Documents\malt radar\data\output\tasting_note_snapshots\W001180_91.html,,,extracted,95,,,,,,,manual_review,false
W001356,johnnie walker white walker (game of thrones),https://www.whiskynotes.be/search/johnnie-walker-white-walker-(game-of-thrones)-tasting-notes-review,whiskynotes.be,review_site,C:\Users\eltun\Documents\malt radar\data\output\tasting_note_snapshots\W001356_95.html,,,extracted,90,,,,,,,manual_review,false
W001481,j.p. wiser's alumni series larry robinson 6yo,https://www.whiskynotes.be/search/j.p.-wiser's-alumni-series-larry-robinson-6yo-tasting-notes-review,whiskynotes.be,review_site,C:\Users\eltun\Documents\malt radar\data\output\tasting_note_snapshots\W001481_96.html,,,extracted,95,,,,,,,manual_review,false
W001558,j.p. wiser's alumni series darryl sitter 10yo,https://www.whiskynotes.be/search/j.p.-wiser's-alumni-series-darryl-sitter-10yo-tasting-notes-review,whiskynotes.be,review_site,C:\Users\eltun\Documents\malt radar\data\output\tasting_note_snapshots\W001558_97.html,,,extracted,95,,,,,,,manual_review,false
W001667,smooth ambler old scout single barrel bourbon,https://www.whiskynotes.be/search/smooth-ambler-old-scout-single-barrel-bourbon-tasting-notes-review,whiskynotes.be,review_site,C:\Users\eltun\Documents\malt radar\data\output\tasting_note_snapshots\W001667_98.html,,,extracted,90,,,,,,,manual_review,false
W000180,deanston 2008 bordeaux red wine cask matured,https://www.whiskynotes.be/search/deanston-2008-bordeaux-red-wine-cask-matured-tasting-notes-review,whiskynotes.be,review_site,C:\Users\eltun\Documents\malt radar\data\output\tasting_note_snapshots\W000180_99.html,,,extracted,100,,,,,,,manual_review,false
W000424,mackmyra reserve single cask (various casks),https://www.whiskynotes.be/search/mackmyra-reserve-single-cask-(various-casks)-tasting-notes-review,whiskynotes.be,review_site,C:\Users\eltun\Documents\malt radar\data\output\tasting_note_snapshots\W000424_100.html,,,extracted,100,,,,,,,manual_review,false
W000561,westland american single malt (american oak),https://www.whiskynotes.be/search/westland-american-single-malt-(american-oak)-tasting-notes-review,whiskynotes.be,review_site,C:\Users\eltun\Documents\malt radar\data\output\tasting_note_snapshots\W000561_101.html,,,extracted,90,,,,,,,manual_review,false
W001512,shelter point artisanal cask strength whisky,https://www.whiskynotes.be/search/shelter-point-artisanal-cask-strength-whisky-tasting-notes-review,whiskynotes.be,review_site,C:\Users\eltun\Documents\malt radar\data\output\tasting_note_snapshots\W001512_104.html,,,extracted,90,,,,,,,manual_review,false
W000744,arran malt 12yo cask strength (all editions),https://www.whiskynotes.be/search/arran-malt-12yo-cask-strength-(all-editions)-tasting-notes-review,whiskynotes.be,review_site,C:\Users\eltun\Documents\malt radar\data\output\tasting_note_snapshots\W000744_105.html,,,extracted,95,,,,,,,manual_review,false
W000755,bruichladdich classic laddie scottish barley,https://www.whiskynotes.be/search/bruichladdich-classic-laddie-scottish-barley-tasting-notes-review,whiskynotes.be,review_site,C:\Users\eltun\Documents\malt radar\data\output\tasting_note_snapshots\W000755_106.html,,,extracted,90,,,,,,,manual_review,false
W001028,highland park 12yo viking honour (post-2017),https://www.whiskynotes.be/search/highland-park-12yo-viking-honour-(post-2017)-tasting-notes-review,whiskynotes.be,review_site,C:\Users\eltun\Documents\malt radar\data\output\tasting_note_snapshots\W001028_108.html,,,extracted,95,,,,,,,manual_review,false
W001118,lagavulin distiller's edition (all vintages),https://www.whiskynotes.be/search/lagavulin-distiller's-edition-(all-vintages)-tasting-notes-review,whiskynotes.be,review_site,C:\Users\eltun\Documents\malt radar\data\output\tasting_note_snapshots\W001118_109.html,,,extracted,90,,,,,,,manual_review,false
W001304,lohin mckinnon barley and rye lightly peated,https://www.whiskynotes.be/search/lohin-mckinnon-barley-and-rye-lightly-peated-tasting-notes-review,whiskynotes.be,review_site,C:\Users\eltun\Documents\malt radar\data\output\tasting_note_snapshots\W001304_110.html,,,extracted,90,,,,,,,manual_review,false
W001377,j.p. wiser's 23yo cask strength blend (2019),https://www.whiskynotes.be/search/j.p.-wiser's-23yo-cask-strength-blend-(2019)-tasting-notes-review,whiskynotes.be,review_site,C:\Users\eltun\Documents\malt radar\data\output\tasting_note_snapshots\W001377_111.html,,,extracted,95,,,,,,,manual_review,false
W001401,j.p. wiser's alumni series wendel clark 11yo,https://www.whiskynotes.be/search/j.p.-wiser's-alumni-series-wendel-clark-11yo-tasting-notes-review,whiskynotes.be,review_site,C:\Users\eltun\Documents\malt radar\data\output\tasting_note_snapshots\W001401_112.html,,,extracted,95,,,,,,,manual_review,false
W001420,j.p. wiser's alumni series mark messier 11yo,https://www.whiskynotes.be/search/j.p.-wiser's-alumni-series-mark-messier-11yo-tasting-notes-review,whiskynotes.be,review_site,C:\Users\eltun\Documents\malt radar\data\output\tasting_note_snapshots\W001420_113.html,,,extracted,95,,,,,,,manual_review,false
W000468,high coast (box) the 2nd step collection 02,https://www.whiskynotes.be/search/high-coast-(box)-the-2nd-step-collection-02-tasting-notes-review,whiskynotes.be,review_site,C:\Users\eltun\Documents\malt radar\data\output\tasting_note_snapshots\W000468_114.html,,,extracted,90,,,,,,,manual_review,false
W000698,high coast (box) the 2nd step collection 03,https://www.whiskynotes.be/search/high-coast-(box)-the-2nd-step-collection-03-tasting-notes-review,whiskynotes.be,review_site,C:\Users\eltun\Documents\malt radar\data\output\tasting_note_snapshots\W000698_115.html,,,extracted,90,,,,,,,manual_review,false
W001047,high coast (box) early days (batches 01/02),https://www.whiskynotes.be/search/high-coast-(box)-early-days-(batches-01/02)-tasting-notes-review,whiskynotes.be,review_site,C:\Users\eltun\Documents\malt radar\data\output\tasting_note_snapshots\W001047_116.html,,,extracted,90,,,,,,,manual_review,false
W001179,compass box peat monster 2015 cask strength,https://www.whiskynotes.be/search/compass-box-peat-monster-2015-cask-strength-tasting-notes-review,whiskynotes.be,review_site,C:\Users\eltun\Documents\malt radar\data\output\tasting_note_snapshots\W001179_117.html,,,extracted,90,,,,,,,manual_review,false
W001433,gooderham & worts 19yo 49 wellington (2019),https://www.whiskynotes.be/search/gooderham-&-worts-19yo-49-wellington-(2019)-tasting-notes-review,whiskynotes.be,review_site,C:\Users\eltun\Documents\malt radar\data\output\tasting_note_snapshots\W001433_118.html,,,extracted,95,,,,,,,manual_review,false
W001446,forty creek confederation oak (all batches),https://www.whiskynotes.be/search/forty-creek-confederation-oak-(all-batches)-tasting-notes-review,whiskynotes.be,review_site,C:\Users\eltun\Documents\malt radar\data\output\tasting_note_snapshots\W001446_119.html,,,extracted,90,,,,,,,manual_review,false
W001727,jack daniel's master distiller (all series),https://www.whiskynotes.be/search/jack-daniel's-master-distiller-(all-series)-tasting-notes-review,whiskynotes.be,review_site,C:\Users\eltun\Documents\malt radar\data\output\tasting_note_snapshots\W001727_120.html,,,extracted,90,,,,,,,manual_review,false
W000051,benriach 18yo albariza pedro ximenez peated,https://www.whiskynotes.be/search/benriach-18yo-albariza-pedro-ximenez-peated-tasting-notes-review,whiskynotes.be,review_site,C:\Users\eltun\Documents\malt radar\data\output\tasting_note_snapshots\W000051_121.html,,,extracted,95,,,,,,,manual_review,false
W001499,j.p. wiser's alumni series guy lafleur 10yo,https://www.whiskynotes.be/search/j.p.-wiser's-alumni-series-guy-lafleur-10yo-tasting-notes-review,whiskynotes.be,review_site,C:\Users\eltun\Documents\malt radar\data\output\tasting_note_snapshots\W001499_124.html,,,extracted,95,,,,,,,manual_review,false
W001501,knob creek small batch straight rye whiskey,https://www.whiskynotes.be/search/knob-creek-small-batch-straight-rye-whiskey-tasting-notes-review,whiskynotes.be,review_site,C:\Users\eltun\Documents\malt radar\data\output\tasting_note_snapshots\W001501_125.html,,,extracted,90,,,,,,,manual_review,false
W001784,evan williams bottled in bond (white label),https://www.whiskynotes.be/search/evan-williams-bottled-in-bond-(white-label)-tasting-notes-review,whiskynotes.be,review_site,C:\Users\eltun\Documents\malt radar\data\output\tasting_note_snapshots\W001784_126.html,,,extracted,90,,,,,,,manual_review,false
W000232,amrut bengal tiger px single cask (canada),https://www.whiskynotes.be/search/amrut-bengal-tiger-px-single-cask-(canada)-tasting-notes-review,whiskynotes.be,review_site,C:\Users\eltun\Documents\malt radar\data\output\tasting_note_snapshots\W000232_128.html,,,extracted,100,,,,,,,manual_review,false
W000860,shelter point artisanal single malt whisky,https://www.whiskynotes.be/search/shelter-point-artisanal-single-malt-whisky-tasting-notes-review,whiskynotes.be,review_site,C:\Users\eltun\Documents\malt radar\data\output\tasting_note_snapshots\W000860_129.html,,,extracted,90,,,,,,,manual_review,false
W000929,compass box flaming heart 2008 2nd edition,https://www.whiskynotes.be/search/compass-box-flaming-heart-2008-2nd-edition-tasting-notes-review,whiskynotes.be,review_site,C:\Users\eltun\Documents\malt radar\data\output\tasting_note_snapshots\W000929_130.html,,,extracted,90,,,,,,,manual_review,false
W000932,compass box flaming heart 2018 6th edition,https://www.whiskynotes.be/search/compass-box-flaming-heart-2018-6th-edition-tasting-notes-review,whiskynotes.be,review_site,C:\Users\eltun\Documents\malt radar\data\output\tasting_note_snapshots\W000932_131.html,,,extracted,90,,,,,,,manual_review,false
W000957,compass box flaming heart 2012 4th edition,https://www.whiskynotes.be/search/compass-box-flaming-heart-2012-4th-edition-tasting-notes-review,whiskynotes.be,review_site,C:\Users\eltun\Documents\malt radar\data\output\tasting_note_snapshots\W000957_132.html,,,extracted,90,,,,,,,manual_review,false
W001142,laphroaig 10yo cask strength (all batches),https://www.whiskynotes.be/search/laphroaig-10yo-cask-strength-(all-batches)-tasting-notes-review,whiskynotes.be,review_site,C:\Users\eltun\Documents\malt radar\data\output\tasting_note_snapshots\W001142_133.html,,,extracted,105,,,,,,,manual_review,false
W001813,jack daniel's no. 27 gold double barrelled,https://www.whiskynotes.be/search/jack-daniel's-no.-27-gold-double-barrelled-tasting-notes-review,whiskynotes.be,review_site,C:\Users\eltun\Documents\malt radar\data\output\tasting_note_snapshots\W001813_137.html,,,extracted,90,,,,,,,manual_review,false
W000335,glentauchers 1991 18yo (gordon & macphail),https://www.whiskynotes.be/search/glentauchers-1991-18yo-(gordon-&-macphail)-tasting-notes-review,whiskynotes.be,review_site,C:\Users\eltun\Documents\malt radar\data\output\tasting_note_snapshots\W000335_138.html,,,extracted,95,,,,,,,manual_review,false
W001126,bruichladdich octomore 10 (second edition),https://www.whiskynotes.be/search/bruichladdich-octomore-10-(second-edition)-tasting-notes-review,whiskynotes.be,review_site,C:\Users\eltun\Documents\malt radar\data\output\tasting_note_snapshots\W001126_139.html,,,extracted,95,,,,,,,manual_review,false
W001146,bruichladdich octomore 10 (fourth edition),https://www.whiskynotes.be/search/bruichladdich-octomore-10-(fourth-edition)-tasting-notes-review,whiskynotes.be,review_site,C:\Users\eltun\Documents\malt radar\data\output\tasting_note_snapshots\W001146_140.html,,,extracted,95,,,,,,,manual_review,false
W001545,j.p. wiser's alumni series paul coffey 7yo,https://www.whiskynotes.be/search/j.p.-wiser's-alumni-series-paul-coffey-7yo-tasting-notes-review,whiskynotes.be,review_site,C:\Users\eltun\Documents\malt radar\data\output\tasting_note_snapshots\W001545_141.html,,,extracted,95,,,,,,,manual_review,false
W001703,yellowstone limited edition (all vintages),https://www.whiskynotes.be/search/yellowstone-limited-edition-(all-vintages)-tasting-notes-review,whiskynotes.be,review_site,C:\Users\eltun\Documents\malt radar\data\output\tasting_note_snapshots\W001703_143.html,,,extracted,90,,,,,,,manual_review,false
W001730,russell's reserve small batch 10yo bourbon,https://www.whiskynotes.be/search/russell's-reserve-small-batch-10yo-bourbon-tasting-notes-review,whiskynotes.be,review_site,C:\Users\eltun\Documents\malt radar\data\output\tasting_note_snapshots\W001730_144.html,,,extracted,95,,,,,,,manual_review,false
W001760,ancient age 10yo kentucky straight bourbon,https://www.whiskynotes.be/search/ancient-age-10yo-kentucky-straight-bourbon-tasting-notes-review,whiskynotes.be,review_site,C:\Users\eltun\Documents\malt radar\data\output\tasting_note_snapshots\W001760_145.html,,,extracted,95,,,,,,,manual_review,false
W001822,heaven hill old syle bourbon (white label),https://www.whiskynotes.be/search/heaven-hill-old-syle-bourbon-(white-label)-tasting-notes-review,whiskynotes.be,review_site,C:\Users\eltun\Documents\malt radar\data\output\tasting_note_snapshots\W001822_146.html,,,extracted,90,,,,,,,manual_review,false
W000128,laphroaig cairdeas 2020 port & wine casks,https://www.whiskynotes.be/search/laphroaig-cairdeas-2020-port-&-wine-casks-tasting-notes-review,whiskynotes.be,review_site,C:\Users\eltun\Documents\malt radar\data\output\tasting_note_snapshots\W000128_147.html,,,extracted,100,,,,,,,manual_review,false
W000808,mackmyra the swedish whisky (brukswhisky),https://www.whiskynotes.be/search/mackmyra-the-swedish-whisky-(brukswhisky)-tasting-notes-review,whiskynotes.be,review_site,C:\Users\eltun\Documents\malt radar\data\output\tasting_note_snapshots\W000808_148.html,,,extracted,100,,,,,,,manual_review,false
W001393,wild turkey master's keep cornerstone rye,https://www.whiskynotes.be/search/wild-turkey-master's-keep-cornerstone-rye-tasting-notes-review,whiskynotes.be,review_site,C:\Users\eltun\Documents\malt radar\data\output\tasting_note_snapshots\W001393_149.html,,,extracted,90,,,,,,,manual_review,false
W000064,sheep dip old hebridean 1990 blended malt,https://www.whiskynotes.be/search/sheep-dip-old-hebridean-1990-blended-malt-tasting-notes-review,whiskynotes.be,review_site,C:\Users\eltun\Documents\malt radar\data\output\tasting_note_snapshots\W000064_150.html,,,extracted,90,,,,,,,manual_review,false
W000795,bruichladdich laddie classic (edition 01),https://www.whiskynotes.be/search/bruichladdich-laddie-classic-(edition-01)-tasting-notes-review,whiskynotes.be,review_site,C:\Users\eltun\Documents\malt radar\data\output\tasting_note_snapshots\W000795_152.html,,,extracted,90,,,,,,,manual_review,false
W000818,ichiro's malt mizunara wood reserve (mwr),https://www.whiskynotes.be/search/ichiro's-malt-mizunara-wood-reserve-(mwr)-tasting-notes-review,whiskynotes.be,review_site,C:\Users\eltun\Documents\malt radar\data\output\tasting_note_snapshots\W000818_153.html,,,extracted,90,,,,,,,manual_review,false
W001096,bruichladdich octomore 10 (third edition),https://www.whiskynotes.be/search/bruichladdich-octomore-10-(third-edition)-tasting-notes-review,whiskynotes.be,review_site,C:\Users\eltun\Documents\malt radar\data\output\tasting_note_snapshots\W001096_154.html,,,extracted,95,,,,,,,manual_review,false
W001378,smooth ambler old scout single barrel rye,https://www.whiskynotes.be/search/smooth-ambler-old-scout-single-barrel-rye-tasting-notes-review,whiskynotes.be,review_site,C:\Users\eltun\Documents\malt radar\data\output\tasting_note_snapshots\W001378_155.html,,,extracted,90,,,,,,,manual_review,false
W001427,j.p. wiser's alumni series dave keon 14yo,https://www.whiskynotes.be/search/j.p.-wiser's-alumni-series-dave-keon-14yo-tasting-notes-review,whiskynotes.be,review_site,C:\Users\eltun\Documents\malt radar\data\output\tasting_note_snapshots\W001427_156.html,,,extracted,95,,,,,,,manual_review,false
W001428,lot 40 cask strength third edition (2019),https://www.whiskynotes.be/search/lot-40-cask-strength-third-edition-(2019)-tasting-notes-review,whiskynotes.be,review_site,C:\Users\eltun\Documents\malt radar\data\output\tasting_note_snapshots\W001428_157.html,,,extracted,90,,,,,,,manual_review,false
W001549,crown royal bourbon mash (blender's mash),https://www.whiskynotes.be/search/crown-royal-bourbon-mash-(blender's-mash)-tasting-notes-review,whiskynotes.be,review_site,C:\Users\eltun\Documents\malt radar\data\output\tasting_note_snapshots\W001549_159.html,,,extracted,90,,,,,,,manual_review,false
W000188,high coast (box) dalvve sherry influence,https://www.whiskynotes.be/search/high-coast-(box)-dalvve-sherry-influence-tasting-notes-review,whiskynotes.be,review_site,C:\Users\eltun\Documents\malt radar\data\output\tasting_note_snapshots\W000188_160.html,,,extracted,90,,,,,,,manual_review,false
W000504,shelter point french oak double barreled,https://www.whiskynotes.be/search/shelter-point-french-oak-double-barreled-tasting-notes-review,whiskynotes.be,review_site,C:\Users\eltun\Documents\malt radar\data\output\tasting_note_snapshots\W000504_161.html,,,extracted,90,,,,,,,manual_review,false
W000704,compass box double single (all editions),https://www.whiskynotes.be/search/compass-box-double-single-(all-editions)-tasting-notes-review,whiskynotes.be,review_site,C:\Users\eltun\Documents\malt radar\data\output\tasting_note_snapshots\W000704_162.html,,,extracted,90,,,,,,,manual_review,false
W000939,compass box flaming heart (all editions),https://www.whiskynotes.be/search/compass-box-flaming-heart-(all-editions)-tasting-notes-review,whiskynotes.be,review_site,C:\Users\eltun\Documents\malt radar\data\output\tasting_note_snapshots\W000939_163.html,,,extracted,90,,,,,,,manual_review,false
W001404,high west rendezvous rye (all bottlings),https://www.whiskynotes.be/search/high-west-rendezvous-rye-(all-bottlings)-tasting-notes-review,whiskynotes.be,review_site,C:\Users\eltun\Documents\malt radar\data\output\tasting_note_snapshots\W001404_164.html,,,extracted,90,,,,,,,manual_review,false
W001530,forty creek three grain 20th anniversary,https://www.whiskynotes.be/search/forty-creek-three-grain-20th-anniversary-tasting-notes-review,whiskynotes.be,review_site,C:\Users\eltun\Documents\malt radar\data\output\tasting_note_snapshots\W001530_165.html,,,extracted,90,,,,,,,manual_review,false
W001627,willett family estate bourbon (all ages),https://www.whiskynotes.be/search/willett-family-estate-bourbon-(all-ages)-tasting-notes-review,whiskynotes.be,review_site,C:\Users\eltun\Documents\malt radar\data\output\tasting_note_snapshots\W001627_166.html,,,extracted,90,,,,,,,manual_review,false
W000074,benromach 10yo cask strength (100 proof),https://www.whiskynotes.be/search/benromach-10yo-cask-strength-(100-proof)-tasting-notes-review,whiskynotes.be,review_site,C:\Users\eltun\Documents\malt radar\data\output\tasting_note_snapshots\W000074_167.html,,,extracted,95,,,,,,,manual_review,false
W000435,glenlivet nadurra first fill (white oak),https://www.whiskynotes.be/search/glenlivet-nadurra-first-fill-(white-oak)-tasting-notes-review,whiskynotes.be,review_site,C:\Users\eltun\Documents\malt radar\data\output\tasting_note_snapshots\W000435_168.html,,,extracted,90,,,,,,,manual_review,false
W000540,bruichladdich the organic (all editions),https://www.whiskynotes.be/search/bruichladdich-the-organic-(all-editions)-tasting-notes-review,whiskynotes.be,review_site,C:\Users\eltun\Documents\malt radar\data\output\tasting_note_snapshots\W000540_170.html,,,extracted,90,,,,,,,manual_review,false
W000725,two brewers cask strength (all releases),https://www.whiskynotes.be/search/two-brewers-cask-strength-(all-releases)-tasting-notes-review,whiskynotes.be,review_site,C:\Users\eltun\Documents\malt radar\data\output\tasting_note_snapshots\W000725_171.html,,,extracted,90,,,,,,,manual_review,false
W001032,dun bheagan islay (all vintage editions),https://www.whiskynotes.be/search/dun-bheagan-islay-(all-vintage-editions)-tasting-notes-review,whiskynotes.be,review_site,C:\Users\eltun\Documents\malt radar\data\output\tasting_note_snapshots\W001032_173.html,,,extracted,90,,,,,,,manual_review,false
W001306,the irishman original clan irish whiskey,https://www.whiskynotes.be/search/the-irishman-original-clan-irish-whiskey-tasting-notes-review,whiskynotes.be,review_site,C:\Users\eltun\Documents\malt radar\data\output\tasting_note_snapshots\W001306_174.html,,,extracted,90,,,,,,,manual_review,false
W001554,canadian club classic 12yo (small batch),https://www.whiskynotes.be/search/canadian-club-classic-12yo-(small-batch)-tasting-notes-review,whiskynotes.be,review_site,C:\Users\eltun\Documents\malt radar\data\output\tasting_note_snapshots\W001554_175.html,,,extracted,95,,,,,,,manual_review,false
W001706,blanton's gold kentucky straight bourbon,https://www.whiskynotes.be/search/blanton's-gold-kentucky-straight-bourbon-tasting-notes-review,whiskynotes.be,review_site,C:\Users\eltun\Documents\malt radar\data\output\tasting_note_snapshots\W001706_178.html,,,extracted,90,,,,,,,manual_review,false
W001770,old fitzgerald kentucky straight bourbon,https://www.whiskynotes.be/search/old-fitzgerald-kentucky-straight-bourbon-tasting-notes-review,whiskynotes.be,review_site,C:\Users\eltun\Documents\malt radar\data\output\tasting_note_snapshots\W001770_179.html,,,extracted,90,,,,,,,manual_review,false
W001815,smooth ambler old scout yearling bourbon,https://www.whiskynotes.be/search/smooth-ambler-old-scout-yearling-bourbon-tasting-notes-review,whiskynotes.be,review_site,C:\Users\eltun\Documents\malt radar\data\output\tasting_note_snapshots\W001815_180.html,,,extracted,90,,,,,,,manual_review,false
W000085,amrut px sherry single cask 2696 (lcbo),https://www.whiskynotes.be/search/amrut-px-sherry-single-cask-2696-(lcbo)-tasting-notes-review,whiskynotes.be,review_site,C:\Users\eltun\Documents\malt radar\data\output\tasting_note_snapshots\W000085_181.html,,,extracted,100,,,,,,,manual_review,false
W000162,amrut px sherry single cask (all casks),https://www.whiskynotes.be/search/amrut-px-sherry-single-cask-(all-casks)-tasting-notes-review,whiskynotes.be,review_site,C:\Users\eltun\Documents\malt radar\data\output\tasting_note_snapshots\W000162_182.html,,,extracted,100,,,,,,,manual_review,false
W000219,bowmore 10yo devil's cask (all batches),https://www.whiskynotes.be/search/bowmore-10yo-devil's-cask-(all-batches)-tasting-notes-review,whiskynotes.be,review_site,C:\Users\eltun\Documents\malt radar\data\output\tasting_note_snapshots\W000219_183.html,,,extracted,105,,,,,,,manual_review,false
W000722,glenmorangie spios private edition no 9,https://www.whiskynotes.be/search/glenmorangie-spios-private-edition-no-9-tasting-notes-review,whiskynotes.be,review_site,C:\Users\eltun\Documents\malt radar\data\output\tasting_note_snapshots\W000722_184.html,,,extracted,100,,,,,,,manual_review,false
W000768,ichiro's malt chichibu the floor malted,https://www.whiskynotes.be/search/ichiro's-malt-chichibu-the-floor-malted-tasting-notes-review,whiskynotes.be,review_site,C:\Users\eltun\Documents\malt radar\data\output\tasting_note_snapshots\W000768_185.html,,,extracted,90,,,,,,,manual_review,false
W000971,spirit of hven seven stars no. 5 alioth,https://www.whiskynotes.be/search/spirit-of-hven-seven-stars-no.-5-alioth-tasting-notes-review,whiskynotes.be,review_site,C:\Users\eltun\Documents\malt radar\data\output\tasting_note_snapshots\W000971_186.html,,,extracted,90,,,,,,,manual_review,false
W001055,spirit of hven seven stars no. 3 phecda,https://www.whiskynotes.be/search/spirit-of-hven-seven-stars-no.-3-phecda-tasting-notes-review,whiskynotes.be,review_site,C:\Users\eltun\Documents\malt radar\data\output\tasting_note_snapshots\W001055_187.html,,,extracted,90,,,,,,,manual_review,false
W001190,compass box peat monster (all editions),https://www.whiskynotes.be/search/compass-box-peat-monster-(all-editions)-tasting-notes-review,whiskynotes.be,review_site,C:\Users\eltun\Documents\malt radar\data\output\tasting_note_snapshots\W001190_188.html,,,extracted,90,,,,,,,manual_review,false
W001424,forty creek port wood reserve 2011/2012,https://www.whiskynotes.be/search/forty-creek-port-wood-reserve-2011/2012-tasting-notes-review,whiskynotes.be,review_site,C:\Users\eltun\Documents\malt radar\data\output\tasting_note_snapshots\W001424_190.html,,,extracted,90,,,,,,,manual_review,false
W000082,bladnoch 12yo sherry cask (sheep label),https://www.whiskynotes.be/search/bladnoch-12yo-sherry-cask-(sheep-label)-tasting-notes-review,whiskynotes.be,review_site,C:\Users\eltun\Documents\malt radar\data\output\tasting_note_snapshots\W000082_191.html,,,extracted,95,,,,,,,manual_review,false
W000133,glen garioch 17yo renaissance chapter 3,https://www.whiskynotes.be/search/glen-garioch-17yo-renaissance-chapter-3-tasting-notes-review,whiskynotes.be,review_site,C:\Users\eltun\Documents\malt radar\data\output\tasting_note_snapshots\W000133_192.html,,,extracted,95,,,,,,,manual_review,false
W000135,glendronach cask strength (all batches),https://www.whiskynotes.be/search/glendronach-cask-strength-(all-batches)-tasting-notes-review,whiskynotes.be,review_site,C:\Users\eltun\Documents\malt radar\data\output\tasting_note_snapshots\W000135_193.html,,,extracted,90,,,,,,,manual_review,false
W000186,glen garioch 15yo renaissance chapter 1,https://www.whiskynotes.be/search/glen-garioch-15yo-renaissance-chapter-1-tasting-notes-review,whiskynotes.be,review_site,C:\Users\eltun\Documents\malt radar\data\output\tasting_note_snapshots\W000186_196.html,,,extracted,95,,,,,,,manual_review,false
