dedupe_hash,whisky_name_raw,distillery,source_score,review_year,review_date,matched_whisky_id,matched_whisky_name,matched_distillery,name_match_score,distillery_match,conflict_flags,decision,decision_reason,tuned_decision,internal_audit_only,internal_source_url,quality_flags,quality_decision
256e97f69edbaf6d9c079c37d5ebb62b8ed7b2ff88b47b3d6deccab93c7952fc,"Glengoyne 'The Teapot Dram' (58.8%, OB, 3105 bottles, 2011)",Glengoyne,84,2012,2012-01-20,W000173,glengoyne teapot dram (all batches),Glengoyne,100.0,True,,REVIEW_PRODUCT_FEATURE,moderate score or explicit distillery identity,KEEP_PRODUCT_FEATURE_CANDIDATE,True,https://www.whiskyfun.com/archivejanuary12-2.html,matched_release_term_not_in_raw,MANUAL_REVIEW_REQUIRED
9e92f7a5dc5d7d6f9055df2f0f91cee569fdce774886d7797a34e70235aa260b,"Talisker 10 yo (45.8%, OB, +/-2012)",Talisker,90,2012,2012-05-02,W000976,talisker 10yo,Talisker,96.3,True,,REVIEW_PRODUCT_FEATURE,moderate score or explicit distillery identity,KEEP_PRODUCT_FEATURE_CANDIDATE,True,https://www.whiskyfun.com/archivemay12-1.html,,QUALITY_KEEP_CANDIDATE
674574ee4767d5dfec747a68c4b677420a7cd0b3a6b5b75cb2604c9801b43316,"Bowmore 10 yo ‘Tempest’ (55.1%, OB, first fill bourbon, batch #4, 2012)",Bowmore,86,2012,2012-10-01,W000981,bowmore 10yo tempest,Bowmore,97.6,True,,REVIEW_PRODUCT_FEATURE,moderate score or explicit distillery identity,KEEP_PRODUCT_FEATURE_CANDIDATE,True,https://www.whiskyfun.com/archiveoctober12-1.html,raw_cask_term_missing_in_match|release_term_mismatch|batch_missing_in_match,MANUAL_REVIEW_REQUIRED
c4d6d5256f4da19fef858806b9b8096d8f47063cfefbb64a64b6cf1268b678a4,"Aberlour 16 yo 'Double Cask Matured' (43%, OB, traditional oak / sherry, +/- 2011)",Aberlour,83,2012,2012-10-29,W000265,aberlour 16yo double cask matured,Aberlour,98.5,True,,REVIEW_PRODUCT_FEATURE,moderate score or explicit distillery identity,KEEP_PRODUCT_FEATURE_CANDIDATE,True,https://www.whiskyfun.com/archiveoctober12-2.html,raw_cask_term_missing_in_match,MANUAL_REVIEW_REQUIRED
a69ba8c1655bf6e26b800baa44be191f8f66700922f68651ef095ecc61d85143,"Glengoyne 10 yo (40%, OB, 'Pure Malt', +/-1985)",Glengoyne,77,2012,2012-11-13,W000833,glengoyne 10yo,Glengoyne,96.6,True,,REVIEW_PRODUCT_FEATURE,moderate score or explicit distillery identity,KEEP_PRODUCT_FEATURE_CANDIDATE,True,https://www.whiskyfun.com/archivenovember12-1.html,,QUALITY_KEEP_CANDIDATE
93dc669197e20099fee27eb198d642800ef1223ec67f2874576ebe93c9613085,"Glenmorangie 10 yo (43%, OB for Isolabella, Italy, +/-1975)",Glenmorangie,80,2012,2012-11-04,W000804,glenmorangie 10yo,Glenmorangie,97.1,True,,REVIEW_PRODUCT_FEATURE,moderate score or explicit distillery identity,KEEP_PRODUCT_FEATURE_CANDIDATE,True,https://www.whiskyfun.com/archivenovember12-1.html,,QUALITY_KEEP_CANDIDATE
8e8ab1f65d4d4008245f45f5a8d02589c13eea6c88eb57df13ede92800f35a48,"Glenfiddich 19 yo 'Age of Discovery' (40%, OB, Bourbon, 2012)",Glenfiddich,85,2012,2012-12-02,W000323,glenfiddich 19yo age of discovery (madeira cask),Glenfiddich,98.5,True,,REVIEW_PRODUCT_FEATURE,moderate score or explicit distillery identity,KEEP_PRODUCT_FEATURE_CANDIDATE,True,https://www.whiskyfun.com/archivedecember12-1.html,cask_term_mismatch|age_of_discovery_cask_mismatch,MANUAL_REVIEW_REQUIRED
c85d1100fbed3429fba1f30ca51d9eb865bfe12a1e497d3fc3a1691688e4f81f,"Deanston 12 yo (46.3%, OB, +/- 2012)",Deanston,81,2013,2013-01-06,W000631,deanston 12yo,Deanston,96.3,True,,REVIEW_PRODUCT_FEATURE,moderate score or explicit distillery identity,KEEP_PRODUCT_FEATURE_CANDIDATE,True,https://www.whiskyfun.com/archivejanuary13-1.html,,QUALITY_KEEP_CANDIDATE
328eca48134fe3c82b67fb230fca0f04f37782280b2566f5d5f02fbf1091c58b,"Talisker 'Storm' (45.8%, OB, 2013)",Talisker,88,2013,2013-02-22,W001024,talisker dark storm,Talisker,100.0,True,,REVIEW_PRODUCT_FEATURE,moderate score or explicit distillery identity,KEEP_PRODUCT_FEATURE_CANDIDATE,True,https://www.whiskyfun.com/archivefebruary13-2.html,release_term_mismatch|storm_dark_storm_mismatch,MANUAL_REVIEW_REQUIRED
9646345c3522054dcd3f22aed05244a376272a5fa6cc16f931b3fab19414fcfa,"Glengoyne 'Cask Strength' (58.7%, OB, +/-2013)",Glengoyne,89,2013,2013-03-11,W000121,glengoyne cask strength (batch 7),Glengoyne,100.0,True,,REVIEW_PRODUCT_FEATURE,moderate score or explicit distillery identity,KEEP_PRODUCT_FEATURE_CANDIDATE,True,https://www.whiskyfun.com/archivemarch13-1.html,release_term_mismatch,MANUAL_REVIEW_REQUIRED
d03eef0d75d9538ddbcbc3ae8ac51da5b2f3e8bc46416ad8b8054715f5c1c163,"Aberlour 'A'bunadh' Batch #39 (59.8%, OB, 2012)",Aberlour,88,2013,2013-04-03,W000001,aberlour a'bunadh,Aberlour,100.0,True,,REVIEW_PRODUCT_FEATURE,moderate score or explicit distillery identity,KEEP_PRODUCT_FEATURE_CANDIDATE,True,https://www.whiskyfun.com/archiveapril13-1.html,raw_release_term_missing_in_match|batch_missing_in_match,MANUAL_REVIEW_REQUIRED
8e8b92b15174fe50399e14f403713b94b4c7000d37f676c3462ee8887a1781b7,"Glengoyne 12 yo (43%, OB, +/-2012)",Glengoyne,84,2013,2013-04-29,W000317,glengoyne 12yo,Glengoyne,96.6,True,,REVIEW_PRODUCT_FEATURE,moderate score or explicit distillery identity,KEEP_PRODUCT_FEATURE_CANDIDATE,True,https://www.whiskyfun.com/archiveapril13-2.html,,QUALITY_KEEP_CANDIDATE
9dbe6fedd95f432d3f471aefa76491116e864f840ea6d4edc472f6cccebb9640,"Talisker 'Port Ruighe' (45.8%, OB, 2013)",Talisker,70,2013,2013-04-20,W000303,talisker port ruighe,Talisker,100.0,True,,REVIEW_PRODUCT_FEATURE,moderate score or explicit distillery identity,KEEP_PRODUCT_FEATURE_CANDIDATE,True,https://www.whiskyfun.com/archiveapril13-2.html,,QUALITY_KEEP_CANDIDATE
eacca21f000d5e3b5c4616ed7fa46aa7acc6efa0850df1d1b62338f3ab0085af,"Glen Scotia 18 yo (46%, OB, +/-2013)",Glen Scotia,72,2013,2013-04-18,W000798,glen scotia 18yo,Glen Scotia,97.0,True,,REVIEW_PRODUCT_FEATURE,moderate score or explicit distillery identity,KEEP_PRODUCT_FEATURE_CANDIDATE,True,https://www.whiskyfun.com/archiveapril13-2.html,,QUALITY_KEEP_CANDIDATE
75d994d29b944be560c5cf6239347cccee9f2e43675fa9bbbfd7301d3982c46c,"Glengoyne 21 yo (43%, OB, +/-2013)",Glengoyne,84,2013,2013-05-27,W000118,glengoyne 21yo,Glengoyne,96.6,True,,REVIEW_PRODUCT_FEATURE,moderate score or explicit distillery identity,KEEP_PRODUCT_FEATURE_CANDIDATE,True,https://www.whiskyfun.com/archivemay13-2.html,,QUALITY_KEEP_CANDIDATE
f8029065d0fde296ea727e72f0186ebab4c20f712d8d21200699a85b851cc09e,"Talisker 'Dark Storm' (45.8%, OB, travel retail exclusive, 2013)",Talisker,86,2013,2013-07-18,W001024,talisker dark storm,Talisker,100.0,True,,REVIEW_PRODUCT_FEATURE,moderate score or explicit distillery identity,KEEP_PRODUCT_FEATURE_CANDIDATE,True,https://www.whiskyfun.com/archivejuly13-2.html,storm_dark_storm_mismatch,MANUAL_REVIEW_REQUIRED
6ad8103d95fcf18784e3da799940ae69ad9b9dc88fbcbe4c5e59ad8704d95bc9,"Laphroaig 'QA Cask' (40%, OB, travel retail, 100cl, 2013)",Laphroaig,74,2013,2013-10-14,W001224,laphroaig qa cask,Laphroaig,100.0,True,,REVIEW_PRODUCT_FEATURE,moderate score or explicit distillery identity,KEEP_PRODUCT_FEATURE_CANDIDATE,True,https://www.whiskyfun.com/archiveoctober13-1.html,,QUALITY_KEEP_CANDIDATE
aeb2c48e12ac39b68a14e33af08110d0b9400720762896380bafb0aa5fbaa763,"Auchentoshan 'Virgin Oak' (46%, OB, 2013)",Auchentoshan,71,2013,2013-10-10,W000857,auchentoshan virgin oak,Auchentoshan,100.0,True,,REVIEW_PRODUCT_FEATURE,moderate score or explicit distillery identity,KEEP_PRODUCT_FEATURE_CANDIDATE,True,https://www.whiskyfun.com/archiveoctober13-1.html,,QUALITY_KEEP_CANDIDATE
80788bcc27a6a91e0c14517947536a71b49a1ec66a0b09d89eb87a4bbec89c73,"Glen Grant 'Five Decades' (46%, OB, +/-2013)",Glen Grant,85,2013,2013-10-22,W000467,glen grant five decades,Glen Grant,100.0,True,,REVIEW_PRODUCT_FEATURE,moderate score or explicit distillery identity,KEEP_PRODUCT_FEATURE_CANDIDATE,True,https://www.whiskyfun.com/archiveoctober13-2.html,,QUALITY_KEEP_CANDIDATE
eaac62cfb9cc64259f2fbbb36d2be4367336c7dc66dc45f26626f0de2685e9d5,"Laphroaig 'An Cuan Mor' (48%, OB, travel retail, 2013)",Laphroaig,85,2014,2014-01-07,W001166,laphroaig an cuan mor,Laphroaig,100.0,True,,REVIEW_PRODUCT_FEATURE,moderate score or explicit distillery identity,KEEP_PRODUCT_FEATURE_CANDIDATE,True,https://www.whiskyfun.com/archivejanuary14-1.html,,QUALITY_KEEP_CANDIDATE
4967bea0fd55f517cf00c8a18f7b6cedd54300f030e4563519b7a2e71666c7d5,"Bowmore 'Legend' (40%, OB, 2013)",Bowmore,77,2014,2014-01-23,W001090,bowmore legend,Bowmore,100.0,True,,REVIEW_PRODUCT_FEATURE,moderate score or explicit distillery identity,KEEP_PRODUCT_FEATURE_CANDIDATE,True,https://www.whiskyfun.com/archivejanuary14-2.html,,QUALITY_KEEP_CANDIDATE
04af6ed454507ffa34b4fe1eb209f109ad7d8667c209dd7bf4e40443c72d7038,"Glenmorangie 'Companta' (46%, OB, 2014)",Glenmorangie,86,2014,2014-01-16,W000160,glenmorangie companta,Glenmorangie,100.0,True,,REVIEW_PRODUCT_FEATURE,moderate score or explicit distillery identity,KEEP_PRODUCT_FEATURE_CANDIDATE,True,https://www.whiskyfun.com/archivejanuary14-2.html,,QUALITY_KEEP_CANDIDATE
f4de22bf7ef9cf24b2b3a0b49b2538653ee1d71ff5480e58a3a114e085f08bce,"Laphroaig 'Select' (40%, OB, 2014)",Laphroaig,70,2014,2014-05-20,W000368,laphroaig select,Laphroaig,100.0,True,,REVIEW_PRODUCT_FEATURE,moderate score or explicit distillery identity,KEEP_PRODUCT_FEATURE_CANDIDATE,True,https://www.whiskyfun.com/archivemay14-2-Glendronach-Ardbeg-Caperdonich-Imperial-Tomintoul-Dalmore.html,,QUALITY_KEEP_CANDIDATE
c2248a711c4b74ce76b215cf6e540bdbf7491bd86087e1e1d30107520c71911e,"Bowmore 'Small Batch' (40%, OB, +/-2014)",Bowmore,87,2014,2014-06-03,W001079,bowmore small batch,Bowmore,100.0,True,,REVIEW_PRODUCT_FEATURE,moderate score or explicit distillery identity,KEEP_PRODUCT_FEATURE_CANDIDATE,True,https://www.whiskyfun.com/archivejune14-1-Clynelish-Fettercairn-Pappy-Johnnie-Walker-Port-Ellen.html,,QUALITY_KEEP_CANDIDATE
71ae8d9dcfc09df642b495649975642af536b3c7c271cf8bbdc6dad593614a56,"Aberlour 'A'bunadh' Batch #45 (60.28%, OB, 2013)",Aberlour,87,2014,2014-07-02,W000001,aberlour a'bunadh,Aberlour,100.0,True,,REVIEW_PRODUCT_FEATURE,moderate score or explicit distillery identity,KEEP_PRODUCT_FEATURE_CANDIDATE,True,https://www.whiskyfun.com/archivejuly14-1-Calvados-Jura-Arran-Benriach-Clynelish-Aberlour.html,raw_release_term_missing_in_match|batch_missing_in_match,MANUAL_REVIEW_REQUIRED
6fc5a925a9178306bd83fdc92f6779839720fd47b9d8751334fb90c54f1df98a,"Glenfiddich 26 yo 'Excellence' (43%, OB, 2014)",Glenfiddich,78,2014,2014-10-09,W000734,glenfiddich 26yo excellence,Glenfiddich,98.2,True,,REVIEW_PRODUCT_FEATURE,moderate score or explicit distillery identity,KEEP_PRODUCT_FEATURE_CANDIDATE,True,https://www.whiskyfun.com/archiveoctober14-1-Nikka-Craigellachie-Hanyu-Rosebank-Glenfiddich-Balvenie.html,,QUALITY_KEEP_CANDIDATE
6b3a8782c71dd94a6a4cd255de2d9767320edc2b3293030b0de6fa7ab0dc3846,"Glengoyne 'Cask Strength Batch 002' (58.9%, OB, 2014)",Glengoyne,87,2014,2014-11-13,W000121,glengoyne cask strength (batch 7),Glengoyne,100.0,True,,REVIEW_PRODUCT_FEATURE,moderate score or explicit distillery identity,KEEP_PRODUCT_FEATURE_CANDIDATE,True,https://www.whiskyfun.com/archivenovember14-1-Glengoyne-Inchgower-Courvoisier-Glenfiddich-Springbank.html,,QUALITY_KEEP_CANDIDATE
e828f15d7c2044a9de21760842c00ab9ab6c7d0292bd356a9a6df5197529a11d,"Bowmore 15 yo 'Darkest' (43%, OB, +/-2014)",Bowmore,84,2014,2014-11-27,W000293,bowmore 15yo darkest,Bowmore,97.6,True,,REVIEW_PRODUCT_FEATURE,moderate score or explicit distillery identity,KEEP_PRODUCT_FEATURE_CANDIDATE,True,https://www.whiskyfun.com/archivenovember14-2-Bowmore-Yamazaki-Arran-Bruichladdich-Talisker.html,,QUALITY_KEEP_CANDIDATE
b2747a59a561ee3bb50788606ccc74284cec36cadc170e456a6db39386aa3d82,"Talisker 10 yo (45.8%, OB, +/-2014)",Talisker,88,2014,2014-11-18,W000976,talisker 10yo,Talisker,96.3,True,,REVIEW_PRODUCT_FEATURE,moderate score or explicit distillery identity,KEEP_PRODUCT_FEATURE_CANDIDATE,True,https://www.whiskyfun.com/archivenovember14-2-Bowmore-Yamazaki-Arran-Bruichladdich-Talisker.html,,QUALITY_KEEP_CANDIDATE
46505aea0ccb30255a585270756aa63e2bbc38dabeb20bd843fc7c58ac8089ba,"Bowmore 15 yo ‘Laimrig’ (54.1%, OB, 2014)",Bowmore,87,2014,2014-12-05,W000090,bowmore 15yo laimrig,Bowmore,97.6,True,,REVIEW_PRODUCT_FEATURE,moderate score or explicit distillery identity,KEEP_PRODUCT_FEATURE_CANDIDATE,True,https://www.whiskyfun.com/archivedecember14-1-Bowmore-Ardbeg-Armagnac-Linkwood-Cragganmore-Glen-Elgin.html,,QUALITY_KEEP_CANDIDATE
d80a1972b87e8a839d1b1c0b96f189925764a273837f501c7c0f09219d606258,"Bowmore 10 yo 'Tempest' (55.9%, OB, Batch #5, 2014)",Bowmore,83,2014,2014-12-03,W000981,bowmore 10yo tempest,Bowmore,97.6,True,,REVIEW_PRODUCT_FEATURE,moderate score or explicit distillery identity,KEEP_PRODUCT_FEATURE_CANDIDATE,True,https://www.whiskyfun.com/archivedecember14-1-Bowmore-Ardbeg-Armagnac-Linkwood-Cragganmore-Glen-Elgin.html,release_term_mismatch|batch_missing_in_match,MANUAL_REVIEW_REQUIRED
4275133bacef2f96f5e5a204634b9a2d0fdb1238980b59bf8d57359fdf6a6f1d,"Bowmore 18 yo (43%, OB, Sherriff’s, pear shape, +/-1969)",Bowmore,93,2015,2015-02-06,W001038,bowmore 18yo,Bowmore,96.0,True,,REVIEW_PRODUCT_FEATURE,moderate score or explicit distillery identity,KEEP_PRODUCT_FEATURE_CANDIDATE,True,https://www.whiskyfun.com/archivefebruary15-1-Ardbeg-Laphroaig-Caol-Ila-Lagavulin-Bowmore-Bunnahabhain.html,,QUALITY_KEEP_CANDIDATE
941aba72f600b5c923aba6de59a11ed788736312ce87c2cdd8a58158a33044a0,"Glenfiddich ‘Select Cask' (40%, OB, Cask Collection, travel retail, +/-2014)",Glenfiddich,77,2015,2015-04-09,W000647,glenfiddich select cask,Glenfiddich,100.0,True,,REVIEW_PRODUCT_FEATURE,moderate score or explicit distillery identity,KEEP_PRODUCT_FEATURE_CANDIDATE,True,https://www.whiskyfun.com/archiveapril15-1-Kavalan-Springbank-Glenfiddich-Longrow-Littlemill.html,,QUALITY_KEEP_CANDIDATE
67313fd7cd43a1cabb5a1e37d7a201cdebb8850d169ccfa6da976c6d72d3dc87,"Glenmorangie 'Tusail' (46%, OB, +/-2015)",Glenmorangie,87,2015,2015-05-11,W000723,glenmorangie tusail,Glenmorangie,100.0,True,,REVIEW_PRODUCT_FEATURE,moderate score or explicit distillery identity,KEEP_PRODUCT_FEATURE_CANDIDATE,True,https://www.whiskyfun.com/archivemay15-1-Glenturret-Auchentoshan-Glenmorangie-Tomatin.html,,QUALITY_KEEP_CANDIDATE
ec64f8782af7f2d18e050fceb6bb804ec567f40aa1c7b8f8511c82f605018cdd,"Talisker 'Storm' (45.8%, OB, +/-2014)",Talisker,87,2015,2015-05-15,W001024,talisker dark storm,Talisker,100.0,True,,REVIEW_PRODUCT_FEATURE,moderate score or explicit distillery identity,KEEP_PRODUCT_FEATURE_CANDIDATE,True,https://www.whiskyfun.com/archivemay15-2-Aultmore-Speyburn-Glenlivet-Laphroaig-Talisker.html,release_term_mismatch|storm_dark_storm_mismatch,MANUAL_REVIEW_REQUIRED
278dfce5f82fa25fc761ff52c6506fac54f803475363c0a0c2d9dc8940b1878d,"Bowmore 'Black Rock' (40%, OB, travel retail, +/-2015)",Bowmore,80,2015,2015-06-08,W000390,bowmore black rock,Bowmore,100.0,True,,REVIEW_PRODUCT_FEATURE,moderate score or explicit distillery identity,KEEP_PRODUCT_FEATURE_CANDIDATE,True,https://www.whiskyfun.com/archivejune15-1-Amrut-Bowmore-Macallan-Glendronach-Ardbeg.html,,QUALITY_KEEP_CANDIDATE
1803c692fe2edd48a2979e78407aee546d10e631e25647247c99e9230f86c976,"Aberlour 'A'bunadh' batch #47 (60.7%, OB, 2014)",Aberlour,89,2015,2015-06-18,W000001,aberlour a'bunadh,Aberlour,100.0,True,,REVIEW_PRODUCT_FEATURE,moderate score or explicit distillery identity,KEEP_PRODUCT_FEATURE_CANDIDATE,True,https://www.whiskyfun.com/archivejune15-2-Balmenach-Glen-Garioch-Aberlour-Octomore-Jura.html,raw_release_term_missing_in_match|batch_missing_in_match,MANUAL_REVIEW_REQUIRED
3cd4fd7aaddb5cf2ff900bf2e8cd3c2b99627c5435233b1c70d978a8e76ecd86,"Glenfiddich 'Reserve Cask' (40%, OB, travel retail, 1l, +/-2015)",Glenfiddich,76,2015,2015-07-30,W000372,glenfiddich reserve cask,Glenfiddich,100.0,True,,REVIEW_PRODUCT_FEATURE,moderate score or explicit distillery identity,KEEP_PRODUCT_FEATURE_CANDIDATE,True,https://www.whiskyfun.com/archivejuly15-2-Auchentoshan-Dalmore-Bunnahabhain-Glendronach-Ardbeg.html,,QUALITY_KEEP_CANDIDATE
7c2fa48c5752579d44e19b73a1790995a711f8f72b77796858c876811e577f47,"Laphroaig 10 yo (40%, OB, +/-2014)",Laphroaig,82,2015,2015-09-22,W001177,laphroaig 10yo,Laphroaig,96.6,True,,REVIEW_PRODUCT_FEATURE,moderate score or explicit distillery identity,KEEP_PRODUCT_FEATURE_CANDIDATE,True,https://www.whiskyfun.com/archiveseptember15-2-Balvenie-Balblair-Glenlivet-Laphroaig-Benromach.html,,QUALITY_KEEP_CANDIDATE
7fad236594004dfea72ad4545dba3c52a334aeaf7228c805f8f9a1802ae81ef1,"Glen Scotia 'Victoriana' (51.5%, OB, +/-2015)",Glen Scotia,72,2015,2015-10-09,W000541,glen scotia victoriana,Glen Scotia,100.0,True,,REVIEW_PRODUCT_FEATURE,moderate score or explicit distillery identity,KEEP_PRODUCT_FEATURE_CANDIDATE,True,https://www.whiskyfun.com/archiveoctober15-1-Caol-Ila-Mortlach-Aberlour-Dalmore.html,,QUALITY_KEEP_CANDIDATE
4715f6754796a85ad50ae6343a2a1a891e255ebf3755b3e0ae7ef3e7ec4f7866,"Aberlour 18 yo (43%, OB, +/- 2013)",Aberlour,86,2015,2015-10-07,W000195,aberlour 18yo,Aberlour,96.3,True,,REVIEW_PRODUCT_FEATURE,moderate score or explicit distillery identity,KEEP_PRODUCT_FEATURE_CANDIDATE,True,https://www.whiskyfun.com/archiveoctober15-1-Caol-Ila-Mortlach-Aberlour-Dalmore.html,,QUALITY_KEEP_CANDIDATE
7cb4c17254b7290961182d8d51d66624da8ec88e11729fb22b2dc7a823de01ce,"Aberlour 12 yo 'Double Cask Matured' (40%, OB, +/-2015)",Aberlour,84,2015,2015-11-30,W000352,aberlour 12yo double cask matured,Aberlour,98.5,True,,REVIEW_PRODUCT_FEATURE,moderate score or explicit distillery identity,KEEP_PRODUCT_FEATURE_CANDIDATE,True,https://www.whiskyfun.com/archivenovember15-2-Aberlour-Glenmorangie-Macallan-Kilchoman-Laphroaig.html,,QUALITY_KEEP_CANDIDATE
a995a7a18474b8592d23c4a1874fc0406739c7f0db892e76484847e98ba3e2d7,"Glenmorangie 'Dornoch' (43%, OB, amontillado finish, 2015)",Glenmorangie,79,2015,2015-11-27,W000285,glenmorangie dornoch,Glenmorangie,100.0,True,,REVIEW_PRODUCT_FEATURE,moderate score or explicit distillery identity,KEEP_PRODUCT_FEATURE_CANDIDATE,True,https://www.whiskyfun.com/archivenovember15-2-Aberlour-Glenmorangie-Macallan-Kilchoman-Laphroaig.html,,QUALITY_KEEP_CANDIDATE
75f1e0ba40c41b55001d45e2a189f69351b1fc4c6a802b9fcc623af0a5d53b07,"Talisker (43%, OB, for Grande Marche Francesi, Italy, +/-1965)",Talisker,93,2015,2015-12-09,W000004,talisker 10y,Talisker,100.0,True,,REVIEW_PRODUCT_FEATURE,moderate score or explicit distillery identity,KEEP_PRODUCT_FEATURE_CANDIDATE,True,https://www.whiskyfun.com/archivedecember15-1-Armagnac-Talisker-Longrow-Longmorn-Laphroaig.html,,QUALITY_KEEP_CANDIDATE
58201f1049f1fff775bc10de91c43d5e56c7eed5887817fc2bfa88c5a2834caa,"Laphroaig 10 yo (70 proof, OB, UK, 75.7cl, +/-1960?)",Laphroaig,96,2015,2015-12-02,W001177,laphroaig 10yo,Laphroaig,96.6,True,,REVIEW_PRODUCT_FEATURE,moderate score or explicit distillery identity,KEEP_PRODUCT_FEATURE_CANDIDATE,True,https://www.whiskyfun.com/archivedecember15-1-Armagnac-Talisker-Longrow-Longmorn-Laphroaig.html,,QUALITY_KEEP_CANDIDATE
52c3701ff131b87a186defc369eb36c83ce8992c277fdd8550915915423496bc,"Glen Grant (40%, OB, 75cl, +/-1988)",Glen Grant,82,2015,2015-12-28,W000017,glen grant 10yo,Glen Grant,100.0,True,,REVIEW_PRODUCT_FEATURE,moderate score or explicit distillery identity,KEEP_PRODUCT_FEATURE_CANDIDATE,True,https://www.whiskyfun.com/archivedecember15-2-Littlemill-Aberfeldy-Glen-Grant-Courvoisier-Macallan.html,,QUALITY_KEEP_CANDIDATE
ec1010058642495744d0a22221392f092c61e6ac2c7830254705676092f58066,"Glenmorangie ‘Milsean’ (46%, OB, +/-2016)",Glenmorangie,81,2016,2016-02-08,W000330,glenmorangie milsean,Glenmorangie,100.0,True,,REVIEW_PRODUCT_FEATURE,moderate score or explicit distillery identity,KEEP_PRODUCT_FEATURE_CANDIDATE,True,https://www.whiskyfun.com/archivefebruary16-1-Pulteney-Chivas-Bruichladdich-Glenmorangie-Mortlach.html,,QUALITY_KEEP_CANDIDATE
a409ef8dafdcb3892bc8c9f11d0c7c4b32a89236a3a7d9c16cd828e71fe7e5ee,"Glen Grant 12 yo (40%, OB, 75cl, +/-1975)",Glen Grant,88,2016,2016-02-18,W000823,glen grant 12yo,Glen Grant,96.8,True,,REVIEW_PRODUCT_FEATURE,moderate score or explicit distillery identity,KEEP_PRODUCT_FEATURE_CANDIDATE,True,https://www.whiskyfun.com/archivefebruary16-2-Balvenie-Glen-Grant-Yamazaki-Highland-Park-Havana-Club.html,,QUALITY_KEEP_CANDIDATE
50200ac25d76ce859de29116677fc4b385fce65992c2ca5d0593472f6e75e86c,"Talisker '57° North' (57%, OB, +/-2009)",Talisker,86,2016,2016-03-03,W000954,talisker 57 north,Talisker,100.0,True,,REVIEW_PRODUCT_FEATURE,moderate score or explicit distillery identity,KEEP_PRODUCT_FEATURE_CANDIDATE,True,https://www.whiskyfun.com/archivemarch16-1-Auchentoshan-Lagavulin-Springbank-Wolfburn-Talisker.html,,QUALITY_KEEP_CANDIDATE
3f02714f2b626e6253154c387f5ac1b40debafe8ecbf7c35d31dd415973c5f9f,"Glenmorangie 'A Midwinter Night's Dram' (43%, OB, 2015)",Glenmorangie,79,2016,2016-04-14,W000300,glenmorangie a midwinter night’s dram,Glenmorangie,100.0,True,,REVIEW_PRODUCT_FEATURE,moderate score or explicit distillery identity,KEEP_PRODUCT_FEATURE_CANDIDATE,True,https://www.whiskyfun.com/archiveapril16-1-Glenmorangie-Rosebank-Balvenie-Ben-Nevis-Linkwood.html,,QUALITY_KEEP_CANDIDATE
9e58ff4a880ddf31bdcacec72044703081d4d8af3d8e9db2512521cfcb0dfe94,"Glen Scotia 'Double Cask' (46%, OB, +/-2015)",Glen Scotia,78,2016,2016-04-29,W000365,glen scotia double cask,Glen Scotia,100.0,True,,REVIEW_PRODUCT_FEATURE,moderate score or explicit distillery identity,KEEP_PRODUCT_FEATURE_CANDIDATE,True,https://www.whiskyfun.com/archiveapril16-2-Glen-Scotia-Glenrothes-Springbank-Crown-Royal.html,,QUALITY_KEEP_CANDIDATE
b0cc3a90c3981eb4182531ef54b8f86ce00fb1f8c9f3b5b6094fea98e657dafd,"Glenfiddich 18 yo (40%, OB, +/-2015)",Glenfiddich,79,2016,2016-06-03,W000549,glenfiddich 18yo,Glenfiddich,97.0,True,,REVIEW_PRODUCT_FEATURE,moderate score or explicit distillery identity,KEEP_PRODUCT_FEATURE_CANDIDATE,True,https://www.whiskyfun.com/archivejune16-1-Glenlochy-Tomatin-Clynelish-Strathisla.html,,QUALITY_KEEP_CANDIDATE
ec0343153ebade7f4e4d11903bf55d3a6fd8f4bea272a86b43ca1038c7e23dbf,"Glen Grant 18 yo (43%, OB, 2016)",Glen Grant,81,2016,2016-10-04,W000562,glen grant 18yo,Glen Grant,96.8,True,,REVIEW_PRODUCT_FEATURE,moderate score or explicit distillery identity,KEEP_PRODUCT_FEATURE_CANDIDATE,True,https://www.whiskyfun.com/archiveoctober16-1-Caol-Ila-Lagavulin-Port-Ellen-Brora.html,,QUALITY_KEEP_CANDIDATE
7c80f2ae9225a87d3f9bae2708ac9c1a70e6c543ae945c865bc5b1f6f58e77f4,"Glen Grant 25 yo (70 proof, Gordon & MacPhail, early to mid 1970s)",Glen Grant,89,2016,2016-12-21,W000450,glen grant 25yo,Glen Grant,96.8,True,,REVIEW_PRODUCT_FEATURE,moderate score or explicit distillery identity,KEEP_PRODUCT_FEATURE_CANDIDATE,True,https://www.whiskyfun.com/archivedecember16-2-Laphroaig-Clynelish-Springbank.html,,QUALITY_KEEP_CANDIDATE
404769d437ae8a06a8aef4f3b2bfbbdf449a3f8d674a61af2dff08e2ccd4e2c6,"Glengoyne 'The Teapot Dram Batch 3' (59.4%, OB, 3484 bottles, 2014)",Glengoyne,85,2017,2017-01-23,W000173,glengoyne teapot dram (all batches),Glengoyne,100.0,True,,REVIEW_PRODUCT_FEATURE,moderate score or explicit distillery identity,KEEP_PRODUCT_FEATURE_CANDIDATE,True,https://www.whiskyfun.com/archivejanuary17-2-Port-Charlotte-Arran-Glengoyne.html,,QUALITY_KEEP_CANDIDATE
e9cb539c9928163dbceb27ce9f997d7cfe6577b7fca3211157f86e94830184f0,"Glenfiddich ‘Vintage Cask’ (40% OB, +/-2016)",Glenfiddich,81,2017,2017-03-29,W001045,glenfiddich vintage cask,Glenfiddich,100.0,True,,REVIEW_PRODUCT_FEATURE,moderate score or explicit distillery identity,KEEP_PRODUCT_FEATURE_CANDIDATE,True,https://www.whiskyfun.com/archivemarch17-2-Glenfiddich-Ardbeg-Macallan.html,,QUALITY_KEEP_CANDIDATE
198d31ee846385fafa4a6068b43bec500768c20192db36ef093a2f407c047158,"Glenmorangie ‘Bacalta’ (46%, OB, Private Edition, 2017)",Glenmorangie,82,2017,2017-04-05,W000182,glenmorangie bacalta,Glenmorangie,100.0,True,,REVIEW_PRODUCT_FEATURE,moderate score or explicit distillery identity,KEEP_PRODUCT_FEATURE_CANDIDATE,True,https://www.whiskyfun.com/archiveapril17-1-Longmorn-Springbank-Glenmorangie-Laphroaig.html,raw_release_term_missing_in_match,MANUAL_REVIEW_REQUIRED
2f7c6af150f1b3a03ee9ea021f3d3ad2b9cf39f29668e4b93a17563861930f35,"Laphroaig ‘Quarter Cask’ (48%, OB, +/-2016)",Laphroaig,84,2017,2017-04-04,W001138,laphroaig quarter cask,Laphroaig,100.0,True,,REVIEW_PRODUCT_FEATURE,moderate score or explicit distillery identity,KEEP_PRODUCT_FEATURE_CANDIDATE,True,https://www.whiskyfun.com/archiveapril17-1-Longmorn-Springbank-Glenmorangie-Laphroaig.html,,QUALITY_KEEP_CANDIDATE
97bd0a464e979af8613e7428dbf27a2e1f0deb1aa754ee3d63fd0b084e8a8630,"Glenmorangie ‘The Duthac’ (43%, OB, +/-2015)",Glenmorangie,80,2017,2017-04-27,W000313,glenmorangie duthac,Glenmorangie,100.0,True,,REVIEW_PRODUCT_FEATURE,moderate score or explicit distillery identity,KEEP_PRODUCT_FEATURE_CANDIDATE,True,https://www.whiskyfun.com/archiveapril17-2-Benromach-Bowmore-Glenmorangie-Laphroaig.html,,QUALITY_KEEP_CANDIDATE
7482c044c1b0570814afd5b3fbfc467417e12949a223e51f27f3895d05c3cf7e,"Bowmore ‘Vault Edition’ (51.5%, OB, First Release, 2016)",Bowmore,81,2017,2017-04-18,W000963,bowmore vault edition second release,Bowmore,100.0,True,,REVIEW_PRODUCT_FEATURE,moderate score or explicit distillery identity,KEEP_PRODUCT_FEATURE_CANDIDATE,True,https://www.whiskyfun.com/archiveapril17-2-Benromach-Bowmore-Glenmorangie-Laphroaig.html,,QUALITY_KEEP_CANDIDATE
707b977d28110451f88bef1875d6f79350c5b4d03a694c7df047f4c92f71ba2c,"Aberlour 'A'bunadh' batch #57 (60.7%, OB, 2016)",Aberlour,88,2017,2017-06-23,W000001,aberlour a'bunadh,Aberlour,100.0,True,,REVIEW_PRODUCT_FEATURE,moderate score or explicit distillery identity,KEEP_PRODUCT_FEATURE_CANDIDATE,True,https://www.whiskyfun.com/archivejune17-2-Ardmore-Port-Ellen-Caol-Ila.html,raw_release_term_missing_in_match|batch_missing_in_match,MANUAL_REVIEW_REQUIRED
150cd541b66a92ae3b26946ddd4fa216aee99f4655b7093bb7a4b3e24654d26f,"Talisker 'Dark Storm' (45.8%, OB, +/-2016)",Talisker,83,2017,2017-06-20,W001024,talisker dark storm,Talisker,100.0,True,,REVIEW_PRODUCT_FEATURE,moderate score or explicit distillery identity,KEEP_PRODUCT_FEATURE_CANDIDATE,True,https://www.whiskyfun.com/archivejune17-2-Ardmore-Port-Ellen-Caol-Ila.html,storm_dark_storm_mismatch,MANUAL_REVIEW_REQUIRED
7c46297e94157db0933be582ad93ef669fd0763ba16147e270f5da9d81d96c15,"Aberlour 'A'bunadh' batch #58 (61.1%, OB, 2017)",Aberlour,89,2017,2017-10-12,W000001,aberlour a'bunadh,Aberlour,100.0,True,,REVIEW_PRODUCT_FEATURE,moderate score or explicit distillery identity,KEEP_PRODUCT_FEATURE_CANDIDATE,True,https://www.whiskyfun.com/archiveoctober17-1-Clynelish-Aberlour-Ardbeg.html,raw_release_term_missing_in_match|batch_missing_in_match,MANUAL_REVIEW_REQUIRED
c1eb5bf2b7be8b118ccfba778eac63e68d3b3c4de4c3d9c743b3a04cc3853d42,"Glengoyne 'Cask Strength Batch 004' (58.8%, OB, 2015)",Glengoyne,83,2017,2017-10-04,W000121,glengoyne cask strength (batch 7),Glengoyne,100.0,True,,REVIEW_PRODUCT_FEATURE,moderate score or explicit distillery identity,KEEP_PRODUCT_FEATURE_CANDIDATE,True,https://www.whiskyfun.com/archiveoctober17-1-Clynelish-Aberlour-Ardbeg.html,,QUALITY_KEEP_CANDIDATE
7e4e54a66ede44ae9ebd8afec960ae3bf316f2ce614d667397559158cd593df2,"Glenfiddich ‘Select Cask' (40%, OB, Cask Collection, travel retail, +/-2017)",Glenfiddich,78,2017,2017-10-02,W000647,glenfiddich select cask,Glenfiddich,100.0,True,,REVIEW_PRODUCT_FEATURE,moderate score or explicit distillery identity,KEEP_PRODUCT_FEATURE_CANDIDATE,True,https://www.whiskyfun.com/archiveoctober17-1-Clynelish-Aberlour-Ardbeg.html,,QUALITY_KEEP_CANDIDATE
d4b13b5b116d8ddd59f55ad13ccba3c490c2364b030c442f6ebec59167dbf2c5,"Glenmorangie 'Astar' (52.5%, OB, 2017)",Glenmorangie,81,2017,2017-10-17,W000459,glenmorangie astar,Glenmorangie,100.0,True,,REVIEW_PRODUCT_FEATURE,moderate score or explicit distillery identity,KEEP_PRODUCT_FEATURE_CANDIDATE,True,https://www.whiskyfun.com/archiveoctober17-2-Clynelish-Balvenie-Lagavulin.html,,QUALITY_KEEP_CANDIDATE
7e8a751fe0fef50d41e11a80efac04eedf6c1a4d436977ca405890b143cbae7f,"Bowmore 10 yo 'Tempest' (54.9%, OB, Batch #6, 2015)",Bowmore,83,2017,2017-11-24,W000981,bowmore 10yo tempest,Bowmore,97.6,True,,REVIEW_PRODUCT_FEATURE,moderate score or explicit distillery identity,KEEP_PRODUCT_FEATURE_CANDIDATE,True,https://www.whiskyfun.com/archivenovember17-2-Craigellachie-Bowmore-Strathisla.html,release_term_mismatch|batch_missing_in_match,MANUAL_REVIEW_REQUIRED
efa286812876f66d75302893edfe1b796eb9fc0103d181eb9539368fdf3c3216,"Deanston 12 yo (46.3%, OB, +/-2017)",Deanston,87,2017,2017-12-28,W000631,deanston 12yo,Deanston,96.3,True,,REVIEW_PRODUCT_FEATURE,moderate score or explicit distillery identity,KEEP_PRODUCT_FEATURE_CANDIDATE,True,https://www.whiskyfun.com/archivedecember17-2-Glenfarclas-Glen-Moray-Macallan.html,,QUALITY_KEEP_CANDIDATE
0f346bc74d311635c5446a70c76abed04bb1aa5a217e6f2350ea2e4c8f57cb40,"Auchentoshan 12 yo (40%, OB, +/-2017)",Auchentoshan,82,2018,2018-01-31,W000018,auchentoshan 12yo,Auchentoshan,97.1,True,,REVIEW_PRODUCT_FEATURE,moderate score or explicit distillery identity,KEEP_PRODUCT_FEATURE_CANDIDATE,True,https://www.whiskyfun.com/archivejanuary18-2-Glentauchers-Bowmore-Springbank.html,,QUALITY_KEEP_CANDIDATE
332eb0b05c37cbb9e0c71eefbc871e3a1767df0d7a29730e110ea0dcd62b847b,"Bowmore ‘N°1’ (40%, OB, 2017)",Bowmore,79,2018,2018-01-23,W001069,bowmore no.1,Bowmore,95.7,True,,REVIEW_PRODUCT_FEATURE,moderate score or explicit distillery identity,KEEP_PRODUCT_FEATURE_CANDIDATE,True,https://www.whiskyfun.com/archivejanuary18-2-Glentauchers-Bowmore-Springbank.html,,QUALITY_KEEP_CANDIDATE
db40e85e69ac493bdd4341b06bbcfcbd64d2ad2ab1e0b1a56fdb0bb4f8bec375,"Glenmorangie ‘Spios’ (46%, OB, Private Edition 9, 2018)",Glenmorangie,85,2018,2018-03-26,W000722,glenmorangie spios private edition no 9,Glenmorangie,100.0,True,,REVIEW_PRODUCT_FEATURE,moderate score or explicit distillery identity,KEEP_PRODUCT_FEATURE_CANDIDATE,True,https://www.whiskyfun.com/archivemarch18-2-Glen-Moray-Talisker-Linkwood.html,,QUALITY_KEEP_CANDIDATE
8667b6f9413e2fc2766797adb415db65e718edc49440f97bf85bd88be8b3ce1e,"Laphroaig 25 yo (54.2%, OB, selected by Allen Chen, cask #5124, 2017)",Laphroaig,92,2018,2018-04-11,W000040,laphroaig 25yo,Laphroaig,96.6,True,,REVIEW_PRODUCT_FEATURE,moderate score or explicit distillery identity,KEEP_PRODUCT_FEATURE_CANDIDATE,True,https://www.whiskyfun.com/archiveapril18-1-Jack-Daniels-Wolfburn-Laphroaig.html,,QUALITY_KEEP_CANDIDATE
7393b57d134a4d500b6e3cb9cf6e9fc5ba6d11a775b230c5a4cea3c8239427c4,"Tamnavulin ‘Double Cask’ (40%, OB, +/-2018)",Tamnavulin,80,2018,2018-08-21,W000023,tamnavulin double cask,Tamnavulin,100.0,True,,REVIEW_PRODUCT_FEATURE,moderate score or explicit distillery identity,KEEP_PRODUCT_FEATURE_CANDIDATE,True,https://www.whiskyfun.com/archiveaugust18-2-Glenallachie-Mortlach.html,,QUALITY_KEEP_CANDIDATE
ad484771e8763b17295755775b7a2b6205cbf363dc34fce860cb168a8e5f62e4,"Glenfiddich ‘Fire & Cane’ (43%, OB, Experimental Series #4, 2018)",Glenfiddich,85,2018,2018-09-26,W001060,glenfiddich fire & cane experimental series no. 4,Glenfiddich,100.0,True,,REVIEW_PRODUCT_FEATURE,moderate score or explicit distillery identity,KEEP_PRODUCT_FEATURE_CANDIDATE,True,https://www.whiskyfun.com/archiveseptember18-2-Glenfarclas-Glenfiddich.html,,QUALITY_KEEP_CANDIDATE
0f106d44a790807fd982ae0a3e470f9434f0c9a4bae105c26ae4a6b8a045df76,"Auchentoshan ‘The Bartender’s Malt’ (47%, OB, +/-2018)",Auchentoshan,79,2018,2018-12-28,W000566,auchentoshan bartender's malt,Auchentoshan,100.0,True,,REVIEW_PRODUCT_FEATURE,moderate score or explicit distillery identity,KEEP_PRODUCT_FEATURE_CANDIDATE,True,https://www.whiskyfun.com/archivedecember18-2-Springbank-Port-Ellen.html,,QUALITY_KEEP_CANDIDATE
1950fafd48d4641db032057eb257f4bb12c6db23623459c37349ded6ce36b1f7,"Aberlour ‘Casg Annamh’ (48%, OB, 2018)",Aberlour,85,2018,2018-12-19,W000006,aberlour casg annamh,Aberlour,100.0,True,,REVIEW_PRODUCT_FEATURE,moderate score or explicit distillery identity,KEEP_PRODUCT_FEATURE_CANDIDATE,True,https://www.whiskyfun.com/archivedecember18-2-Springbank-Port-Ellen.html,,QUALITY_KEEP_CANDIDATE
1a8020cad3c00f6ad14bfbde1d73abaf81c289a88f9122bc364f39526fdf0c73,"Glenfiddich 12 yo (40%, OB, +/-2018)",Glenfiddich,83,2019,2019-06-19,W000872,glenfiddich 12yo,Glenfiddich,97.0,True,,REVIEW_PRODUCT_FEATURE,moderate score or explicit distillery identity,KEEP_PRODUCT_FEATURE_CANDIDATE,True,https://www.whiskyfun.com/archivejune19-2-Glencadam-Glenfiddich.html,,QUALITY_KEEP_CANDIDATE
0e0cc01e412e1c42506bd3463b5dd0bda0083b91f93160717afa39f413443fbf,"Auchentoshan ‘Three Wood’ (43%, OB, +/-2018)",Auchentoshan,79,2019,2019-07-26,W000370,auchentoshan three wood,Auchentoshan,100.0,True,,REVIEW_PRODUCT_FEATURE,moderate score or explicit distillery identity,KEEP_PRODUCT_FEATURE_CANDIDATE,True,https://www.whiskyfun.com/archivejuly19-2-Talisker-Springbank.html,,QUALITY_KEEP_CANDIDATE
4f93fe89169094428ee832054c01a7e04d3e00e9a792f59e10850b8c6969dd4a,"Glengoyne 'Cask Strength Batch 005' (59.1%%, OB, 2017)",Glengoyne,84,2019,2019-07-23,W000121,glengoyne cask strength (batch 7),Glengoyne,100.0,True,,REVIEW_PRODUCT_FEATURE,moderate score or explicit distillery identity,KEEP_PRODUCT_FEATURE_CANDIDATE,True,https://www.whiskyfun.com/archivejuly19-2-Talisker-Springbank.html,,QUALITY_KEEP_CANDIDATE
bc05dfff74db133a398e8ab8188269dd0d300e95dc34e8a7cb09784941572a9d,"Glengoyne 'Cask Strength Batch 006' (59.8%, OB, 2018)",Glengoyne,85,2020,2020-04-20,W000121,glengoyne cask strength (batch 7),Glengoyne,100.0,True,,REVIEW_PRODUCT_FEATURE,moderate score or explicit distillery identity,KEEP_PRODUCT_FEATURE_CANDIDATE,True,https://www.whiskyfun.com/archiveapril20-2-Ben-Nevis-Macallan.html,,QUALITY_KEEP_CANDIDATE
f1e0cb5ad61919e3f9fc75e87daf276ecd5c57129e2b4b31c170b0e1a66224ce,"Auchentoshan ‘American Oak’ (40%, OB, +/-2019)",Auchentoshan,75,2020,2020-04-15,W000019,auchentoshan american oak,Auchentoshan,100.0,True,,REVIEW_PRODUCT_FEATURE,moderate score or explicit distillery identity,KEEP_PRODUCT_FEATURE_CANDIDATE,True,https://www.whiskyfun.com/archiveapril20-2-Ben-Nevis-Macallan.html,,QUALITY_KEEP_CANDIDATE
39f5bbbfeddecea7f8eb5eb764d736c55460382bc43a85676c145c8e50f5f215,"Bowmore 12 yo (40%, OB, +/-2015)",Bowmore,85,2020,2020-06-05,W001062,bowmore 12yo,Bowmore,96.0,True,,REVIEW_PRODUCT_FEATURE,moderate score or explicit distillery identity,KEEP_PRODUCT_FEATURE_CANDIDATE,True,https://www.whiskyfun.com/archivejune20-1-Bowmore-Glenmorangie.html,,QUALITY_KEEP_CANDIDATE
c733ad3fefb4c00d8ffe20a86467dfa618fe68cbb1958dce7503fbe57df9ebad,"Bowmore 12 yo (40%, OB, +/-2019)",Bowmore,84,2020,2020-06-03,W001062,bowmore 12yo,Bowmore,96.0,True,,REVIEW_PRODUCT_FEATURE,moderate score or explicit distillery identity,KEEP_PRODUCT_FEATURE_CANDIDATE,True,https://www.whiskyfun.com/archivejune20-1-Bowmore-Glenmorangie.html,,QUALITY_KEEP_CANDIDATE
77180087377b0938ab6f10a2ad84604c9d8a1b7317dd7548bfa4e8d077822d69,"Talisker 'Skye' (45.8%, OB, +/-2018)",Talisker,77,2020,2020-07-10,W000802,talisker skye,Talisker,100.0,True,,REVIEW_PRODUCT_FEATURE,moderate score or explicit distillery identity,KEEP_PRODUCT_FEATURE_CANDIDATE,True,https://www.whiskyfun.com/archivejuly20-1-Waterford-Talisker.html,,QUALITY_KEEP_CANDIDATE
89ea23c50247643124da0dbe153e10be0832a5a1f6495f08359a214a6014214f,"Glen Scotia 18 yo (46%, OB, +/-2019)",Glen Scotia,74,2020,2020-08-11,W000798,glen scotia 18yo,Glen Scotia,97.0,True,,REVIEW_PRODUCT_FEATURE,moderate score or explicit distillery identity,KEEP_PRODUCT_FEATURE_CANDIDATE,True,https://www.whiskyfun.com/archiveaugust20-1-Highland-Park-Miltonduff.html,,QUALITY_KEEP_CANDIDATE
c45d559e8e1099ac071f9d98d6d5eb26c0c8881dcfd08988c410525a409a6e90,"Talisker 10 yo (45.8%, OB, +/-2019)",Talisker,90,2020,2020-08-28,W000976,talisker 10yo,Talisker,96.3,True,,REVIEW_PRODUCT_FEATURE,moderate score or explicit distillery identity,KEEP_PRODUCT_FEATURE_CANDIDATE,True,https://www.whiskyfun.com/archiveaugust20-2-Lagavulin-Talisker.html,,QUALITY_KEEP_CANDIDATE
fede121ddb867f7405e088e635a840fe78b81943d22f2b3033a5bc984eb92996,"Aberlour 'A'bunadh batch #66’ (59.2%, OB, 2020)",Aberlour,87,2020,2020-09-26,W000001,aberlour a'bunadh,Aberlour,100.0,True,,REVIEW_PRODUCT_FEATURE,moderate score or explicit distillery identity,KEEP_PRODUCT_FEATURE_CANDIDATE,True,https://www.whiskyfun.com/archiveseptember20-2-Aberlour-Longmorn.html,raw_release_term_missing_in_match|batch_missing_in_match,MANUAL_REVIEW_REQUIRED
8b3eda3869db6ba98ceaa3b330abd27dc433f7990a815e9b616c8f52ac01514c,"Bowmore ‘Vault Edition’ (50.1%, OB, Second Release, 2019)",Bowmore,84,2020,2020-11-23,W000963,bowmore vault edition second release,Bowmore,100.0,True,,REVIEW_PRODUCT_FEATURE,moderate score or explicit distillery identity,KEEP_PRODUCT_FEATURE_CANDIDATE,True,https://www.whiskyfun.com/archivenovember20-2-Talisker-Bowmore.html,,QUALITY_KEEP_CANDIDATE
d0d672b593e90eb7a39c383f069e5e413e84aa3819ca11b528b2ed25d9f30b56,"Aberlour 'A'bunadh' batch #65 (59.5%, OB, 2019)",Aberlour,85,2021,2021-01-18,W000001,aberlour a'bunadh,Aberlour,100.0,True,,REVIEW_PRODUCT_FEATURE,moderate score or explicit distillery identity,KEEP_PRODUCT_FEATURE_CANDIDATE,True,https://www.whiskyfun.com/archivejanuary21-2-Ardbeg-Kornog.html,raw_release_term_missing_in_match|batch_missing_in_match,MANUAL_REVIEW_REQUIRED
d1d5b79dfaab5920dd94e8baf5a6eb9eb1718e9653b9ed2e996d8159f39520e2,"Talisker 'Storm' (45.8%, OB, +/-2017)",Talisker,83,2021,2021-02-08,W001024,talisker dark storm,Talisker,100.0,True,,REVIEW_PRODUCT_FEATURE,moderate score or explicit distillery identity,KEEP_PRODUCT_FEATURE_CANDIDATE,True,https://www.whiskyfun.com/archivefebruary21-1-Deanston-Balvenie.html,release_term_mismatch|storm_dark_storm_mismatch,MANUAL_REVIEW_REQUIRED
ea27a7e6c5c2ba5de473649d669045c78dfc27e139c2a52d895748511b0dd861,"Glenfiddich 14 yo 'Bourbon Barrel Reserve' (43%, OB, 2020)",Glenfiddich,82,2021,2021-06-16,W000614,glenfiddich 14yo bourbon barrel reserve,Glenfiddich,98.7,True,,REVIEW_PRODUCT_FEATURE,moderate score or explicit distillery identity,KEEP_PRODUCT_FEATURE_CANDIDATE,True,https://www.whiskyfun.com/archivejune21-2-Johnnie-Walker-Clynelish.html,,QUALITY_KEEP_CANDIDATE
3221a18e787b3eadeae4e4d0c2fca2dd4f84f222062588b0aa8d6e25c0528543,"Glengoyne 'Cask Strength Batch 008' (59.2%, OB, 2020)",Glengoyne,85,2021,2021-07-08,W000121,glengoyne cask strength (batch 7),Glengoyne,100.0,True,,REVIEW_PRODUCT_FEATURE,moderate score or explicit distillery identity,KEEP_PRODUCT_FEATURE_CANDIDATE,True,https://www.whiskyfun.com/archivejuly21-1-Glen-Moray-Balblair.html,,QUALITY_KEEP_CANDIDATE
613e7791057bfd2a72d2333aee77ebd23ee4563d08aee30b95eaf36d2f858817,"Talisker 18 yo (45,8%, OB, +/-2021)",Talisker,90,2021,2021-08-18,W000927,talisker 18yo,Talisker,96.3,True,,REVIEW_PRODUCT_FEATURE,moderate score or explicit distillery identity,KEEP_PRODUCT_FEATURE_CANDIDATE,True,https://www.whiskyfun.com/archiveaugust21-2-Aberlour-Lagavulin.html,,QUALITY_KEEP_CANDIDATE
59f7307cc8a1b3e9c3b81c3d7ec44681ca671ebb4010e1d0d8420833c6dd4343,"Talisker 8 yo (59.7%, OB, Special Releases, Untold Legends, refill casks, 2021)",Talisker,91,2021,2021-09-22,W000965,talisker 8yo (special releases),Talisker,96.0,True,,REVIEW_PRODUCT_FEATURE,moderate score or explicit distillery identity,KEEP_PRODUCT_FEATURE_CANDIDATE,True,https://www.whiskyfun.com/archiveseptember21-2-Glenlivet-Bladnoch.html,,QUALITY_KEEP_CANDIDATE
94ecccd826ddd6ec305687fef044c1eae1c1603070d9045afd13ccde5a608453,"Deanston 'Virgin Oak' (46.3%, OB, +/-2021)",Deanston,83,2021,2021-11-04,W000866,deanston virgin oak,Deanston,100.0,True,,REVIEW_PRODUCT_FEATURE,moderate score or explicit distillery identity,KEEP_PRODUCT_FEATURE_CANDIDATE,True,https://www.whiskyfun.com/archivenovember21-1-Highland-Park-Glenallachie.html,,QUALITY_KEEP_CANDIDATE
c4da99f33728c3b3cdd0488cb08a2e68d66df29a98477291e4a59579bde3422e,"Aberlour 'A'bunadh batch #69' (61.2%, OB, oloroso butts, 2021)",Aberlour,86,2021,2021-11-23,W000001,aberlour a'bunadh,Aberlour,100.0,True,,REVIEW_PRODUCT_FEATURE,moderate score or explicit distillery identity,KEEP_PRODUCT_FEATURE_CANDIDATE,True,https://www.whiskyfun.com/archivenovember21-2-Ben-Nevis-Aberlour.html,raw_cask_term_missing_in_match|raw_release_term_missing_in_match|batch_missing_in_match,MANUAL_REVIEW_REQUIRED
a176b7a14b3f8de84d5a744444336ddd13a6679e38183821875cf6ae2d82a578,"Talisker 10 yo (45.8%, OB, 1l, +/-1989)",Talisker,93,2022,2022-05-23,W000976,talisker 10yo,Talisker,96.3,True,,REVIEW_PRODUCT_FEATURE,moderate score or explicit distillery identity,KEEP_PRODUCT_FEATURE_CANDIDATE,True,https://www.whiskyfun.com/archivemay22-2-Cardhu-Talisker.html,,QUALITY_KEEP_CANDIDATE
632a1dd610ed2d50eadc2eb05fc7684ef29fe07d496e8bcbc47aa06710d577f7,"Talisker 'Storm' (45.8%, OB, +/-2021)",Talisker,84,2022,2022-06-21,W001024,talisker dark storm,Talisker,100.0,True,,REVIEW_PRODUCT_FEATURE,moderate score or explicit distillery identity,KEEP_PRODUCT_FEATURE_CANDIDATE,True,https://www.whiskyfun.com/archivejune22-2-Balvenie-Talisker.html,release_term_mismatch|storm_dark_storm_mismatch,MANUAL_REVIEW_REQUIRED
b2988e089e9503bdf9bef5cc98e5086bcdc6b83cadff433809cd6498e0fa92b8,"Glenfiddich 'Malt Master's Edition' (43%, OB, +/-2022)",Glenfiddich,84,2023,2023-01-02,W000367,glenfiddich malt master's edition,Glenfiddich,100.0,True,,REVIEW_PRODUCT_FEATURE,moderate score or explicit distillery identity,KEEP_PRODUCT_FEATURE_CANDIDATE,True,https://www.whiskyfun.com/archivejanuary23-1-Hampden-Longmorn.html,,QUALITY_KEEP_CANDIDATE
b459a17d6b278f657accf187a3e62f7724c544b7a97d14da28a1b3626fe0f68b,"Aberlour 'A'bunadh Alba' (62.7%, OB, +/-2022)",Aberlour,86,2023,2023-01-30,W000001,aberlour a'bunadh,Aberlour,100.0,True,,REVIEW_PRODUCT_FEATURE,moderate score or explicit distillery identity,KEEP_PRODUCT_FEATURE_CANDIDATE,True,https://www.whiskyfun.com/archivejanuary23-2-Ardbeg-Ben-Nevis.html,,QUALITY_KEEP_CANDIDATE
904ad07046bcfe23dd185ed0758cc457d4c35542112ce9860d93794ec06bde4b,"Bowmore 'Legend' (40%, OB, +/-2020)",Bowmore,85,2023,2023-02-07,W001090,bowmore legend,Bowmore,100.0,True,,REVIEW_PRODUCT_FEATURE,moderate score or explicit distillery identity,KEEP_PRODUCT_FEATURE_CANDIDATE,True,https://www.whiskyfun.com/archivefebruary23-1-Port-Ellen-Glenlivet.html,,QUALITY_KEEP_CANDIDATE
ea9a8a6b065e8541bb61ff30a76b9776182dde184bbe1d9ac20c42110a44bf57,"Auchentoshan 12 yo (40%, OB, +/-2022)",Auchentoshan,83,2023,2023-02-27,W000018,auchentoshan 12yo,Auchentoshan,97.1,True,,REVIEW_PRODUCT_FEATURE,moderate score or explicit distillery identity,KEEP_PRODUCT_FEATURE_CANDIDATE,True,https://www.whiskyfun.com/archivefebruary23-2-Ardmore-Auchentoshan.html,,QUALITY_KEEP_CANDIDATE
6fa2444b78604b6fbd684d44f0b8def93146fd4db21ece6a203540cfd455cb15,"Ardmore 'Legacy' (40%, OB, +/-2017)",Ardmore,78,2023,2023-02-23,W000020,ardmore legacy,Ardmore,100.0,True,,REVIEW_PRODUCT_FEATURE,moderate score or explicit distillery identity,KEEP_PRODUCT_FEATURE_CANDIDATE,True,https://www.whiskyfun.com/archivefebruary23-2-Ardmore-Auchentoshan.html,,QUALITY_KEEP_CANDIDATE
357910780be58cecbbef86f3f96a0d6e13893168c02602a25c5661c536b7c870,"Aberlour 'A'bunadh batch #67' (59.8%, OB, Spanish oloroso butts, 2020)",Aberlour,87,2023,2023-03-28,W000001,aberlour a'bunadh,Aberlour,100.0,True,,REVIEW_PRODUCT_FEATURE,moderate score or explicit distillery identity,KEEP_PRODUCT_FEATURE_CANDIDATE,True,https://www.whiskyfun.com/archivemarch23-2-Aberlour-Strathmill.html,raw_cask_term_missing_in_match|raw_release_term_missing_in_match|batch_missing_in_match,MANUAL_REVIEW_REQUIRED
6ad8b8215f5a21e913eed92a6f690d51f7327db4787f01c57b39a66b834b6bb7,"Glenmorangie 'Signet 2022' (46%, OB)",Glenmorangie,84,2023,2023-04-04,W000097,glenmorangie signet,Glenmorangie,100.0,True,,REVIEW_PRODUCT_FEATURE,moderate score or explicit distillery identity,KEEP_PRODUCT_FEATURE_CANDIDATE,True,https://www.whiskyfun.com/archiveapril23-1-Glenmorangie-Shizuoka.html,,QUALITY_KEEP_CANDIDATE
fe0b8b04bd8c007c33f8b9f3a1491e1399e22ad77870983da8f7d0cd7d9722ff,"Glenmorangie 'Nectar d'Or' (46%, OB, +/-2022)",Glenmorangie,85,2023,2023-04-03,W000213,glenmorangie nectar d'or,Glenmorangie,100.0,True,,REVIEW_PRODUCT_FEATURE,moderate score or explicit distillery identity,KEEP_PRODUCT_FEATURE_CANDIDATE,True,https://www.whiskyfun.com/archiveapril23-1-Glenmorangie-Shizuoka.html,,QUALITY_KEEP_CANDIDATE
4d73ab215b7fe0fc0fa5b43a39e16f5170dbb8b9ae77706668faa7f852205374,"Glengoyne 'Cask Strength Batch 009' (59.6%, OB, 2022)",Glengoyne,85,2023,2023-04-27,W000121,glengoyne cask strength (batch 7),Glengoyne,100.0,True,,REVIEW_PRODUCT_FEATURE,moderate score or explicit distillery identity,KEEP_PRODUCT_FEATURE_CANDIDATE,True,https://www.whiskyfun.com/archiveapril23-2-Glengoyne-Ardbeg.html,,QUALITY_KEEP_CANDIDATE
073fe681601bedade0fb4b3a38c123847a85cf8187e09ab6c4e89f3e2ffba1c3,"Glen Grant 12 yo (43%, OB, +/-2022)",Glen Grant,83,2023,2023-04-24,W000823,glen grant 12yo,Glen Grant,96.8,True,,REVIEW_PRODUCT_FEATURE,moderate score or explicit distillery identity,KEEP_PRODUCT_FEATURE_CANDIDATE,True,https://www.whiskyfun.com/archiveapril23-2-Glengoyne-Ardbeg.html,,QUALITY_KEEP_CANDIDATE
b823dbdb916749a5c615753ac247e9c9769de857519d5dcf13350920cc897c52,"Glenfiddich 21 yo 'Gran Reserva' (40%, OB, +/-2020)",Glenfiddich,83,2023,2023-07-14,W000254,glenfiddich 21yo gran reserva,Glenfiddich,98.3,True,,REVIEW_PRODUCT_FEATURE,moderate score or explicit distillery identity,KEEP_PRODUCT_FEATURE_CANDIDATE,True,https://www.whiskyfun.com/archivejuly23-1-Yamazaki-Amrut.html,,QUALITY_KEEP_CANDIDATE
352a6f79707c433ecb198a22601b6c55327f1b3379c6f8bf094305fe0186915c,"Glengoyne 15 yo (43%, OB, +/-2022)",Glengoyne,87,2023,2023-07-26,W000318,glengoyne 15yo,Glengoyne,96.6,True,,REVIEW_PRODUCT_FEATURE,moderate score or explicit distillery identity,KEEP_PRODUCT_FEATURE_CANDIDATE,True,https://www.whiskyfun.com/archivejuly23-2-Laphroaig-Clynelish.html,,QUALITY_KEEP_CANDIDATE
0ef2360fcaed0b4dc0d5b35abdee8ccb61d5f57e02734954a8910c887eeb6093,"Glenfiddich 12 yo 'Caoran Reserve' (40%, OB, +/-2005)",Glenfiddich,75,2023,2023-08-02,W001089,glenfiddich 12yo caoran reserve,Glenfiddich,98.4,True,,REVIEW_PRODUCT_FEATURE,moderate score or explicit distillery identity,KEEP_PRODUCT_FEATURE_CANDIDATE,True,https://www.whiskyfun.com/archiveaugust23-1-Linkwood-Cragganmore.html,,QUALITY_KEEP_CANDIDATE
4324767736b7eb652eaae47ee8aefabbbb8eb92bf8b96d630db0c2d476d9944d,"Auchentoshan 18 yo (43%, OB, +/-2023)",Auchentoshan,80,2023,2023-08-17,W000597,auchentoshan 18yo,Auchentoshan,97.1,True,,REVIEW_PRODUCT_FEATURE,moderate score or explicit distillery identity,KEEP_PRODUCT_FEATURE_CANDIDATE,True,https://www.whiskyfun.com/archiveaugust23-2-Speyside-Mortlach.html,,QUALITY_KEEP_CANDIDATE
60821ad1f25fa4cbfb0aa20bbf8a880600358f12f10cc7aedeee5e6b7ebb70e3,"Aberlour 'A'bunadh batch #74' (60%, OB, Spanish oloroso sherry butts, 2022)",Aberlour,88,2023,2023-11-07,W000001,aberlour a'bunadh,Aberlour,100.0,True,,REVIEW_PRODUCT_FEATURE,moderate score or explicit distillery identity,KEEP_PRODUCT_FEATURE_CANDIDATE,True,https://www.whiskyfun.com/archivenovember23-1-Pulteney-Balblair.html,raw_cask_term_missing_in_match|raw_release_term_missing_in_match|batch_missing_in_match,MANUAL_REVIEW_REQUIRED
f1e0b3f0d36294ee22b71523dcf0c49a988daf238803658b212b7c3e7712597f,"Glenfiddich ‘Reserve Cask’ (40%, OB, travel retail, 1l, +/-2024)",Glenfiddich,70,2024,2024-09-25,W000372,glenfiddich reserve cask,Glenfiddich,100.0,True,,REVIEW_PRODUCT_FEATURE,moderate score or explicit distillery identity,KEEP_PRODUCT_FEATURE_CANDIDATE,True,https://www.whiskyfun.com/archiveseptember24-2-Glendronach-Jameson.html,,QUALITY_KEEP_CANDIDATE
ae0667a8b70be2c68c951ae4dae43821cb030a26b6f01d0648fb75755fe7525e,"Aberlour ‘A’bunadh Batch #77’ (60.8%, OB, Spanish oloroso butts, 2023)",Aberlour,87,2024,2024-12-04,W000001,aberlour a'bunadh,Aberlour,100.0,True,,REVIEW_PRODUCT_FEATURE,moderate score or explicit distillery identity,KEEP_PRODUCT_FEATURE_CANDIDATE,True,https://www.whiskyfun.com/archivedecember24-1-Aberlour-Benromach.html,raw_cask_term_missing_in_match|raw_release_term_missing_in_match|batch_missing_in_match,MANUAL_REVIEW_REQUIRED
74e709eeb696498e2d0aea4ceaeec4678d21987bcfee9e962d23b8b5db662cf7,"Glengoyne 'Cask Strength Batch 010' (59.5%, OB, 1st Fill oloroso, refill & bourbon barrel, 2023)",Glengoyne,87,2025,2025-02-17,W000121,glengoyne cask strength (batch 7),Glengoyne,100.0,True,,REVIEW_PRODUCT_FEATURE,moderate score or explicit distillery identity,KEEP_PRODUCT_FEATURE_CANDIDATE,True,https://www.whiskyfun.com/archivefebruary25-2-Port-Charlotte.html,raw_cask_term_missing_in_match,MANUAL_REVIEW_REQUIRED
fdd6e0c8ce4a5da3b26f35ba68200722541b362ed07c3db265557fc2532d72b6,"Aberlour ‘A’bunadh Batch #80’ (61%, OB, Spanish oloroso butts, 2023)",Aberlour,87,2025,2025-03-10,W000001,aberlour a'bunadh,Aberlour,100.0,True,,REVIEW_PRODUCT_FEATURE,moderate score or explicit distillery identity,KEEP_PRODUCT_FEATURE_CANDIDATE,True,https://www.whiskyfun.com/archivemarch25-1-Springbank-Bowmore.html,raw_cask_term_missing_in_match|raw_release_term_missing_in_match|batch_missing_in_match,MANUAL_REVIEW_REQUIRED
f93ddffa2001ea0bb1c2a0a434b7980bf271b7073ccaf4f6f1608f027de6f35b,"Talisker 'Distillers Edition' (45.8%, OB, Edition 2022)",Talisker,85,2025,2025-04-07,W000959,talisker distiller's edition (all editions),Talisker,98.2,True,,REVIEW_PRODUCT_FEATURE,moderate score or explicit distillery identity,KEEP_PRODUCT_FEATURE_CANDIDATE,True,https://www.whiskyfun.com/archiveapril25-1-Benrinnes-Bowmore.html,,QUALITY_KEEP_CANDIDATE
3f844db56f1c1d34448a8b0fc3930e674bbac5aa83eb995e114a28439d344452,"Laphroaig ‘Càirdeas Lore Cask Strength’ (59.6%, OB, Feis Ile 2025)",Laphroaig,86,2025,2025-06-23,W001206,laphroaig lore,Laphroaig,100.0,True,,REVIEW_PRODUCT_FEATURE,moderate score or explicit distillery identity,KEEP_PRODUCT_FEATURE_CANDIDATE,True,https://www.whiskyfun.com/archivejune25-2-The-Chuan-Laphroaig.html,raw_release_term_missing_in_match,MANUAL_REVIEW_REQUIRED
a69050420c8e1c591186e024cc7ae95404d090cc1a70cae4705e2f1d1290e098,"Glengoyne 18 yo (43%, OB, +/-2024)",Glengoyne,88,2025,2025-08-13,W000268,glengoyne 18yo,Glengoyne,96.6,True,,REVIEW_PRODUCT_FEATURE,moderate score or explicit distillery identity,KEEP_PRODUCT_FEATURE_CANDIDATE,True,https://www.whiskyfun.com/archiveaugust25-1-Pulteney-Raasay.html,,QUALITY_KEEP_CANDIDATE
a99a1d9d708ea958c6194236da8f0238b0e56c48b01afa3cc25d95a5164a61c3,"Glen Grant 12 yo (43°GL, OB for Armando Giovinetti, Italy, 75cl, +/-1970)",Glen Grant,92,2025,2025-08-05,W000823,glen grant 12yo,Glen Grant,96.8,True,,REVIEW_PRODUCT_FEATURE,moderate score or explicit distillery identity,KEEP_PRODUCT_FEATURE_CANDIDATE,True,https://www.whiskyfun.com/archiveaugust25-1-Pulteney-Raasay.html,,QUALITY_KEEP_CANDIDATE
1424e0507812cce7126e5a54bc5b4455c53cb09a3314383909607cf18ba58afc,"Talisker 'Storm' (45.8%, OB, +/-2025)",Talisker,84,2025,2025-09-19,W001024,talisker dark storm,Talisker,100.0,True,,REVIEW_PRODUCT_FEATURE,moderate score or explicit distillery identity,KEEP_PRODUCT_FEATURE_CANDIDATE,True,https://www.whiskyfun.com/archiveseptember25-2-Talisker-Auchentoshan.html,release_term_mismatch|storm_dark_storm_mismatch,MANUAL_REVIEW_REQUIRED
d3c6be387e8c4185c3f2696129cbe6a0e1e976bd5a9495933e6d44d66debde4f,"Talisker 10 yo (45.8%, OB, +/-2025)",Talisker,90,2025,2025-10-01,W000976,talisker 10yo,Talisker,96.3,True,,REVIEW_PRODUCT_FEATURE,moderate score or explicit distillery identity,KEEP_PRODUCT_FEATURE_CANDIDATE,True,https://www.whiskyfun.com/archiveoctober25-1-Glenlivet-Glenmorangie.html,,QUALITY_KEEP_CANDIDATE
