uuid_whisky_id,distillery_id,age,abv,name,reason
48b76d49-3cea-56bb-a5ea-02af7c181389,D1871,17.0,51.6,Highland Park SMWS 4.103 - Summer in the Isles,distillery_id_absent_from_W_set
6037a55b-ec66-55f7-9e17-b482a403e7e0,D1871,17.0,61.0,Highland Park SMWS 4.107 - Toffee and the Phantom Beefsteak,distillery_id_absent_from_W_set
88035bdd-884f-5488-93f8-c1ffb817364f,D1871,22.0,,Highland Park SMWS 4.114 - Coastal Delight,distillery_id_absent_from_W_set
e1fa9e80-a79b-5cf2-bc3f-ae380696f7b4,D1871,10.0,59.0,"Highland Park SMWS 4.118 - Smoke, Peat and Orange Marmalade",distillery_id_absent_from_W_set
aaa43573-8c35-57b3-afd2-0c7a26683263,D1871,20.0,50.5,Highland Park SMWS 4.120 - Sunshine in a Bottle,distillery_id_absent_from_W_set
e074f3a3-e799-5203-8cec-b965bf913e62,D1871,10.0,57.3,Highland Park SMWS 4.135 - SMWS 4.135,distillery_id_absent_from_W_set
80bacdff-f9e4-5dca-b90b-8c7670b35587,D1871,12.0,58.7,Highland Park SMWS 4.137 - Oooh!,distillery_id_absent_from_W_set
52a9c5a9-a1f9-5b8c-975b-4d04ccb82290,D1871,9.0,61.7,"Highland Park SMWS 4.138 - a
  vanilla patisserie",distillery_id_absent_from_W_set
9179c557-8797-5aec-b6d4-15e15e75ef29,D1871,21.0,52.0,Highland Park SMWS 4.145 - SMWS 4.145,distillery_id_absent_from_W_set
d4635d93-bd03-544e-8c28-c6a590c863b4,D1871,19.0,54.7,Highland Park SMWS 4.146 - SMWS 4.146,distillery_id_absent_from_W_set
325e83db-d4dc-552e-8493-7ffbeeb467b3,D1871,10.0,59.9,"Highland Park SMWS 4.148 - chip shop brown
sauce",distillery_id_absent_from_W_set
1f9e358e-e702-5cdb-83fd-1f502379b020,D1871,26.0,53.1,Highland Park SMWS 4.151 - SMWS 4.151,distillery_id_absent_from_W_set
1dc7c9b6-7d88-53d4-995d-578b398fca2e,D1871,11.0,58.6,Highland Park SMWS 4.153 - SMWS 4.153,distillery_id_absent_from_W_set
4f363859-6736-5a47-a78b-caac43bd7035,D1871,20.0,53.5,Highland Park SMWS 4.156 - SMWS 4.156,distillery_id_absent_from_W_set
507f6bdb-bf78-5c19-a6e0-8e622b2c2d84,D1871,14.0,56.1,Highland Park SMWS 4.160 - SMWS 4.160,distillery_id_absent_from_W_set
f865b05e-a649-5ff1-881a-50c2031c7d80,D1871,16.0,55.1,Highland Park SMWS 4.162 - SMWS 4.162,distillery_id_absent_from_W_set
fbcd8b02-6ff3-56a1-be42-a40619a610d7,D1871,11.0,62.8,Highland Park SMWS 4.163 - SMWS 4.163,distillery_id_absent_from_W_set
ab161ef7-6f6b-5d3f-9a75-e79e5499d601,D1871,11.0,62.0,Highland Park SMWS 4.164 - SMWS 4.164,distillery_id_absent_from_W_set
99abf37a-b1ed-5d55-8566-1a41089efd55,D1871,25.0,59.7,Highland Park SMWS 4.169 - SMWS 4.169,distillery_id_absent_from_W_set
47003c2d-9022-52e2-9a2a-900c3621db60,D1871,21.0,53.7,Highland Park SMWS 4.171 - SMWS 4.171,distillery_id_absent_from_W_set
61607d8a-3b83-568b-9104-f97ed19300d0,D1871,13.0,60.1,Highland Park SMWS 4.172 - SMWS 4.172,distillery_id_absent_from_W_set
d0392b30-9774-550c-bad5-3f6747f85d1f,D1871,13.0,55.9,Highland Park SMWS 4.175 - SMWS 4.175,distillery_id_absent_from_W_set
01813d48-182c-5cec-8f43-ea9c0ee144d2,D1871,18.0,59.1,Highland Park SMWS 4.178 - SMWS 4.178,distillery_id_absent_from_W_set
56b0ecd5-b248-5c08-8b28-1e604adedd99,D1871,13.0,62.1,Highland Park SMWS 4.183 - SMWS 4.183,distillery_id_absent_from_W_set
539c547d-92cd-5ec2-8edf-49b2dd3f1d91,D1871,13.0,61.8,Highland Park SMWS 4.188 - SMWS 4.188,distillery_id_absent_from_W_set
605431d1-f644-5dcc-a88f-17f23ac53b0b,D1871,22.0,53.9,Highland Park SMWS 4.190 - SMWS 4.190,distillery_id_absent_from_W_set
0632580d-de61-55e7-8409-0b5599cd561e,D1871,22.0,54.2,Highland Park SMWS 4.191 - SMWS 4.191,distillery_id_absent_from_W_set
18f2a337-d292-520a-914c-6eaa255f71c9,D1871,14.0,56.4,Highland Park SMWS 4.197 - SMWS 4.197,distillery_id_absent_from_W_set
52ffae21-8045-5292-8d7a-c742b0b72196,D1871,15.0,55.8,Highland Park SMWS 4.203 - SMWS 4.203,distillery_id_absent_from_W_set
77954d9a-d5cc-57c0-aa4b-e7a982e80b3f,D1871,19.0,54.6,Highland Park SMWS 4.207 - SMWS 4.207,distillery_id_absent_from_W_set
c4765adf-d4d7-533f-a257-85d99269bf8b,D1871,24.0,52.2,Highland Park SMWS 4.211 - SMWS 4.211,distillery_id_absent_from_W_set
4db5a47f-a3fa-559f-896f-25c1902824b7,D1871,19.0,53.5,Highland Park SMWS 4.216 - SMWS 4.216,distillery_id_absent_from_W_set
1fba5a7a-64ea-5518-bc5d-f16029813fdb,D1871,19.0,53.9,Highland Park SMWS 4.217 - SMWS 4.217,distillery_id_absent_from_W_set
463e6420-c042-5467-8a93-9d86c0640425,D1871,16.0,55.9,Highland Park SMWS 4.218 - SMWS 4.218,distillery_id_absent_from_W_set
9fdd5383-121f-5566-973a-36d04d95a068,D1871,18.0,56.1,"Highland Park SMWS 4.96 - Toffee, Fudge and a Touch of Smoke",distillery_id_absent_from_W_set
b94ec1af-e421-5f11-ab3f-0d6bdc9cfa42,D1890,9.0,59.5,Macduff SMWS 6.23 - old man,distillery_id_absent_from_W_set
a08082c5-da56-5cab-a819-f1a45681b223,D1889,28.0,58.7,Longmorn SMWS 7.100 - SMWS 7.100,distillery_id_absent_from_W_set
5ddf0fa2-a15e-5f5f-9a51-c4ccc3fb0189,D1889,10.0,60.2,Longmorn SMWS 7.101 - SMWS 7.101,distillery_id_absent_from_W_set
4f2810a6-5206-5ea0-9716-c798a2e3c8e1,D1889,29.0,51.6,Longmorn SMWS 7.103 - SMWS 7.103,distillery_id_absent_from_W_set
e563f1b7-fd8f-5d03-85f3-c20503b1620b,D1889,21.0,54.5,Longmorn SMWS 007.105 - SMWS 007.105,distillery_id_absent_from_W_set
15f954f0-63dc-5aa5-8ce9-be3fef6414c1,D1889,10.0,59.7,Longmorn SMWS 7.109 - SMWS 7.109,distillery_id_absent_from_W_set
9173fc7c-8e53-59c7-a590-536def6d65e4,D1889,11.0,60.1,Longmorn SMWS 7.111 - SMWS 7.111,distillery_id_absent_from_W_set
b2b3bff7-b440-5b6e-8145-471607705f2a,D1889,29.0,58.5,Longmorn SMWS 007.116 - to travel is better than to arrive,distillery_id_absent_from_W_set
d4d7a90f-c5cb-5da2-ae40-aa0f08e18b99,D1889,12.0,,Longmorn SMWS 007.133 - SMWS 007.133,distillery_id_absent_from_W_set
1d7003ff-3292-5775-bc19-8d6beb7f95c0,D1889,36.0,53.3,Longmorn SMWS 7.29 - A Devine Spirit,distillery_id_absent_from_W_set
848f0045-74af-53ee-935b-e25e98760ca2,D1889,38.0,51.0,Longmorn SMWS 7.39 - Just Amazing,distillery_id_absent_from_W_set
6bcc301b-669c-5589-b739-ac990f112bff,D1889,21.0,52.5,Longmorn SMWS 007.40 - Rich and Heady,distillery_id_absent_from_W_set
9c7b5716-5970-55c8-bb60-05a13d2312ed,D1889,39.0,49.7,Longmorn SMWS 7.47 - Church Pews and Tobacco,distillery_id_absent_from_W_set
6443f5b5-8abd-511b-98c8-fa381b6f3bbc,D1889,41.0,46.0,"Longmorn SMWS 7.53 - Nutty
 characters",distillery_id_absent_from_W_set
76f7ef6f-0e2b-5c38-8345-f52674017939,D1889,22.0,54.8,Longmorn SMWS 7.77 - SMWS 7.77,distillery_id_absent_from_W_set
0da48c20-08fd-5ba8-9a80-2a0d64b06a64,D1889,22.0,51.4,Longmorn SMWS 7.80 - SMWS 7.80,distillery_id_absent_from_W_set
997f0a5e-b3f5-58e0-ac91-7cb6108a8e0f,D1889,19.0,53.6,Longmorn SMWS 7.85 - SMWS 7.85,distillery_id_absent_from_W_set
603361f9-a081-5e15-86ae-29a3863bbf57,D1889,27.0,54.1,Longmorn SMWS 7.89 - SMWS 7.89,distillery_id_absent_from_W_set
f8d9a3db-10da-5584-9764-dc3aa0f2d074,D1889,11.0,57.6,Longmorn SMWS 7.93 - SMWS 7.93,distillery_id_absent_from_W_set
bac17ee6-ba73-5d9b-a9ba-b259420ef1e7,D1889,27.0,55.6,Longmorn SMWS 7.94 - SMWS 7.94,distillery_id_absent_from_W_set
085b02c9-ff1e-5311-9b20-b12c22a6eaae,D1889,20.0,53.9,Longmorn SMWS 7.97 - SMWS 7.97,distillery_id_absent_from_W_set
9d19f57d-5f19-527e-a2ca-b04899fc0746,D1889,9.0,60.2,Longmorn SMWS 7.98 - SMWS 7.98,distillery_id_absent_from_W_set
84988f3e-cf4b-5393-a126-a0ec96601f21,D1908,20.0,62.5,Tamdhu SMWS 008.35 - Foxgloves and Spangles,distillery_id_absent_from_W_set
c3dce1c4-9531-51fe-b1b6-0b2edc1a5e7d,D1908,14.0,59.1,Tamdhu SMWS 8.42 - Fruity,distillery_id_absent_from_W_set
4b3de087-6462-5231-a3d5-5f36575d60c2,D1907,10.0,,Strathmill SMWS 100.12 - SMWS 100.12,distillery_id_absent_from_W_set
51d1180f-309b-56fe-bbd3-ca544e93784f,D1910,12.0,61.4,"Tomatin SMWS 011.24 - Peat, Grass and Delicate Fruits",distillery_id_absent_from_W_set
cf69d863-e2c8-5e0e-b3fc-5ca1f66a8096,D1910,24.0,53.7,Tomatin SMWS 011.27 - Floral Notes and Honey,distillery_id_absent_from_W_set
438c8685-481e-5fb3-ab5d-4e6a851e9d24,D1900,9.0,56.2,Scapa SMWS 17.32 - SMWS 17.32,distillery_id_absent_from_W_set
c689f2f3-bf99-50a5-ad12-b79b75e11892,D1900,11.0,56.1,Scapa SMWS 17.35 - SMWS 17.35,distillery_id_absent_from_W_set
0b2cffd1-564c-580d-8d74-de138672f942,D1874,24.0,55.6,Inchgower SMWS 018.23 - A Farmer's Friend,distillery_id_absent_from_W_set
9bc67431-e858-5c7c-a670-7983c28f14cf,D1864,17.0,54.1,"Glenglassaugh SMWS 021.22 - Seaweed, Soap and a Bracing Breeze",distillery_id_absent_from_W_set
a003e793-e244-55be-849d-627ccd0f169b,D1864,27.0,49.2,Glenglassaugh SMWS 21.25 - SMWS 21.25,distillery_id_absent_from_W_set
4f5137ff-db9b-50ed-aed2-5239a7953289,D1864,28.0,51.1,Glenglassaugh SMWS 021.26 - Cotton Candy and Lipstick,distillery_id_absent_from_W_set
5bddfb74-aa85-59b9-8787-898e36316ef3,D1867,14.0,58.6,Glenrothes SMWS 030.46 - Rich Fruits and Sherry,distillery_id_absent_from_W_set
1a201662-1db2-5a83-b106-cf45e7b24e53,D1867,19.0,55.9,Glenrothes SMWS 30.62 - SMWS 30.62,distillery_id_absent_from_W_set
bfd02fd3-2f68-5494-89f2-8d9f5b3fe69b,D1948,12.0,59.4,"Caperdonich SMWS 38.18 - Pepper, Lemon and Smoke",distillery_id_absent_from_W_set
3b9fddcc-d2e8-5b32-b263-19521428b3fb,D1948,63.0,58.7,Caperdonich SMWS 38.19 - Fun Time Whisky,distillery_id_absent_from_W_set
87258de8-1942-558a-8918-53377ccb7bce,D1948,16.0,57.4,Caperdonich SMWS 38.20 - SMWS 38.20,distillery_id_absent_from_W_set
9cf39599-6bc3-555c-8a87-75fc94c81667,D1948,17.0,58.0,Caperdonich SMWS 38.21 - SMWS 38.21,distillery_id_absent_from_W_set
1aedd086-0004-5f82-be3f-ac59e247b290,D1885,14.0,58.5,Linkwood SMWS 39.104 - SMWS 39.104,distillery_id_absent_from_W_set
89605e03-9f1d-56d7-a05f-d5715b3ee7d2,D1885,14.0,58.0,Linkwood SMWS 39.110 - SMWS 39.110,distillery_id_absent_from_W_set
c04d96e6-6a63-57c9-8442-c378c4a34148,D1885,19.0,54.9,"Linkwood SMWS 039.43 - Like a Lime Rickey, Fresh and Clean",distillery_id_absent_from_W_set
c79bbbcc-7ec6-5f12-99d1-56685992deda,D1885,16.0,59.6,Linkwood SMWS 039.52 - Linseed Oil on a Cricket Bat,distillery_id_absent_from_W_set
503ce28c-d1ed-54e5-aba5-eeb9bd1d271b,D1885,23.0,55.5,Linkwood SMWS 39.57 - Urbane and Demure,distillery_id_absent_from_W_set
5d7620b8-8700-5341-8367-bdfc4c989ad4,D1885,26.0,56.4,"Linkwood SMWS 39.71 - Ah yes,",distillery_id_absent_from_W_set
4e6807e5-e7c8-5446-be82-a46029dbc2e3,D1885,13.0,58.5,Linkwood SMWS 39.75 - SMWS 39.75,distillery_id_absent_from_W_set
3c154b07-aca5-59ce-a677-a29b043b961a,D1885,19.0,45.9,"Linkwood SMWS 39.81 - honeysuckle by a
    garden gate",distillery_id_absent_from_W_set
96cb248e-106e-5cc5-aad7-a2e5f389bd62,D1885,28.0,53.9,Linkwood SMWS 39.83 - SMWS 39.83,distillery_id_absent_from_W_set
32be3d9b-413c-5cfc-a053-d8dbab8bcd60,D1885,21.0,48.0,Linkwood SMWS 39.84 - SMWS 39.84,distillery_id_absent_from_W_set
5a823447-dca9-5d25-a2f0-edda49de4929,D1885,22.0,46.7,Linkwood SMWS 39.89 - SMWS 39.89,distillery_id_absent_from_W_set
55a30f70-fd7e-5772-acce-9b00a08956ca,D1885,23.0,49.5,Linkwood SMWS 39.92 - SMWS 39.92,distillery_id_absent_from_W_set
adb7699c-9e1c-53fb-a00a-f42b32d75885,D1885,29.0,57.9,Linkwood SMWS 39.93 - SMWS 39.93,distillery_id_absent_from_W_set
1fb8afd9-e89a-5435-8bcf-3ad839088a2b,D1885,23.0,44.7,Linkwood SMWS 39.94 - SMWS 39.94,distillery_id_absent_from_W_set
54f8070c-a704-56c2-928b-ab0ca9731805,D1885,9.0,61.2,Linkwood SMWS 39.95 - SMWS 39.95,distillery_id_absent_from_W_set
6efe3504-3026-5aa6-ad5a-aa317e561375,D1885,23.0,59.1,Linkwood SMWS 39.98 - SMWS 39.98,distillery_id_absent_from_W_set
859e54f2-410c-5b36-925c-5edd44d347f1,D1885,23.0,58.9,Linkwood SMWS 39.99 - SMWS 39.99,distillery_id_absent_from_W_set
f436ba72-8ca2-5aaf-82e6-886efe2603b2,D1959,28.0,55.3,Dailuaine SMWS 41.43 - SMWS 41.43,distillery_id_absent_from_W_set
3664b0f4-08fe-50d0-85cb-40ea92995cfb,D1959,7.0,62.5,Dailuaine SMWS 41.46 - SMWS 41.46,distillery_id_absent_from_W_set
aaa00244-00d2-5dba-9fb4-db4a209b835a,D1959,30.0,50.9,Dailuaine SMWS 41.49 - SMWS 41.49,distillery_id_absent_from_W_set
3a42ba7c-6d46-5712-bc9a-a00ac2a96d79,D1959,30.0,53.5,Dailuaine SMWS 41.50 - SMWS 41.50,distillery_id_absent_from_W_set
f39ecaf0-c8a9-58d1-b69c-de2bd508682e,D1959,21.0,57.1,Dailuaine SMWS 41.51 - SMWS 41.51,distillery_id_absent_from_W_set
56d18e9e-213a-59c7-9033-3d6fdca3d67b,D1959,8.0,58.7,Dailuaine SMWS 41.54 - SMWS 41.54,distillery_id_absent_from_W_set
7bf5a7d9-12b0-51b3-86a3-341e9899ca3d,D1959,24.0,46.4,Dailuaine SMWS 41.57 - SMWS 41.57,distillery_id_absent_from_W_set
917d22c8-e7d3-528e-a919-fa72e1da304f,D1959,10.0,61.5,Dailuaine SMWS 41.58 - SMWS 41.58,distillery_id_absent_from_W_set
509c177d-1834-57d9-a630-68ddacb1fef9,D1959,33.0,51.5,Dailuaine SMWS 41.61 - Everything I look for in a dram!,distillery_id_absent_from_W_set
c1660acc-a4e8-5d22-92b8-30e894298475,D1959,11.0,60.3,Dailuaine SMWS 41.66 - SMWS 41.66,distillery_id_absent_from_W_set
296c029e-4113-5088-991a-02682c7f36dd,D1959,30.0,53.7,Dailuaine SMWS 41.67 - SMWS 41.67,distillery_id_absent_from_W_set
1df09e00-8b48-5308-ba93-f961345c7edc,D1959,11.0,59.5,Dailuaine SMWS 41.71 - SMWS 41.71,distillery_id_absent_from_W_set
8ad5b983-e855-57fb-8289-a246738d047a,D1847,24.0,58.1,Craigellachie SMWS 44.27 - Breathless!,distillery_id_absent_from_W_set
44928acd-7487-5a57-b1cf-453f11087454,D1847,15.0,58.0,Craigellachie SMWS 44.41 - chunky mouthful,distillery_id_absent_from_W_set
37f64680-31f6-57a9-ba7c-ada049149bf6,D1847,15.0,59.4,Craigellachie SMWS 44.43 - SMWS 44.43,distillery_id_absent_from_W_set
83c97133-df0a-53b7-9681-48c21b7d5794,D1847,11.0,60.6,Craigellachie SMWS 44.48 - SMWS 44.48,distillery_id_absent_from_W_set
91c92fe2-775c-519e-b6ac-581d2cfbb898,D1847,11.0,58.7,Craigellachie SMWS 44.49 - SMWS 44.49,distillery_id_absent_from_W_set
a92672e0-aa52-506e-8a34-918103f6cf30,D1847,22.0,53.7,Craigellachie SMWS 44.51 - SMWS 44.51,distillery_id_absent_from_W_set
6f5d57e1-9efa-5810-8ea2-e4eb7188c876,D1847,22.0,52.9,Craigellachie SMWS 44.55 - SMWS 44.55,distillery_id_absent_from_W_set
4da4e3a7-11ef-5569-8929-0446461c150c,D1847,13.0,59.1,Craigellachie SMWS 44.58 - SMWS 44.58,distillery_id_absent_from_W_set
8cfae60b-1520-5fac-9194-7bbbf4582a72,D1847,23.0,51.4,Craigellachie SMWS 44.59 - SMWS 44.59,distillery_id_absent_from_W_set
fc05742a-2324-55aa-9157-91546ef3f295,D1847,14.0,56.9,Craigellachie SMWS 44.60 - SMWS 44.60,distillery_id_absent_from_W_set
b0eda85a-3cd3-5a21-b3d3-a437d1c55364,D1847,15.0,55.4,Craigellachie SMWS 44.63 - SMWS 44.63,distillery_id_absent_from_W_set
6e718c30-489c-5113-b724-d7c3e4a45079,D1847,24.0,52.4,Craigellachie SMWS 44.65 - SMWS 44.65,distillery_id_absent_from_W_set
19a52edc-7bd3-5c11-9eb0-41f401d73c85,D1847,25.0,52.2,Craigellachie SMWS 44.67 - SMWS 44.67,distillery_id_absent_from_W_set
270993c6-b31a-5ea9-bfd4-f1fe45df7294,D1962,27.0,50.6,"Dallas Dhu SMWS 045.15 - Maraschino Cherries, Toffee
                and Fresh Butter",distillery_id_absent_from_W_set
79d53b1e-3c1a-59f0-b427-9ac52f18d45f,D1866,27.0,55.1,Glenlossie SMWS 046.12 - Prosutto and Leather Bags,distillery_id_absent_from_W_set
086f622f-b23c-508d-b448-8218aec33aea,D1866,15.0,52.2,Glenlossie SMWS 46.16 - Ginger and Spice,distillery_id_absent_from_W_set
9760d26e-28f1-57a7-baf2-b5b089d7e38f,D1866,16.0,52.2,Glenlossie SMWS 46.19 - SMWS 46.19,distillery_id_absent_from_W_set
41ff30fe-8319-5774-bd9c-ec01fb9413ab,D1866,11.0,60.9,Glenlossie SMWS 46.21 - SMWS 46.21,distillery_id_absent_from_W_set
0330f875-4590-5a45-8118-45f2af3b64c9,D1866,12.0,52.6,Glenlossie SMWS 46.23 - SMWS 46.23,distillery_id_absent_from_W_set
98e75ccb-c392-5a4a-8ec4-5d6e1a2784b2,D1866,12.0,60.5,Glenlossie SMWS 46.27 - SMWS 46.27,distillery_id_absent_from_W_set
abce6bf1-3c63-5b38-a750-df2b8cca014a,D1866,14.0,59.1,Glenlossie SMWS 46.29 - SMWS 46.29,distillery_id_absent_from_W_set
cc6f4607-d430-5bd9-8bf3-3236889b6800,D1866,14.0,58.6,Glenlossie SMWS 46.30 - SMWS 46.30,distillery_id_absent_from_W_set
bde62812-00f3-515a-897a-62a179eb64f1,D1866,22.0,54.2,Glenlossie SMWS 46.31 - SMWS 46.31,distillery_id_absent_from_W_set
e23a3a10-0802-522f-b09a-b92aabcd8e18,D1834,17.0,55.8,Balmenach SMWS 048.08 - Fantastic Evolution,distillery_id_absent_from_W_set
385b565a-6903-51c9-bf5c-1e19576e6618,D1834,9.0,60.8,Balmenach SMWS 48.17 - SMWS 48.17,distillery_id_absent_from_W_set
2585098f-b06e-5895-89b3-98a27389428b,D1834,10.0,60.5,Balmenach SMWS 48.20 - SMWS 48.20,distillery_id_absent_from_W_set
3762f537-f9cd-5c03-a7de-089b3027e9b4,D1834,22.0,49.3,Balmenach SMWS 48.24 - SMWS 48.24,distillery_id_absent_from_W_set
028e1935-5750-5873-aecc-57af34268a7a,D1834,23.0,50.5,Balmenach SMWS 48.26 - SMWS 48.26,distillery_id_absent_from_W_set
8cdf2bea-62dc-5dbf-a052-175b93919b7e,D1834,12.0,61.0,Balmenach SMWS 48.29 - SMWS 48.29,distillery_id_absent_from_W_set
4a5092b0-82c8-50a0-a478-dc77819b2261,D1834,9.0,63.3,Balmenach SMWS 48.34 - SMWS 48.34,distillery_id_absent_from_W_set
fcfad8c4-ad35-5ff7-b276-06d068b48bfc,D1834,9.0,58.6,Balmenach SMWS 48.37 - SMWS 48.37,distillery_id_absent_from_W_set
0fba713a-af35-524d-94a7-a7516e0aa71b,D1834,25.0,48.3,Balmenach SMWS 48.41 - SMWS 48.41,distillery_id_absent_from_W_set
9fb26511-7b59-5f7b-a6a3-57fb3509a5c2,D1834,10.0,56.7,Balmenach SMWS 48.42 - SMWS 48.42,distillery_id_absent_from_W_set
1e41f13d-f274-594e-ab20-a9cf6666c04c,D1834,12.0,55.5,Balmenach SMWS 48.43 - SMWS 48.43,distillery_id_absent_from_W_set
77eb1e93-718c-5ae5-a01b-70ae954fdf26,D1834,12.0,57.4,Balmenach SMWS 48.46 - SMWS 48.46,distillery_id_absent_from_W_set
4302fa92-9ccc-562b-91e1-e9f1c0c9ab5e,D1834,13.0,56.9,Balmenach SMWS 48.50 - SMWS 48.50,distillery_id_absent_from_W_set
806765a7-c962-5e8b-a05a-442a8ac49e72,D1834,12.0,,Balmenach SMWS 48.54 - Delicious!,distillery_id_absent_from_W_set
db0e5646-1718-57e5-adc8-103b3cea1870,D2104,26.0,59.1,St. Magdalene SMWS 49.10 - A Royal Aperitif,distillery_id_absent_from_W_set
c3bb66dc-0665-58f9-9784-933c81a44a84,D1898,10.0,60.0,Royal Brackla SMWS 55.19 - SMWS 55.19,distillery_id_absent_from_W_set
21ddd7df-7535-50ef-8230-4845eeac0f53,D1898,12.0,58.8,Royal Brackla SMWS 55.20 - SMWS 55.20,distillery_id_absent_from_W_set
ae79c455-2c52-5e0c-9c7f-eb7086a1ae9c,D1898,12.0,59.1,Royal Brackla SMWS 55.21 - SMWS 55.21,distillery_id_absent_from_W_set
5bb56175-5b79-5232-917c-8c9fa5d87186,D1898,20.0,55.1,Royal Brackla SMWS 55.23 - SMWS 55.23,distillery_id_absent_from_W_set
b20cea86-25f7-52af-8482-937bb6f78452,D1898,14.0,57.3,Royal Brackla SMWS 55.26 - SMWS 55.26,distillery_id_absent_from_W_set
338ee651-18bf-5228-8b30-50135e91e0b8,D1898,14.0,,Royal Brackla SMWS 55.28 - SMWS 55.28,distillery_id_absent_from_W_set
b3177a1c-75c5-5146-b929-aa12686e65c4,D1898,17.0,58.3,Royal Brackla SMWS 55.31 - SMWS 55.31,distillery_id_absent_from_W_set
1360d5cd-1c8a-5e10-b2ae-027aa400c34d,D1906,25.0,,Strathisla SMWS 58.15 - SMWS 58.15,distillery_id_absent_from_W_set
94eb839f-67b1-5f79-83c4-cc4e443957a7,D1906,10.0,,"Strathisla SMWS 58.17 - NOT SHAKEN, NOT STIRRED",distillery_id_absent_from_W_set
d1c51c06-1f97-5233-bc06-43685e06e37f,D1906,10.0,,Strathisla SMWS 58.18 - SMWS 58.18,distillery_id_absent_from_W_set
0b396ef6-d42a-5696-b73d-6ffc6167d19f,D1906,28.0,49.3,Strathisla SMWS 058.8 - Sid Viscous,distillery_id_absent_from_W_set
fe6f69c1-6d2f-542c-ac5c-da11d61f070f,D1909,17.0,59.0,Teaninich SMWS 59.21 - SMWS 59.21,distillery_id_absent_from_W_set
b70ae197-6588-5cc2-81c1-8a2813089154,D1909,20.0,58.9,"Teaninich SMWS 059.26 - Sweet, Buttery and Malty",distillery_id_absent_from_W_set
314b3fcb-a384-57ac-8293-0ace3401a8dc,D1909,20.0,53.9,Teaninich SMWS 059.29 - Honey and Lemons,distillery_id_absent_from_W_set
42812528-9261-5bb6-9024-864d8d78cb27,D1909,21.0,54.8,Teaninich SMWS 059.32 - A Mild Mannered Chameleon,distillery_id_absent_from_W_set
c7000075-6e4e-539b-a2c2-e016ea3336ce,D1909,16.0,59.7,Teaninich SMWS 59.39 - gateway to Narnia!,distillery_id_absent_from_W_set
64c9c84f-64ae-5ab9-8dd0-2db5839d53c8,D1909,27.0,55.0,Teaninich SMWS 59.40 - SMWS 59.40,distillery_id_absent_from_W_set
b9ae0e40-4622-576c-8288-e24d0d00b4e7,D1909,29.0,45.7,Teaninich SMWS 59.41 - SMWS 59.41,distillery_id_absent_from_W_set
757eae60-5e83-5475-ba55-c2907b8b93e9,D1909,30.0,51.2,Teaninich SMWS 59.48 - SMWS 59.48,distillery_id_absent_from_W_set
9a23dba3-6324-5374-b611-84734b86b04c,D1909,30.0,49.2,Teaninich SMWS 59.49 - SMWS 59.49,distillery_id_absent_from_W_set
ef48b040-83db-5c6b-95da-cc3f219c9a45,D1909,30.0,51.5,Teaninich SMWS 59.51 - SMWS 59.51,distillery_id_absent_from_W_set
68e01dd9-147e-55df-b08b-4185fbeb26b4,D2001,24.0,59.3,"Glenlochy SMWS 62.13 - Prunes, Coffee Beans and Almonds",distillery_id_absent_from_W_set
2b28b0ac-5533-57d5-aafb-cd990d7c350f,D2001,26.0,59.6,Glenlochy SMWS 62.16 - A Classic,distillery_id_absent_from_W_set
80b95c2f-d9d6-514b-b5cd-3c18774d2a7b,D2001,23.0,59.9,Glenlochy SMWS 062.8 - Licorice and Fruit,distillery_id_absent_from_W_set
477544ad-871e-5747-927e-c73dfd020c4d,D1868,19.0,52.3,Glentauchers SMWS 63.23 - SMWS 63.23,distillery_id_absent_from_W_set
68640243-ac86-56de-b3d7-b1c51baf2768,D1868,21.0,52.6,Glentauchers SMWS 63.26 - SMWS 63.26,distillery_id_absent_from_W_set
6a608283-1078-579e-9c99-b0f0418ac01d,D1868,5.0,62.3,Glentauchers SMWS 63.27 - SMWS 63.27,distillery_id_absent_from_W_set
35889486-794e-59a6-959b-d5a1c03bd14a,D1868,23.0,53.0,Glentauchers SMWS 63.29 - SMWS 63.29,distillery_id_absent_from_W_set
c89c8404-2033-5b00-a517-c9d0ee9e1963,D1868,25.0,51.6,Glentauchers SMWS 63.31 - SMWS 63.31,distillery_id_absent_from_W_set
56e069bf-6886-507d-9dbd-ecbcc162a7e5,D1868,25.0,50.7,Glentauchers SMWS 63.35 - SMWS 63.35,distillery_id_absent_from_W_set
27aff9f7-a2de-5b17-be60-fc35ac6c9a3a,D1891,23.0,62.2,Mannochmore SMWS 064.11 - Burnt Heather Dipped in Syrup,distillery_id_absent_from_W_set
6f658247-ce6c-5917-9718-99c92d81dab6,D1891,13.0,57.1,Mannochmore SMWS 64.13 - Fizzy Sweets and Nutty Chocolate,distillery_id_absent_from_W_set
da1b0001-0e00-5f4d-bd61-9d9b7d9fae41,D1891,8.0,61.5,Mannochmore SMWS 64.19 - Woof!,distillery_id_absent_from_W_set
7fa0edcd-1e28-5989-9177-f2a5db78309c,D1891,27.0,54.9,Mannochmore SMWS 64.21 - SMWS 64.21,distillery_id_absent_from_W_set
a73b1b26-a38b-5396-936d-23002c59e795,D1891,21.0,48.7,Mannochmore SMWS 64.26 - SMWS 64.26,distillery_id_absent_from_W_set
2b9e88ea-4e1d-5c0e-80bf-67b9c3821999,D1891,9.0,61.9,Mannochmore SMWS 64.27 - SMWS 64.27,distillery_id_absent_from_W_set
28991b99-efbe-5455-a719-85300fe54ce1,D1891,8.0,62.3,Mannochmore SMWS 64.33 - SMWS 64.33,distillery_id_absent_from_W_set
b4163c3c-da78-5f90-8620-a0ed7d133c80,D1891,21.0,55.2,Mannochmore SMWS 64.35 - SMWS 64.35,distillery_id_absent_from_W_set
c77dc32b-7a8e-51b6-8192-fbe688c9dc51,D1891,22.0,55.6,Mannochmore SMWS 64.42 - SMWS 64.42,distillery_id_absent_from_W_set
ff90728b-cad1-5e26-9dee-a05f77bbe9ea,D1891,23.0,55.5,Mannochmore SMWS 64.43 - SMWS 64.43,distillery_id_absent_from_W_set
4eceb843-dc6e-5916-ac2a-5c8a146b0e51,D1891,12.0,56.7,Mannochmore SMWS 64.46 - SMWS 64.46,distillery_id_absent_from_W_set
bf4ed8be-0ac8-5fe2-b3b5-9334cff8213a,D1891,23.0,56.4,Mannochmore SMWS 64.50 - SMWS 64.50,distillery_id_absent_from_W_set
c2eef6be-e5bc-5f34-86c6-3cfcc5ad024c,D1891,11.0,62.6,Mannochmore SMWS 64.59 - SMWS 64.59,distillery_id_absent_from_W_set
9586f469-fd6a-5a10-884b-c40e3548630b,D1891,14.0,60.3,Mannochmore SMWS 64.65 - SMWS 64.65,distillery_id_absent_from_W_set
98c5807f-5dfd-5aa7-a177-9f479bd71266,D1837,24.0,55.1,"Blair Athol SMWS 68.9 - Apple Strudel, Dark Chocolate and Espresso",distillery_id_absent_from_W_set
fba66419-a0be-5d5d-ac29-f9d068c48282,D1982,27.0,58.0,Glen Albyn SMWS 069.13 - A Schizophrenic,distillery_id_absent_from_W_set
04a7283f-4adb-5344-8927-0c604404c5c9,D1982,25.0,56.8,Glen Albyn SMWS 069.9 - A Luxurious Holiday Dram,distillery_id_absent_from_W_set
61feb702-492b-5674-b911-5ae85fe3918d,D1861,20.0,59.8,Glenburgie SMWS 71.30 - Macadamia and Medicine,distillery_id_absent_from_W_set
acf667d2-4834-5850-a161-124d162e118b,D1861,20.0,57.4,Glenburgie SMWS 71.33 - SMWS 71.33,distillery_id_absent_from_W_set
96c03c86-ec05-545c-ae61-95e0a6962f6a,D1861,13.0,56.8,Glenburgie SMWS 71.34 - SMWS 71.34,distillery_id_absent_from_W_set
7433c595-2faf-59e1-b1c7-68efc3409d34,D1861,27.0,57.2,Glenburgie SMWS 71.35 - SMWS 71.35,distillery_id_absent_from_W_set
bce07d6a-1f60-5499-9e6c-59ea276d8d86,D1861,27.0,57.0,Glenburgie SMWS 71.38 - SMWS 71.38,distillery_id_absent_from_W_set
0eb2c004-ff1c-57fa-985b-03271491f196,D1861,23.0,56.3,Glenburgie SMWS 71.40 - SMWS 71.40,distillery_id_absent_from_W_set
08888c37-9fc1-590c-9147-6c4cec08d9fa,D1861,17.0,57.2,Glenburgie SMWS 71.41 - SMWS 71.41,distillery_id_absent_from_W_set
932686e9-a892-5876-848c-8eaa8e72cabb,D1861,17.0,,Glenburgie SMWS 71.42 - SMWS 71.42,distillery_id_absent_from_W_set
47a34571-038c-5966-81d9-5fe9c0536813,D1893,10.0,60.1,Miltonduff SMWS 072.12 - Apricot Cream,distillery_id_absent_from_W_set
030dc8b5-ae27-5156-acb8-ee9224985625,D1893,23.0,55.2,Miltonduff SMWS 072.16 - Sensual and Fecund,distillery_id_absent_from_W_set
bc8e3289-0ab7-57d9-8b9a-42554754f4d5,D1893,29.0,53.7,Miltonduff SMWS 72.22 - SMWS 72.22,distillery_id_absent_from_W_set
fc17fc25-f5ce-5afb-8926-190c8f6d006d,D1893,8.0,60.9,Miltonduff SMWS 72.24 - SMWS 72.24,distillery_id_absent_from_W_set
7602cca3-5fce-5890-b0c8-87dc7621a683,D1893,29.0,49.9,Miltonduff SMWS 72.25 - SMWS 72.25,distillery_id_absent_from_W_set
8e16168f-3257-5638-ac7b-7e31fc0a9f3e,D1893,30.0,53.2,Miltonduff SMWS 72.29 - SMWS 72.29,distillery_id_absent_from_W_set
c45f760d-d60c-5016-8d27-e0934ef882aa,D1893,30.0,55.6,Miltonduff SMWS 72.34 - SMWS 72.34,distillery_id_absent_from_W_set
ca1fe3c6-a0eb-5dd7-a92a-de5c475cdf59,D1893,28.0,50.1,Miltonduff SMWS 72.38 - SMWS 72.38,distillery_id_absent_from_W_set
7f7c7191-50b2-52e6-a84f-226071d1c41b,D1893,31.0,51.1,Miltonduff SMWS 72.39 - SMWS 72.39,distillery_id_absent_from_W_set
adaae249-2a59-5059-aa4d-09eff1f0f0af,D1893,9.0,59.8,Miltonduff SMWS 72.41 - SMWS 72.41,distillery_id_absent_from_W_set
2e954436-5611-52fc-a7aa-68ae5303ce3d,D1893,10.0,59.8,Miltonduff SMWS 72.43 - SMWS 72.43,distillery_id_absent_from_W_set
ab1acf78-01da-5510-8850-5a7dd3f9c627,D1893,32.0,52.2,Miltonduff SMWS 72.45 - SMWS 72.45,distillery_id_absent_from_W_set
fc8f57db-14b0-510a-8403-655d55bc07ff,D1893,10.0,59.7,Miltonduff SMWS 72.47 - BURNT SPOTTED DICK,distillery_id_absent_from_W_set
cea32c5c-1e4b-59b1-ae17-e8eb319f2f70,D1832,12.0,58.4,Aultmore SMWS 073.12 - Buttery Rum-n'-Raisin Fudge,distillery_id_absent_from_W_set
bb5b1a5a-7d26-5da5-98df-cadff6cd4709,D1832,17.0,57.2,Aultmore SMWS 073.18 - Chocolate Smoke,distillery_id_absent_from_W_set
752ca0b5-c422-52fd-951e-a9673675b22d,D1832,15.0,60.1,Aultmore SMWS 73.30 - Extremely Fresh,distillery_id_absent_from_W_set
fa771b36-e4d3-5220-9bc8-0617a8448f30,D1832,17.0,58.8,Aultmore SMWS 73.35 - SMWS 73.35,distillery_id_absent_from_W_set
f3f011f2-b25d-5179-8c04-076fc2a85544,D1832,18.0,53.8,Aultmore SMWS 73.36 - SMWS 73.36,distillery_id_absent_from_W_set
7910972e-e232-5dba-915d-ef3f08fa2fb0,D1832,28.0,53.2,Aultmore SMWS 73.40 - SMWS 73.40,distillery_id_absent_from_W_set
8e2907f2-6c13-5ac0-a1d3-aac059598b90,D1832,19.0,56.1,Aultmore SMWS 73.45 - SMWS 73.45,distillery_id_absent_from_W_set
e18688e2-f4bf-5bd5-a3de-095ea7c12f5b,D1832,12.0,57.6,Aultmore SMWS 73.46 - SMWS 73.46,distillery_id_absent_from_W_set
e5798dbd-bd37-50b6-acb8-0e3b106dd468,D1832,12.0,57.8,Aultmore SMWS 73.47 - SMWS 73.47,distillery_id_absent_from_W_set
64a27f21-5d90-5b2a-8658-10e1206fc801,D1832,20.0,57.4,"Aultmore SMWS 73.50 - Oozing with rich
biscuity notes",distillery_id_absent_from_W_set
411557a7-174a-56a5-9ff7-a4df831c49e5,D1832,23.0,57.5,Aultmore SMWS 73.52 - SMWS 73.52,distillery_id_absent_from_W_set
89d05ac8-33ab-510a-b455-24233ab73114,D1832,10.0,58.9,Aultmore SMWS 73.53 - SMWS 73.53,distillery_id_absent_from_W_set
0dccc341-154b-5284-962c-a6bd0040f621,D1832,20.0,57.2,Aultmore SMWS 73.54 - SMWS 73.54,distillery_id_absent_from_W_set
fe67b7c9-ffc7-58ae-84fa-1382508a5218,D1832,20.0,57.7,Aultmore SMWS 73.56 - SMWS 73.56,distillery_id_absent_from_W_set
4a01c82a-3db3-5c8f-be3f-8e44c303493c,D1832,24.0,57.0,Aultmore SMWS 73.60 - SMWS 73.60,distillery_id_absent_from_W_set
1bc81389-4831-5bd2-b761-971e178944b2,D1832,24.0,57.2,Aultmore SMWS 73.61 - SMWS 73.61,distillery_id_absent_from_W_set
f9819506-4d77-5333-be41-077267d308d5,D1832,11.0,59.8,Aultmore SMWS 73.63 - SMWS 73.63,distillery_id_absent_from_W_set
30edb3eb-bfa3-5b61-8975-9c01b5fae902,D1832,24.0,58.4,Aultmore SMWS 73.64 - SMWS 73.64,distillery_id_absent_from_W_set
16695efa-7910-552d-ac74-1b768a2ea41a,D1832,24.0,55.9,Aultmore SMWS 73.65 - SMWS 73.65,distillery_id_absent_from_W_set
ee9c20f2-430a-5a05-b317-f9a70aabe36f,D1832,22.0,52.9,Aultmore SMWS 73.69 - SMWS 73.69,distillery_id_absent_from_W_set
659fa17f-9402-5b4c-98bc-efe4cdcd0639,D1832,18.0,57.8,Aultmore SMWS 73.72 - SMWS 73.72,distillery_id_absent_from_W_set
4ab82ff5-abef-551c-b8cf-6b145556807a,D1859,22.0,58.8,"Glen Ord SMWS 77.18 - a camp-
fire extinguished by rain,",distillery_id_absent_from_W_set
19855d22-d283-544c-a121-614fa26f6d2e,D1859,23.0,56.8,Glen Ord SMWS 77.23 - SMWS 77.23,distillery_id_absent_from_W_set
d1981713-e98c-5f54-81a0-2b2896907de6,D1859,23.0,56.8,Glen Ord SMWS 77.25 - SMWS 77.25,distillery_id_absent_from_W_set
da27ee95-83e4-504a-88eb-0806692b48cb,D1859,11.0,55.2,Glen Ord SMWS 77.27 - SMWS 77.27,distillery_id_absent_from_W_set
cf2068aa-0fac-581e-9846-b083de235ac5,D1859,25.0,54.9,Glen Ord SMWS 77.28 - SMWS 77.28,distillery_id_absent_from_W_set
6cb6a8ef-a2c6-530d-b1fe-473f6d2028b9,D1859,9.0,61.9,Glen Ord SMWS 77.30 - SMWS 77.30,distillery_id_absent_from_W_set
ee70ee48-d0ee-5c67-a09d-1476f49706b6,D1859,11.0,58.0,Glen Ord SMWS 77.33 - SMWS 77.33,distillery_id_absent_from_W_set
39507de9-8840-575a-8cfe-228d45578d40,D1859,11.0,58.4,Glen Ord SMWS 77.35 - SMWS 77.35,distillery_id_absent_from_W_set
4000dcc3-cae3-5b57-8c00-2e80fe0528f2,D1859,14.0,52.2,Glen Ord SMWS 077.38 - SMWS 077.38,distillery_id_absent_from_W_set
1a5e324a-9059-57e0-8120-1388fa274856,D1859,17.0,57.8,Glen Ord SMWS 077.9 - A Tennis Court Whisky,distillery_id_absent_from_W_set
ed611e8d-52c4-5ee8-a5cd-39c766619fab,D1835,16.0,55.1,Ben Nevis SMWS 78.40 - SMWS 78.40,distillery_id_absent_from_W_set
a14a0d55-8469-5bd7-b979-f0ea9ce0f003,D1860,20.0,51.9,Glen Spey SMWS 080.3 - Christmas Cake,distillery_id_absent_from_W_set
332742fb-7e74-54ea-b106-ef4891386b98,D1858,32.0,56.4,Glen Keith SMWS 81.11 - A Full on Demonstration of Sherry Maturation,distillery_id_absent_from_W_set
b5e4ba52-de1f-527a-81f7-87f07b3560e9,D1858,13.0,60.5,"Glen Keith SMWS 81.14 - Coffee, Toffee and Fudge",distillery_id_absent_from_W_set
9e1c7d21-d46e-501f-b4db-cb9c49b927e2,D1858,32.0,55.0,Glen Keith SMWS 81.9 - Cloves and Old Medicine Cupboards,distillery_id_absent_from_W_set
77c09b79-6362-5af1-91de-efd402793afe,D1863,12.0,59.3,Glendullan SMWS 84.12 - SMWS 84.12,distillery_id_absent_from_W_set
a476297a-52c4-5ea1-b5d3-e71272f798d7,D1863,11.0,56.4,Glendullan SMWS 84.15 - SMWS 84.15,distillery_id_absent_from_W_set
f76b4f4e-43c3-5527-aac8-d588a46256ae,D1863,13.0,56.6,Glendullan SMWS 84.16 - SMWS 84.16,distillery_id_absent_from_W_set
fd6370a3-9f51-5217-b71d-e3acf90b390f,D1863,14.0,55.3,Glendullan SMWS 84.18 - SMWS 84.18,distillery_id_absent_from_W_set
68029326-80e1-58d6-b7ad-e3f741a03fde,D1863,9.0,58.7,Glendullan SMWS 84.9 - Pumpkin Spice,distillery_id_absent_from_W_set
c30c9832-554a-5c5d-af13-9971a95e97dd,D1857,10.0,60.2,"Glen Elgin SMWS 85.20 - treacle on
old sandshoes",distillery_id_absent_from_W_set
a7bde329-5296-5cf5-a9cb-367459f8e0a6,D1857,12.0,60.0,Glen Elgin SMWS 85.22 - SMWS 85.22,distillery_id_absent_from_W_set
116dcdfc-c858-5bfd-aa9d-d3a78211ff7a,D1857,12.0,59.4,Glen Elgin SMWS 85.23 - SMWS 85.23,distillery_id_absent_from_W_set
0995b0b0-eefd-5387-92cf-f2375ccb7322,D1857,13.0,56.3,Glen Elgin SMWS 85.25 - SMWS 85.25,distillery_id_absent_from_W_set
ee0ad751-8b26-56f4-8bf6-0554a423bc61,D1857,29.0,44.1,Glen Elgin SMWS 85.28 - SMWS 85.28,distillery_id_absent_from_W_set
d4172067-7833-5b17-9570-3cb93f05c752,D1857,15.0,54.2,Glen Elgin SMWS 85.29 - SMWS 85.29,distillery_id_absent_from_W_set
4968639a-5c6f-5170-a24f-491787ad174d,D1857,9.0,60.6,Glen Elgin SMWS 85.32 - SMWS 85.32,distillery_id_absent_from_W_set
7500fb0c-49c3-5a75-9066-9065ffbd6f1d,D1852,20.0,56.5,Dufftown SMWS 091.19 - No-nonsense Dram,distillery_id_absent_from_W_set
941c8944-8dc4-5a57-be4a-1777dbf1c180,D1831,19.0,59.0,Auchroisk SMWS 95.10 - SMWS 95.10,distillery_id_absent_from_W_set
d0d64b84-2480-5b0d-a728-7633642c25aa,D1831,19.0,58.4,Auchroisk SMWS 95.13 - SMWS 95.13,distillery_id_absent_from_W_set
a78b19b9-5976-53ea-a95b-d264da636bb5,D1831,23.0,57.4,Auchroisk SMWS 95.15 - SMWS 95.15,distillery_id_absent_from_W_set
b05d58ed-985f-5d00-bb23-dacff70aab08,D1831,17.0,53.2,Auchroisk SMWS 95.19 - SMWS 95.19,distillery_id_absent_from_W_set
c5d9ea95-7ed8-57f4-8592-40e63a734709,D1831,17.0,53.2,Auchroisk SMWS 95.20 - quiche Lorraine with brown sauce,distillery_id_absent_from_W_set
85f639a6-a130-538b-b701-68da13fbc28d,D1831,9.0,58.1,Auchroisk SMWS 95.7 - Spiced Sponge Cake,distillery_id_absent_from_W_set
f15cc4a3-203e-57fc-a44e-a8290ce658f3,D1862,8.0,59.1,GlenDronach SMWS 96.9 - SMWS 96.9,distillery_id_absent_from_W_set
319488d7-4dee-5391-a1f0-71a6efbd0bf5,D2046,17.0,55.1,Littlemill SMWS 97.10 - Embark on a Journey,distillery_id_absent_from_W_set
7389e104-5f42-5cf7-8500-9cc05b98c048,D2046,18.0,55.6,"Littlemill SMWS 97.13 - Lemons, Chillies and Flowers",distillery_id_absent_from_W_set
3119907a-4791-5cd6-b7f4-0bfa9260601e,D2046,19.0,55.6,Littlemill SMWS 97.19 - SMWS 97.19,distillery_id_absent_from_W_set
9c699417-4417-54d0-892f-28b1f8cb8b02,D2046,16.0,56.2,Littlemill SMWS 97.7 - A Wholesome Appertif,distillery_id_absent_from_W_set
fa070f60-40ed-54a5-aebb-d581129b2e1b,D2008,29.0,43.4,"Glenugie SMWS 99.11 - chewing daf-
fodil bulbs",distillery_id_absent_from_W_set
58aba0e1-2345-5f34-9ecc-77a776384492,D2008,30.0,46.7,Glenugie SMWS 99.12 - SMWS 99.12,distillery_id_absent_from_W_set
807275df-da2c-5134-a5b8-7ccd788441eb,D2008,24.0,44.1,Glenugie SMWS 099.9 - Real Ale in Real Pubs,distillery_id_absent_from_W_set
3fcbe474-e3b2-51da-a22c-e1793fb5247a,D1907,10.0,60.9,Strathmill SMWS 100.08 - SMWS 100.08,distillery_id_absent_from_W_set
99ed4dcf-fb57-5cd8-8067-72e071da1c56,D1907,8.0,60.3,Strathmill SMWS 100.10 - SMWS 100.10,distillery_id_absent_from_W_set
f9c3d580-5258-5d75-838b-033316008a87,D1907,11.0,58.6,Strathmill SMWS 100.9 - It's dancing on my tongue,distillery_id_absent_from_W_set
61ea3423-f370-5b75-b4ad-cc595ad881fb,D1861,30.0,50.9,Glenburgie SMWS 104.5 - Retsina and Chocolate Limes,distillery_id_absent_from_W_set
eec34799-b7ba-51d9-9d85-1e31d79fb37d,D1912,21.0,57.2,Tormore SMWS 105.10 - Orange and Aniseed,distillery_id_absent_from_W_set
4fc0f173-77cb-5d71-b84b-5b13ea7fa1b6,D1912,25.0,55.8,Tormore SMWS 105.12 - Spooky!,distillery_id_absent_from_W_set
58d83064-5861-570b-a198-39bb657e6b95,D1912,28.0,55.4,Tormore SMWS 105.15 - SMWS 105.15,distillery_id_absent_from_W_set
86f400bb-59bb-51bc-8d50-28c056e653c7,D1912,28.0,55.3,Tormore SMWS 105.17 - SMWS 105.17,distillery_id_absent_from_W_set
1bc43c3b-587f-53f6-a134-44e82d179d20,D1912,18.0,61.8,Tormore SMWS 105.8 - Fudge and Green Ivy,distillery_id_absent_from_W_set
6cf984b4-46ee-5114-a41f-f3f929eaf99a,D1840,12.0,57.8,Braeval SMWS 113.14 - Sinful and Naughty,distillery_id_absent_from_W_set
24a282b9-b646-5271-89a6-037c3da7dc7f,D0261,22.0,55.5,Cooley SMWS 117.5 - SMWS 117.5,distillery_id_absent_from_W_set
a9819013-a5a4-5c41-ac2f-65c5246e9163,D1894,21.0,61.1,North British SMWS G1.10 - SMWS G1.10,distillery_id_absent_from_W_set
27b07f1f-f2fb-512a-a212-d1c275ae2f26,D1894,21.0,65.1,North British SMWS G1.11 - SMWS G1.11,distillery_id_absent_from_W_set
152e8a93-cab4-5a10-9807-123149aa12ab,D1894,23.0,60.3,North British SMWS G1.12 - SMWS G1.12,distillery_id_absent_from_W_set
8a464a45-a609-5871-b175-9d0733d4a0a1,D1894,37.0,54.1,North British SMWS G1.14 - SMWS G1.14,distillery_id_absent_from_W_set
06e74a41-dbab-563f-92f0-95dffc984aa9,D1894,18.0,64.2,North British SMWS G1.6 - SMWS G1.6,distillery_id_absent_from_W_set
38c38fa2-b0c8-5b04-b7ef-5e0381b1c933,D1894,21.0,62.9,North British SMWS G1.8 - SMWS G1.8,distillery_id_absent_from_W_set
833c0fdd-cca4-50a7-8f5c-b4baa0d3aca2,D1894,21.0,62.8,North British SMWS G1.9 - SMWS G1.9,distillery_id_absent_from_W_set
4c71561f-0a5d-5901-8887-c0b10d714293,D1904,24.0,59.6,Strathclyde SMWS G10.3 - SMWS G10.3,distillery_id_absent_from_W_set
8f95f1ed-d7ab-56af-952b-af1022ad1903,D1971,28.0,47.8,Dumbarton SMWS G14.1 - SMWS G14.1,distillery_id_absent_from_W_set
c5fea2cd-af68-5f11-95b0-f8240a3e511c,D1949,35.0,53.6,Carsebridge SMWS G2.2 - SMWS G2.2,distillery_id_absent_from_W_set
5060614d-276a-58ae-9734-ce4646f24123,D1945,34.0,58.3,Caledonian SMWS G3.2 - SMWS G3.2,distillery_id_absent_from_W_set
00f486c8-02df-58f5-9843-45d2de514a58,D1945,26.0,56.0,Caledonian SMWS G3.3 - SMWS G3.3,distillery_id_absent_from_W_set
8ecbd40b-d6db-5746-a4a4-c65d5c52a1db,D1945,33.0,53.2,Caledonian SMWS G3.6 - SMWS G3.6,distillery_id_absent_from_W_set
b2a39615-d111-5d4a-a955-7f9a9351a39a,D1945,35.0,53.9,Caledonian SMWS G3.8 - SMWS G3.8,distillery_id_absent_from_W_set
d7b58b52-3027-5c86-981d-c13e300cb875,D1844,34.0,52.8,Cameronbridge SMWS G4.10 - SMWS G4.10,distillery_id_absent_from_W_set
b9bd2008-a1a3-5f78-89db-ab9038e0069f,D1844,28.0,55.4,Cameronbridge SMWS G4.2 - SMWS G4.2,distillery_id_absent_from_W_set
f4446de1-663d-51a3-b640-bab8e3b82df4,D1844,34.0,51.9,Cameronbridge SMWS G4.7 - SMWS G4.7,distillery_id_absent_from_W_set
e4ef2c1a-ffdf-59f1-9f0a-49971f609d9f,D1875,25.0,62.3,Invergordon SMWS G5.10 - SMWS G5.10,distillery_id_absent_from_W_set
ce9a5b09-26f0-5724-91d9-038bf51d4c76,D1875,17.0,65.3,Invergordon SMWS G5.2 - SMWS G5.2,distillery_id_absent_from_W_set
6276d8f8-6188-5a9e-8f86-2f8b0049045a,D1875,18.0,65.4,Invergordon SMWS G5.5 - SMWS G5.5,distillery_id_absent_from_W_set
7d7f1ed3-aee7-5503-ad47-60b8a8ae3f7c,D1875,19.0,64.6,Invergordon SMWS G5.7 - SMWS G5.7,distillery_id_absent_from_W_set
4e6be12f-f68c-52c0-a442-1838661a6441,D2082,18.0,55.2,Port Dundas SMWS G6.2 - SMWS G6.2,distillery_id_absent_from_W_set
92a3f209-ac9f-5af3-82ea-745dee1c80c1,D2082,35.0,50.1,Port Dundas SMWS G6.3 - SMWS G6.3,distillery_id_absent_from_W_set
6ee22dc8-9949-5558-8d9d-cd28bc309169,D1856,31.0,59.2,Girvan SMWS G7.10 - SMWS G7.10,distillery_id_absent_from_W_set
daab7040-7461-508f-b449-0c1e6d6f563c,D1856,27.0,60.3,Girvan SMWS G7.2 - SMWS G7.2,distillery_id_absent_from_W_set
a3aba630-5b70-5c0b-a907-59e5a736ed1a,D1856,28.0,58.4,Girvan SMWS G7.4 - SMWS G7.4,distillery_id_absent_from_W_set
2cce09c8-5977-5e68-bb5a-94dede9d7c9a,D1856,30.0,59.4,Girvan SMWS G7.7 - SMWS G7.7,distillery_id_absent_from_W_set
12e7d040-7d61-5b1c-beea-f9fea16b56bf,D1856,22.0,57.3,Girvan SMWS G7.9 - SMWS G7.9,distillery_id_absent_from_W_set
18667c85-5acd-57dc-be95-6ed6d247c020,D1946,23.0,62.4,Cambus SMWS G8.2 - SMWS G8.2,distillery_id_absent_from_W_set
bec4ab04-e89d-5702-bf05-134bd42b394e,D1946,23.0,59.0,Cambus SMWS G8.3 - SMWS G8.3,distillery_id_absent_from_W_set
7285577b-af5c-5d2c-ac1e-62c8796c96ca,D1946,25.0,59.6,Cambus SMWS G8.5 - SMWS G8.5,distillery_id_absent_from_W_set
fb0a4b12-03d0-5a3b-b6b2-3b8b992a66b8,D1946,26.0,59.7,Cambus SMWS G8.6 - SMWS G8.6,distillery_id_absent_from_W_set
