whisky_id,column,previous_value,new_value
84b74073-31ee-54c4-b58b-e9f22465b4d4,region,,NULL
8b2716e3-6ed0-5b48-afea-d0ee6fa048f2,region,,NULL
472e681d-0af6-5ad3-929f-d79c11568bca,region,,NULL
ba40280d-19ba-5fe7-8ae3-6e1217663f97,region,,NULL
0efb9d47-4282-5b6a-8374-e789c8ae4d42,region,,NULL
9eca5f20-2b16-5025-a428-e2356ac314f2,region,,NULL
6fd88222-84a9-5958-bf60-a435f494fcbe,region,,NULL
4c1b4293-20a1-5b7e-80b9-793710b943e4,region,,NULL
9c7c1f33-a610-53b4-84d1-33c5fb044c6d,region,,NULL
617006f0-15e0-5533-a4b7-52f707e4df93,region,,NULL
4bd25146-6032-5610-ba88-a6fc83328ab6,region,,NULL
7d176195-2e36-57c4-bf37-368dc856fd75,region,,NULL
39a79eb9-3da4-5893-9a52-2603df1beffa,region,,NULL
5124995e-02aa-5c3a-b755-b47e641297ec,region,,NULL
0c1c50d2-8756-5ec9-97c3-3d6e66c10e88,region,,NULL
39151d65-4237-575e-8aa0-06832ae53e48,region,,NULL
231a6572-2f51-5c75-96ac-b4c3df886881,region,,NULL
8a5c5cbb-2d79-53d3-b1c9-7c562230cdbc,region,,NULL
b7a89fb6-3e1c-5301-b434-dc5f5eea56ce,region,,NULL
50b5141a-ebab-501f-aa51-d3fd7932f699,region,,NULL
c35a8d48-2bef-58bb-9c3a-0a152fcbf202,region,,NULL
684f5819-fb65-5776-9aaa-df0beb494341,region,,NULL
a72e11d5-2bf8-5544-8feb-803806369af3,region,,NULL
e3685494-3da0-554f-96ae-d859a7867d34,region,,NULL
21703ad8-1e23-5467-974e-b8180dc584a7,region,,NULL
77ea2155-81e6-59cf-ac1f-416982c76bb1,region,,NULL
5cf27220-5326-5dff-b41d-9c2b7ffa3eb9,region,,NULL
92be4feb-5678-5d29-8431-86b7d5e6c48c,region,,NULL
32cefab1-c233-5955-a544-77674ac72a58,region,,NULL
e7692ba0-16bd-5531-a234-17879d59c490,region,,NULL
427842ee-b573-5f93-87cb-6006930e7489,region,,NULL
a2fe662e-d0f5-55af-89fb-f8cb8864d268,region,,NULL
32e0c7c6-2d48-5fae-990a-bfea7fd8cee0,region,,NULL
fe365565-a937-51a4-9791-b42204bc9e83,region,,NULL
afb23bc7-b657-52da-8f88-85bad84dcd45,region,,NULL
a2056777-c982-5377-ad51-7a60dfb52d20,region,,NULL
2d17e8d5-fac6-5d15-83c0-ae17f92e402f,region,,NULL
49cb6612-1208-5a5f-b429-17b5c8af8d5c,region,,NULL
bb387b06-8ae8-5b78-adad-082101031288,region,,NULL
cab6a49d-1102-5a3c-a3d5-42504490debd,region,,NULL
40519583-3c03-51c4-8259-a16b15634056,region,,NULL
a73fc26d-3117-5d0a-9e49-a8d7de9941d9,region,,NULL
a1b32118-e956-521b-8a60-d5dc187b5f49,region,,NULL
417aac1b-cbd2-5e52-8330-ca1f31547bcd,region,,NULL
9eed4bf3-025b-52d6-94aa-6a07e8433212,region,,NULL
bc24bcd1-1afb-583a-bc37-0e841c7dfcd9,region,,NULL
7d63ad9e-bce9-5249-8352-29a3cce2ac7e,region,,NULL
9fddc56d-264c-5c5e-87df-c0c9f37e941a,region,,NULL
a1e1e40f-fd49-5cda-b8da-6055bc6696da,region,,NULL
9371a2f2-e061-5c4d-9a68-9c62625d1520,region,,NULL
dec91460-c3a1-54b8-9375-20972a55f20d,region,,NULL
82168ee9-dd26-564a-a37d-71802cfb9a50,region,,NULL
bddb9ac9-35a3-5f53-9c5c-dcf1f3081c69,region,,NULL
41299eec-9a5b-53bc-8c94-52ed6139f017,region,,NULL
59774bf2-8a22-52ba-ba4c-45a2321293ea,region,,NULL
cc764bc3-47c4-5780-90bb-246147cbd070,region,,NULL
a2e5065b-6368-5eab-8613-06393762ff3e,region,,NULL
7ecbfeb2-478b-5b11-b6d7-23e768d070a7,region,,NULL
81eda28f-9ccc-5421-a409-d523aa3a6e2a,region,,NULL
b5f68bce-5f42-59c4-873b-2fbfa0192d68,region,,NULL
6173d1c2-a8f7-5a2e-9aef-a6a9dddc8ee0,region,,NULL
7e2dd5b9-7997-55e0-ba95-2561e478d29d,region,,NULL
35cca668-e02e-5e6f-9e57-0609cc73d833,region,,NULL
5e380fac-f8d0-5272-9055-951bb15ca470,region,,NULL
dcc896ed-ac13-58d9-b6e5-7a762692414e,region,,NULL
f8de9132-49dc-5638-acae-f78c8e6986e2,region,,NULL
02c1442c-b077-50ba-80f2-17d811a6d0d2,region,,NULL
e074f3a3-e799-5203-8cec-b965bf913e62,region,,NULL
80bacdff-f9e4-5dca-b90b-8c7670b35587,region,,NULL
52a9c5a9-a1f9-5b8c-975b-4d04ccb82290,region,,NULL
9179c557-8797-5aec-b6d4-15e15e75ef29,region,,NULL
d4635d93-bd03-544e-8c28-c6a590c863b4,region,,NULL
325e83db-d4dc-552e-8493-7ffbeeb467b3,region,,NULL
1f9e358e-e702-5cdb-83fd-1f502379b020,region,,NULL
1dc7c9b6-7d88-53d4-995d-578b398fca2e,region,,NULL
4f363859-6736-5a47-a78b-caac43bd7035,region,,NULL
507f6bdb-bf78-5c19-a6e0-8e622b2c2d84,region,,NULL
f865b05e-a649-5ff1-881a-50c2031c7d80,region,,NULL
fbcd8b02-6ff3-56a1-be42-a40619a610d7,region,,NULL
ab161ef7-6f6b-5d3f-9a75-e79e5499d601,region,,NULL
99abf37a-b1ed-5d55-8566-1a41089efd55,region,,NULL
47003c2d-9022-52e2-9a2a-900c3621db60,region,,NULL
61607d8a-3b83-568b-9104-f97ed19300d0,region,,NULL
d0392b30-9774-550c-bad5-3f6747f85d1f,region,,NULL
01813d48-182c-5cec-8f43-ea9c0ee144d2,region,,NULL
56b0ecd5-b248-5c08-8b28-1e604adedd99,region,,NULL
539c547d-92cd-5ec2-8edf-49b2dd3f1d91,region,,NULL
605431d1-f644-5dcc-a88f-17f23ac53b0b,region,,NULL
0632580d-de61-55e7-8409-0b5599cd561e,region,,NULL
18f2a337-d292-520a-914c-6eaa255f71c9,region,,NULL
52ffae21-8045-5292-8d7a-c742b0b72196,region,,NULL
77954d9a-d5cc-57c0-aa4b-e7a982e80b3f,region,,NULL
c4765adf-d4d7-533f-a257-85d99269bf8b,region,,NULL
4db5a47f-a3fa-559f-896f-25c1902824b7,region,,NULL
1fba5a7a-64ea-5518-bc5d-f16029813fdb,region,,NULL
463e6420-c042-5467-8a93-9d86c0640425,region,,NULL
e9b197c5-6031-5f77-b1d8-2600e939e8c9,region,,NULL
4c685257-4bde-5774-9f50-5f092bf11000,region,,NULL
1d39566b-4dfb-5b09-b1de-58725679f648,region,,NULL
2ee98027-889e-5d6f-bf3f-8963e0093546,region,,NULL
9d360b99-ea16-5ce8-b2bc-23afa6f5fae2,region,,NULL
9cff7a12-1565-5738-bc82-65b68a36d95a,region,,NULL
72edfaa3-ffdc-5814-ab91-5470d61a38aa,region,,NULL
460c18d5-bf31-5734-b56d-298b407cc7da,region,,NULL
def19358-bdfa-5209-a6bb-86299e561d10,region,,NULL
881baad2-7b08-54a4-ac2f-67d0c35f93af,region,,NULL
fd9965cc-f6be-5065-aa7e-710399f0afee,region,,NULL
01d92b9a-a1a6-5f29-a10b-0011a4f51117,region,,NULL
b94ec1af-e421-5f11-ab3f-0d6bdc9cfa42,region,,NULL
a08082c5-da56-5cab-a819-f1a45681b223,region,,NULL
5ddf0fa2-a15e-5f5f-9a51-c4ccc3fb0189,region,,NULL
4f2810a6-5206-5ea0-9716-c798a2e3c8e1,region,,NULL
e563f1b7-fd8f-5d03-85f3-c20503b1620b,region,,NULL
15f954f0-63dc-5aa5-8ce9-be3fef6414c1,region,,NULL
9173fc7c-8e53-59c7-a590-536def6d65e4,region,,NULL
b2b3bff7-b440-5b6e-8145-471607705f2a,region,,NULL
d4d7a90f-c5cb-5da2-ae40-aa0f08e18b99,region,,NULL
6bcc301b-669c-5589-b739-ac990f112bff,region,,NULL
6443f5b5-8abd-511b-98c8-fa381b6f3bbc,region,,NULL
76f7ef6f-0e2b-5c38-8345-f52674017939,region,,NULL
0da48c20-08fd-5ba8-9a80-2a0d64b06a64,region,,NULL
997f0a5e-b3f5-58e0-ac91-7cb6108a8e0f,region,,NULL
603361f9-a081-5e15-86ae-29a3863bbf57,region,,NULL
f8d9a3db-10da-5584-9764-dc3aa0f2d074,region,,NULL
bac17ee6-ba73-5d9b-a9ba-b259420ef1e7,region,,NULL
085b02c9-ff1e-5311-9b20-b12c22a6eaae,region,,NULL
9d19f57d-5f19-527e-a2ca-b04899fc0746,region,,NULL
84988f3e-cf4b-5393-a126-a0ec96601f21,region,,NULL
489bcdd6-48d3-52f4-b288-234c1d30a9dc,region,,NULL
1d6101de-f1a8-5767-9f46-789a3117d799,region,,NULL
d0bf10ba-7a56-5074-b833-08e374cec988,region,,NULL
0b82dcc4-3f08-5be6-952e-d8b2cac072e3,region,,NULL
10e9d25e-fd53-5de8-8ed4-dc2a3d1251cb,region,,NULL
247ccbeb-08fe-5417-818f-d8091f1c01f1,region,,NULL
6c1c7820-11cc-5e6e-9370-34fe66ab652f,region,,NULL
b48c2946-4487-5460-9bf9-67eeba662ea4,region,,NULL
5f1f39e3-d220-5d4e-81d3-5f211f45b43c,region,,NULL
cd376a51-6ca5-5f5a-9e66-10b97d79c4f4,region,,NULL
271312f3-d211-5822-a9f1-eb952a70c92b,region,,NULL
e31a77ba-fd9e-5527-8b32-bfb221e39fdc,region,,NULL
1ebbdb55-ef1e-5cb4-a3e1-212a505d50e3,region,,NULL
3e811c2f-4fe1-5cd1-8474-2eeac5fdd9fa,region,,NULL
63c13200-4827-547d-9592-5a9864db6374,region,,NULL
52bef5e6-a5a3-5e3d-b5b9-94d7768fbd42,region,,NULL
62ae6332-c805-5bbb-b9da-caadffc0febf,region,,NULL
bfb56a35-b717-5916-8048-294f0e5587f9,region,,NULL
833d99e1-858a-5b8c-b999-517e04bb7707,region,,NULL
095ed3f1-39f5-5ffa-8aee-268daa1be826,region,,NULL
dc70b562-1159-5c0a-a834-ff0ed313a132,region,,NULL
6bfcd3a9-d5a1-58bd-b708-1f03078d66c1,region,,NULL
4b3de087-6462-5231-a3d5-5f36575d60c2,region,,NULL
51d1180f-309b-56fe-bbd3-ca544e93784f,region,,NULL
cf69d863-e2c8-5e0e-b3fc-5ca1f66a8096,region,,NULL
b36dfe72-758b-5bb2-bd87-b4067faa5f52,region,,NULL
00bf2de7-aa9f-56c5-9bad-251e9ef209d7,region,,NULL
5f0a3cd8-1703-581f-bc4f-9c935c333d8a,region,,NULL
e9e53564-8947-5707-a819-fc8330a7aa9f,region,,NULL
6deb1e12-ebe1-517a-beef-f215484a59db,region,,NULL
438c8685-481e-5fb3-ab5d-4e6a851e9d24,region,,NULL
c689f2f3-bf99-50a5-ad12-b79b75e11892,region,,NULL
0b2cffd1-564c-580d-8d74-de138672f942,region,,NULL
9bc67431-e858-5c7c-a670-7983c28f14cf,region,,NULL
a003e793-e244-55be-849d-627ccd0f169b,region,,NULL
4f5137ff-db9b-50ed-aed2-5239a7953289,region,,NULL
4b1a4191-b437-5d80-a066-38889af413f5,region,,NULL
e53e858b-a8f7-5b7e-9fc6-ab1c8bcca7f4,region,,NULL
cbe45610-b791-5769-84ed-a61a1df71386,region,,NULL
b5d3c297-c493-5c8f-b5a2-e31d15217c0f,region,,NULL
af2ffb32-dd5f-5160-953c-301c3f0a5209,region,,NULL
3b535169-85ca-50a3-bb5e-f3a25d9fbccd,region,,NULL
a773ee7d-2049-5dd9-9256-e753b986b2d3,region,,NULL
fe277e32-849a-5740-86b6-ed4f1765468b,region,,NULL
b6f3a48f-b6ce-5d8c-9ed0-9152e8ed1267,region,,NULL
d88b74f9-9f43-5023-ad59-8453fcd1315a,region,,NULL
271d5220-383f-5b8d-b377-8b5e132554b2,region,,NULL
3b362ac6-c8e3-58a9-9480-ea3bbc64d0cb,region,,NULL
953626cf-c3a9-5f27-a38a-58431d073257,region,,NULL
38037202-7260-5e4c-8573-08b674fa414a,region,,NULL
74b6cb19-6227-5f01-9758-5cb4aa860e5a,region,,NULL
eb520084-b461-5b08-bbb3-15cb5284f20a,region,,NULL
f940e7e2-2b86-5539-965c-48e17d84caab,region,,NULL
937885e0-2c59-5768-ad9b-68d237d8bb44,region,,NULL
fee204ef-9f9c-58a7-8869-1abdbe190ae6,region,,NULL
656c8b8b-2759-5206-a849-4b19b482e1d8,region,,NULL
7c36c5d6-0365-5fc3-b2f8-ecafd7ada20b,region,,NULL
2d1a7d56-7403-5197-b847-040b51e6008e,region,,NULL
1c55b5b8-72e3-5ddc-b78f-5ed4194a22c9,region,,NULL
0bd4089d-4462-582a-a315-cecbf1360c79,region,,NULL
4abe48d8-a74f-5fe1-973c-9dcfb08f7cf0,region,,NULL
c8d18f9b-c6ec-562e-9451-64d67765f277,region,,NULL
674d5c67-6c9c-55cd-91af-ac7ca89bef94,region,,NULL
c237a668-ac1d-5592-ae23-24d77e4e1a32,region,,NULL
1764dc8a-2501-5e70-9d2e-349c78c6a71c,region,,NULL
ffbc3db7-ef35-505e-a429-f264a2460d63,region,,NULL
535e571f-dd40-5900-a939-275b6c7bfa14,region,,NULL
7d5208d8-e8f2-5f60-9796-8be168cd91df,region,,NULL
19980adc-80d9-5365-a150-68add5e0b3bf,region,,NULL
824f65ab-ef02-57bd-a02a-e26b772d8033,region,,NULL
4b371400-8da6-5055-a3bb-e5572178e52d,region,,NULL
a2792400-9949-53f6-93ab-fb758e061c18,region,,NULL
4c2abb3a-be19-578e-b874-e0a8005eaf77,region,,NULL
415cab1e-628e-541c-9c9d-a891f95a255b,region,,NULL
75c93994-2597-5823-bd00-c5bf988fa2e7,region,,NULL
19a86362-6101-543d-b38a-321fe261e4f6,region,,NULL
1d9be9ee-5bf0-5823-a027-35adea6e3b31,region,,NULL
60044aa8-38fd-5ea6-8655-30420036780c,region,,NULL
04210a8e-2fb9-59b0-989f-075a38a4f5b6,region,,NULL
a10c3a1a-3ffc-5942-bed1-168f65b4f633,region,,NULL
631f719e-2726-5b69-b272-ca88b906f604,region,,NULL
1b3b0b6f-62fe-5bde-a822-73bcc7f2d478,region,,NULL
031087b9-d026-59a9-ae43-6a52d8eb36ad,region,,NULL
71c09f39-7f4f-52b5-9ca3-fa9ce9f320e5,region,,NULL
3e599b3c-56e3-55e7-878b-9d3ad09344ee,region,,NULL
44db02f0-d229-5eb3-ad25-2357b7019d6e,region,,NULL
a3c6004b-a4ba-5168-88c3-cdb7c8e3c34d,region,,NULL
5bddfb74-aa85-59b9-8787-898e36316ef3,region,,NULL
1a201662-1db2-5a83-b106-cf45e7b24e53,region,,NULL
84732bb1-b1d2-5f89-8803-5833614ecd84,region,,NULL
52e35574-90b6-5871-bfba-34ee0da64572,region,,NULL
cf60ff5e-1643-54ed-aeff-cf4cf3976182,region,,NULL
fa6c1dee-a4d6-5a4d-9d30-4fd05495ac2e,region,,NULL
42ec3bc6-eb54-58b0-addb-16bbfbc88dfb,region,,NULL
50b0a8ef-c78a-5168-98e6-797f284bc67d,region,,NULL
5ce7f1cc-e838-5a71-9eaa-ec48050a18b5,region,,NULL
d717c486-c25f-5650-a7ba-18d77b72e432,region,,NULL
605a88b7-4697-510d-af18-bca7f8f17167,region,,NULL
3e9da869-4dd8-5129-bbb2-bc20342f123a,region,,NULL
f833e69f-06db-56de-896c-7b9ddbf14793,region,,NULL
ed89fd8d-d3b6-52aa-9385-843d6c704e96,region,,NULL
1343ac71-7bb8-53bf-9c1b-e34c20e471d1,region,,NULL
14962f3b-e8ee-549a-9d06-0444aef95d93,region,,NULL
f1249309-f99b-52fe-b723-b8c9ac4b3bc3,region,,NULL
9cdbb726-bf09-5860-868c-98e1a5123ff0,region,,NULL
fce85ca8-cb7f-5afa-9124-b4439b9c6dd8,region,,NULL
65cdbe24-c4a7-5c16-b450-64417c0568f9,region,,NULL
aca26396-0494-5af0-ac2b-ca204cd640ad,region,,NULL
353b3d23-49a4-5684-a562-91cba32e6018,region,,NULL
c834e6cf-201e-5c78-b010-be478b018e5c,region,,NULL
86a1f3f7-e7a6-5c87-9819-61e00054cbd2,region,,NULL
7f0912de-77f0-5325-a171-243b27dfce41,region,,NULL
9afa2b83-efff-5b0f-b35a-e6e593a6b12c,region,,NULL
45f12fdf-f747-5e38-af1b-bed2b6b6ba26,region,,NULL
2ba5665a-cbc8-5e37-a862-f2bdcd6e1c7f,region,,NULL
e7a008ba-5147-5e95-bb8f-03c21477c157,region,,NULL
9c209d83-94ca-588a-9543-1c0d6e96b7be,region,,NULL
29ca54bc-85d4-5ca8-bed3-866a744c26df,region,,NULL
6c3b67e2-8cc8-56af-8fd8-b4dc59094e5d,region,,NULL
27867c46-80ff-5d2f-8543-40156990ab2c,region,,NULL
d6a833f4-a84c-5766-ba3a-f0703b7a75b9,region,,NULL
4daf421f-9ddf-5d38-bb34-fed03de6764f,region,,NULL
c50f9cd6-5068-5ac0-b2fc-7b1ac82a7704,region,,NULL
90bf1294-089d-5aca-870f-a8900113a7c2,region,,NULL
2925e03e-0de8-52c4-bee4-58345c070f0f,region,,NULL
41eb0894-7a23-5007-9be6-559e8f495df4,region,,NULL
4ba206a5-3c3e-58fb-b5c9-ec8eda6f1013,region,,NULL
2f6a5b3d-100b-543c-b800-625f82a41b10,region,,NULL
0c472ef8-61f0-509f-b944-62256b9b053c,region,,NULL
1b455c7a-cb06-5dd3-b324-39ab0cf63c31,region,,NULL
e7c90679-b948-5d05-8869-ca1720279d6e,region,,NULL
71b98e63-aa60-57a6-8857-ce260511dbed,region,,NULL
2880ac31-0882-5907-895a-677c3a693df0,region,,NULL
b229f565-dc4d-54bc-b200-19ec15f9bde2,region,,NULL
2f4512ac-949a-5ad7-831f-6e4184db6bc5,region,,NULL
1a5da3d1-410a-5c83-96dc-1f37711f743d,region,,NULL
21eb6e55-420d-5684-a8cf-b5144075079b,region,,NULL
c70437b7-2004-5aca-9ba6-e43e8d80b345,region,,NULL
ace5d4d2-c540-568c-a0f4-a1dd37104ee6,region,,NULL
32e2e07a-dcdd-57a0-8375-aec61ba69854,region,,NULL
f52fbc67-53a2-5999-9e94-12f45688f00f,region,,NULL
9f9836c4-6184-5460-8a33-ba9e7263f2b3,region,,NULL
87258de8-1942-558a-8918-53377ccb7bce,region,,NULL
9cf39599-6bc3-555c-8a87-75fc94c81667,region,,NULL
1aedd086-0004-5f82-be3f-ac59e247b290,region,,NULL
89605e03-9f1d-56d7-a05f-d5715b3ee7d2,region,,NULL
c04d96e6-6a63-57c9-8442-c378c4a34148,region,,NULL
c79bbbcc-7ec6-5f12-99d1-56685992deda,region,,NULL
5d7620b8-8700-5341-8367-bdfc4c989ad4,region,,NULL
4e6807e5-e7c8-5446-be82-a46029dbc2e3,region,,NULL
3c154b07-aca5-59ce-a677-a29b043b961a,region,,NULL
96cb248e-106e-5cc5-aad7-a2e5f389bd62,region,,NULL
32be3d9b-413c-5cfc-a053-d8dbab8bcd60,region,,NULL
5a823447-dca9-5d25-a2f0-edda49de4929,region,,NULL
55a30f70-fd7e-5772-acce-9b00a08956ca,region,,NULL
adb7699c-9e1c-53fb-a00a-f42b32d75885,region,,NULL
1fb8afd9-e89a-5435-8bcf-3ad839088a2b,region,,NULL
54f8070c-a704-56c2-928b-ab0ca9731805,region,,NULL
6efe3504-3026-5aa6-ad5a-aa317e561375,region,,NULL
859e54f2-410c-5b36-925c-5edd44d347f1,region,,NULL
f436ba72-8ca2-5aaf-82e6-886efe2603b2,region,,NULL
3664b0f4-08fe-50d0-85cb-40ea92995cfb,region,,NULL
aaa00244-00d2-5dba-9fb4-db4a209b835a,region,,NULL
3a42ba7c-6d46-5712-bc9a-a00ac2a96d79,region,,NULL
f39ecaf0-c8a9-58d1-b69c-de2bd508682e,region,,NULL
56d18e9e-213a-59c7-9033-3d6fdca3d67b,region,,NULL
7bf5a7d9-12b0-51b3-86a3-341e9899ca3d,region,,NULL
917d22c8-e7d3-528e-a919-fa72e1da304f,region,,NULL
509c177d-1834-57d9-a630-68ddacb1fef9,region,,NULL
c1660acc-a4e8-5d22-92b8-30e894298475,region,,NULL
296c029e-4113-5088-991a-02682c7f36dd,region,,NULL
1df09e00-8b48-5308-ba93-f961345c7edc,region,,NULL
f7887fcd-a423-5627-9b75-3a971f7c1534,region,,NULL
18f7886d-5a8a-55c3-98fc-877e21cecacc,region,,NULL
34f2f60a-8227-5f1b-b352-0882b09cff3c,region,,NULL
e07d0d92-5962-5e73-83ec-3bbdeca8d21c,region,,NULL
666fcc89-034e-57b3-aaa8-c48bab6959e4,region,,NULL
44928acd-7487-5a57-b1cf-453f11087454,region,,NULL
37f64680-31f6-57a9-ba7c-ada049149bf6,region,,NULL
83c97133-df0a-53b7-9681-48c21b7d5794,region,,NULL
91c92fe2-775c-519e-b6ac-581d2cfbb898,region,,NULL
a92672e0-aa52-506e-8a34-918103f6cf30,region,,NULL
6f5d57e1-9efa-5810-8ea2-e4eb7188c876,region,,NULL
4da4e3a7-11ef-5569-8929-0446461c150c,region,,NULL
8cfae60b-1520-5fac-9194-7bbbf4582a72,region,,NULL
fc05742a-2324-55aa-9157-91546ef3f295,region,,NULL
b0eda85a-3cd3-5a21-b3d3-a437d1c55364,region,,NULL
6e718c30-489c-5113-b724-d7c3e4a45079,region,,NULL
19a52edc-7bd3-5c11-9eb0-41f401d73c85,region,,NULL
270993c6-b31a-5ea9-bfd4-f1fe45df7294,region,,NULL
79d53b1e-3c1a-59f0-b427-9ac52f18d45f,region,,NULL
9760d26e-28f1-57a7-baf2-b5b089d7e38f,region,,NULL
41ff30fe-8319-5774-bd9c-ec01fb9413ab,region,,NULL
0330f875-4590-5a45-8118-45f2af3b64c9,region,,NULL
98e75ccb-c392-5a4a-8ec4-5d6e1a2784b2,region,,NULL
abce6bf1-3c63-5b38-a750-df2b8cca014a,region,,NULL
cc6f4607-d430-5bd9-8bf3-3236889b6800,region,,NULL
bde62812-00f3-515a-897a-62a179eb64f1,region,,NULL
e23a3a10-0802-522f-b09a-b92aabcd8e18,region,,NULL
385b565a-6903-51c9-bf5c-1e19576e6618,region,,NULL
2585098f-b06e-5895-89b3-98a27389428b,region,,NULL
3762f537-f9cd-5c03-a7de-089b3027e9b4,region,,NULL
028e1935-5750-5873-aecc-57af34268a7a,region,,NULL
8cdf2bea-62dc-5dbf-a052-175b93919b7e,region,,NULL
4a5092b0-82c8-50a0-a478-dc77819b2261,region,,NULL
fcfad8c4-ad35-5ff7-b276-06d068b48bfc,region,,NULL
0fba713a-af35-524d-94a7-a7516e0aa71b,region,,NULL
9fb26511-7b59-5f7b-a6a3-57fb3509a5c2,region,,NULL
1e41f13d-f274-594e-ab20-a9cf6666c04c,region,,NULL
77eb1e93-718c-5ae5-a01b-70ae954fdf26,region,,NULL
4302fa92-9ccc-562b-91e1-e9f1c0c9ab5e,region,,NULL
806765a7-c962-5e8b-a05a-442a8ac49e72,region,,NULL
a7be045d-a627-5465-9c5e-54658dd85d29,region,,NULL
2d15eb2d-320f-57ab-ba20-dda7d78f7730,region,,NULL
96a19d62-b912-5171-9419-1da846c9bd29,region,,NULL
85a69fd7-65cf-5639-9e85-c33d8d586cd5,region,,NULL
7b834e94-e90f-51b3-a140-0ac49ac6b29e,region,,NULL
5747bc85-3f45-5b79-9935-9e6f7000de43,region,,NULL
b9b1b2a7-2510-5e08-a167-47d71fe5a30f,region,,NULL
9d6a8a28-1dfa-54f3-a920-47bdd79a7d92,region,,NULL
cc5132bb-137d-57d7-a5ea-b0502b379678,region,,NULL
6fc337aa-39e2-54cc-a083-2b8464220478,region,,NULL
843738ae-7af0-5796-bed4-c230cc9a7488,region,,NULL
1a8d9905-b697-58f1-a50c-51c0d6a294bc,region,,NULL
b9778eda-edf4-5da4-b948-87579eeac70a,region,,NULL
91e190fd-f25d-5e25-b88b-4019de8a7140,region,,NULL
5ac41468-15ed-5bce-b57d-aa2efe76dd3d,region,,NULL
39b08c20-64b4-5898-b4f0-728abaf561c2,region,,NULL
e3910df1-672f-5b6a-be82-2d202c566e4b,region,,NULL
07b1c861-282c-5720-9def-4ac51caf9781,region,,NULL
25b3ee7d-bbc4-5ea8-af11-b89e112783be,region,,NULL
9bed8feb-1862-5235-a45e-3405b11c3824,region,,NULL
284d4f4f-2ba6-5bca-ac91-9cee292eace6,region,,NULL
d216d8d4-6225-5c27-8a34-54239630f1ed,region,,NULL
a693f1e5-db09-55fe-9849-9ff051d59b01,region,,NULL
c0653142-474c-5df6-a254-c6ebd03056ca,region,,NULL
d6909c8a-a5a3-5dd7-9dfe-cb615c8ecc02,region,,NULL
61f6ade1-0e01-54c3-b45f-c2bfab3aede1,region,,NULL
a73ce705-9e34-5e6e-bb65-6c445696606d,region,,NULL
3a013e9d-b96d-5aef-8afb-a8e7a7f7fe8d,region,,NULL
a052f8b6-7ab6-5e1a-9875-d6c848b4b9bd,region,,NULL
df8f5a84-ea57-57e6-9f0d-67e08fb9cf89,region,,NULL
beacf7b7-2d48-5156-a876-122908987681,region,,NULL
85550d8f-a0f3-5f20-b198-29f42eedcdf1,region,,NULL
6dc813b5-7b1f-5df5-a7a9-ec907127c9af,region,,NULL
f35f96fd-559d-5df5-865c-ba94960e6a05,region,,NULL
eb0cf410-3db6-582a-8224-d11a64e5057c,region,,NULL
fd4d2419-0409-56f9-b32d-0a6ccca825d2,region,,NULL
196991f7-f1d5-5af2-ad7a-029c977645f2,region,,NULL
d3bf7371-cc2f-5aec-a548-49c4eb3c8e1f,region,,NULL
5970e91d-71df-52b6-a0e0-e0aa2faa13b2,region,,NULL
4c32153c-e562-5860-900c-fd8e605492b5,region,,NULL
be730245-3090-5356-8fba-73a7a294e7c6,region,,NULL
e90b6a4d-636c-5545-901b-dc464a1331d3,region,,NULL
58b4ad62-5373-5233-bfb1-3ca4c7da74b9,region,,NULL
45996da7-518a-59ba-b614-6e14c20dd62c,region,,NULL
0fcfaf79-a9e3-50aa-a665-71c43bc9eb8e,region,,NULL
cd9808c2-defb-5733-a491-143eb8d2ee07,region,,NULL
44d8e157-3dcb-5a5c-b550-e6302534970a,region,,NULL
71a423f5-47e4-5e4c-b0c2-8486bfae713e,region,,NULL
188ace10-8a4f-519b-a7ef-a5183e90035d,region,,NULL
936ce7ea-f917-5201-b4dc-74ca98bc589a,region,,NULL
e1077472-1933-5fdd-9a28-9e782d9ab326,region,,NULL
8f5461e8-ab06-5e8c-824d-d1cddb31b470,region,,NULL
0d9b8cd5-74a2-5cd7-93b0-434f1a99a6ba,region,,NULL
a1bb7eff-6075-505e-8ce2-14f6154cb3f5,region,,NULL
bfb8a784-5702-5965-8d67-7035e05753e9,region,,NULL
007bf2d9-9c97-561f-8650-5d4931bae397,region,,NULL
64d33da3-1392-59dc-8a7c-af4661a698d1,region,,NULL
61d3c126-8025-5d09-ae07-d7ee898ca760,region,,NULL
6855efc6-fac0-5ebe-834d-bb2a2dad1326,region,,NULL
09ac3910-9922-5aee-8ec7-cf7dd18b2dd9,region,,NULL
e40b5542-18bf-5aa9-88cc-26d646a20fec,region,,NULL
3a6a46f8-7199-53ac-b73b-70638bd2c2dd,region,,NULL
0e11e7bd-1ca1-51c2-a5d2-3ebd538c0ae6,region,,NULL
581e428b-48c8-5de5-aa47-b33ebd55121b,region,,NULL
10a9c185-23ed-5ff8-bc16-fb93438afa02,region,,NULL
d07a18c2-5524-57de-bcb3-d39ad082af49,region,,NULL
4a9ca920-e6e8-5174-be70-a21dd127f279,region,,NULL
c3bb66dc-0665-58f9-9784-933c81a44a84,region,,NULL
21ddd7df-7535-50ef-8230-4845eeac0f53,region,,NULL
ae79c455-2c52-5e0c-9c7f-eb7086a1ae9c,region,,NULL
5bb56175-5b79-5232-917c-8c9fa5d87186,region,,NULL
b20cea86-25f7-52af-8482-937bb6f78452,region,,NULL
338ee651-18bf-5228-8b30-50135e91e0b8,region,,NULL
b3177a1c-75c5-5146-b929-aa12686e65c4,region,,NULL
1360d5cd-1c8a-5e10-b2ae-027aa400c34d,region,,NULL
94eb839f-67b1-5f79-83c4-cc4e443957a7,region,,NULL
d1c51c06-1f97-5233-bc06-43685e06e37f,region,,NULL
0b396ef6-d42a-5696-b73d-6ffc6167d19f,region,,NULL
fe6f69c1-6d2f-542c-ac5c-da11d61f070f,region,,NULL
b70ae197-6588-5cc2-81c1-8a2813089154,region,,NULL
314b3fcb-a384-57ac-8293-0ace3401a8dc,region,,NULL
42812528-9261-5bb6-9024-864d8d78cb27,region,,NULL
c7000075-6e4e-539b-a2c2-e016ea3336ce,region,,NULL
64c9c84f-64ae-5ab9-8dd0-2db5839d53c8,region,,NULL
b9ae0e40-4622-576c-8288-e24d0d00b4e7,region,,NULL
757eae60-5e83-5475-ba55-c2907b8b93e9,region,,NULL
9a23dba3-6324-5374-b611-84734b86b04c,region,,NULL
ef48b040-83db-5c6b-95da-cc3f219c9a45,region,,NULL
80b95c2f-d9d6-514b-b5cd-3c18774d2a7b,region,,NULL
477544ad-871e-5747-927e-c73dfd020c4d,region,,NULL
68640243-ac86-56de-b3d7-b1c51baf2768,region,,NULL
6a608283-1078-579e-9c99-b0f0418ac01d,region,,NULL
35889486-794e-59a6-959b-d5a1c03bd14a,region,,NULL
c89c8404-2033-5b00-a517-c9d0ee9e1963,region,,NULL
56e069bf-6886-507d-9dbd-ecbcc162a7e5,region,,NULL
27aff9f7-a2de-5b17-be60-fc35ac6c9a3a,region,,NULL
da1b0001-0e00-5f4d-bd61-9d9b7d9fae41,region,,NULL
7fa0edcd-1e28-5989-9177-f2a5db78309c,region,,NULL
a73b1b26-a38b-5396-936d-23002c59e795,region,,NULL
2b9e88ea-4e1d-5c0e-80bf-67b9c3821999,region,,NULL
28991b99-efbe-5455-a719-85300fe54ce1,region,,NULL
b4163c3c-da78-5f90-8620-a0ed7d133c80,region,,NULL
c77dc32b-7a8e-51b6-8192-fbe688c9dc51,region,,NULL
ff90728b-cad1-5e26-9dee-a05f77bbe9ea,region,,NULL
4eceb843-dc6e-5916-ac2a-5c8a146b0e51,region,,NULL
bf4ed8be-0ac8-5fe2-b3b5-9334cff8213a,region,,NULL
c2eef6be-e5bc-5f34-86c6-3cfcc5ad024c,region,,NULL
9586f469-fd6a-5a10-884b-c40e3548630b,region,,NULL
dec9a160-dd2d-5d5d-a272-063409e324b2,region,,NULL
c8f0d9c2-3493-55b8-9cee-b48505bb6595,region,,NULL
64bc4415-7c60-5a64-90e0-a9ee8138c282,region,,NULL
3f0ae34f-aa07-5a8d-b2b8-a75bd7d0dc04,region,,NULL
f8576ff5-fced-5d2a-9669-d8b4ec279255,region,,NULL
0a887b33-5aa5-5b35-8926-ef5eaeb9adb7,region,,NULL
ca9e0464-af5c-543a-a8c6-6882f5bd64d0,region,,NULL
f8606bf9-98cf-57dc-982b-517ed63dfe62,region,,NULL
5a1f5982-ab45-5817-bd30-555c7d76894c,region,,NULL
8db39548-50e3-51f6-87dc-ca1fdf263e06,region,,NULL
5113f64a-ab5f-512f-ac73-1a7c5d6cfd54,region,,NULL
003ad896-ff8c-513e-b983-26330f7873cc,region,,NULL
10d0f418-ac1c-5558-a884-3a2d5319526b,region,,NULL
07367bd2-7af5-5b27-8dc7-6a6cd9bc2fce,region,,NULL
d68e08d8-7767-5ea3-afad-70d0ab12b8cb,region,,NULL
33d8c3cd-e69f-5cc4-a5d9-f45f76db41ef,region,,NULL
6e03dc86-a730-58b4-9c57-95febe213473,region,,NULL
51e65455-edaf-5f32-a2b2-940fde378821,region,,NULL
a3c6cd0a-c560-54d1-900a-9bbc96a86862,region,,NULL
fba66419-a0be-5d5d-ac29-f9d068c48282,region,,NULL
04a7283f-4adb-5344-8927-0c604404c5c9,region,,NULL
0da77f45-86ad-55d0-b850-f0288859a360,region,,NULL
094b5ceb-44ee-5701-b034-c068606564f8,region,,NULL
903f4428-d7b6-5f6d-99ba-bebe5cf4f865,region,,NULL
e8f62e02-e7d7-521d-be39-ab07f29b9165,region,,NULL
acf667d2-4834-5850-a161-124d162e118b,region,,NULL
96c03c86-ec05-545c-ae61-95e0a6962f6a,region,,NULL
7433c595-2faf-59e1-b1c7-68efc3409d34,region,,NULL
bce07d6a-1f60-5499-9e6c-59ea276d8d86,region,,NULL
0eb2c004-ff1c-57fa-985b-03271491f196,region,,NULL
08888c37-9fc1-590c-9147-6c4cec08d9fa,region,,NULL
932686e9-a892-5876-848c-8eaa8e72cabb,region,,NULL
47a34571-038c-5966-81d9-5fe9c0536813,region,,NULL
030dc8b5-ae27-5156-acb8-ee9224985625,region,,NULL
bc8e3289-0ab7-57d9-8b9a-42554754f4d5,region,,NULL
fc17fc25-f5ce-5afb-8926-190c8f6d006d,region,,NULL
7602cca3-5fce-5890-b0c8-87dc7621a683,region,,NULL
8e16168f-3257-5638-ac7b-7e31fc0a9f3e,region,,NULL
c45f760d-d60c-5016-8d27-e0934ef882aa,region,,NULL
ca1fe3c6-a0eb-5dd7-a92a-de5c475cdf59,region,,NULL
7f7c7191-50b2-52e6-a84f-226071d1c41b,region,,NULL
adaae249-2a59-5059-aa4d-09eff1f0f0af,region,,NULL
2e954436-5611-52fc-a7aa-68ae5303ce3d,region,,NULL
ab1acf78-01da-5510-8850-5a7dd3f9c627,region,,NULL
fc8f57db-14b0-510a-8403-655d55bc07ff,region,,NULL
cea32c5c-1e4b-59b1-ae17-e8eb319f2f70,region,,NULL
bb5b1a5a-7d26-5da5-98df-cadff6cd4709,region,,NULL
fa771b36-e4d3-5220-9bc8-0617a8448f30,region,,NULL
f3f011f2-b25d-5179-8c04-076fc2a85544,region,,NULL
7910972e-e232-5dba-915d-ef3f08fa2fb0,region,,NULL
8e2907f2-6c13-5ac0-a1d3-aac059598b90,region,,NULL
e18688e2-f4bf-5bd5-a3de-095ea7c12f5b,region,,NULL
e5798dbd-bd37-50b6-acb8-0e3b106dd468,region,,NULL
64a27f21-5d90-5b2a-8658-10e1206fc801,region,,NULL
411557a7-174a-56a5-9ff7-a4df831c49e5,region,,NULL
89d05ac8-33ab-510a-b455-24233ab73114,region,,NULL
0dccc341-154b-5284-962c-a6bd0040f621,region,,NULL
fe67b7c9-ffc7-58ae-84fa-1382508a5218,region,,NULL
4a01c82a-3db3-5c8f-be3f-8e44c303493c,region,,NULL
1bc81389-4831-5bd2-b761-971e178944b2,region,,NULL
f9819506-4d77-5333-be41-077267d308d5,region,,NULL
30edb3eb-bfa3-5b61-8975-9c01b5fae902,region,,NULL
16695efa-7910-552d-ac74-1b768a2ea41a,region,,NULL
ee9c20f2-430a-5a05-b317-f9a70aabe36f,region,,NULL
659fa17f-9402-5b4c-98bc-efe4cdcd0639,region,,NULL
64bece66-a276-59cd-85e0-116eac0fe3fb,region,,NULL
221c78dd-bb71-5195-bd7f-0ed89a61bf3c,region,,NULL
a8d7748f-0f85-5d44-863a-0505f8fe138e,region,,NULL
f34d1084-aceb-5e69-aa4c-3d706a26afcd,region,,NULL
219ebc0e-daa5-51ab-8faa-05c8d6c4820f,region,,NULL
0c56eb49-b5da-5493-b1ff-c097bcda1408,region,,NULL
2e8dc7db-7fb6-5efc-898f-4dcf24d7fc7a,region,,NULL
0280ab12-6806-55fd-a2c4-5f2312fb186a,region,,NULL
bef097ab-93a1-529c-b120-7fd87b6120ca,region,,NULL
9dc633f5-ba81-56d7-974d-c53755c4717a,region,,NULL
5f4f2d5f-070a-50c4-a62a-aa719e3c30e2,region,,NULL
1240d3b8-3a25-5bdd-9a2f-ddd19afdd3bc,region,,NULL
3ee6a067-b662-5e72-b574-967c36ec7781,region,,NULL
9df1359d-a66f-5b76-9dd2-84dde8719eec,region,,NULL
0a22e0a5-c1ea-5b81-b5ae-88bd79521596,region,,NULL
c0b90a52-c229-5089-ab19-85bce0b1c238,region,,NULL
6fcc98cd-2e99-592a-8843-916dc6e0ee1a,region,,NULL
3dd332bd-8e00-50bb-a3a5-69e382ecb5b2,region,,NULL
10b6adca-257b-5eeb-a9d0-747a44a007f6,region,,NULL
549cadc7-e9b9-516a-8616-09d62dc14bf0,region,,NULL
2f459f94-f840-5e81-94f2-609a527e9ae0,region,,NULL
c67fbbe5-64e6-5ad6-8b88-49c53ec76e5f,region,,NULL
ab03948b-3bbf-5756-a153-4fc2c3a76be9,region,,NULL
cc5dce24-ab72-5240-8b3d-f6eb89f15751,region,,NULL
5481dcb4-a598-57f4-b634-0a2e4256aa3d,region,,NULL
7c33a44c-e616-56d7-b62c-b00c06c9421a,region,,NULL
4ab82ff5-abef-551c-b8cf-6b145556807a,region,,NULL
19855d22-d283-544c-a121-614fa26f6d2e,region,,NULL
d1981713-e98c-5f54-81a0-2b2896907de6,region,,NULL
da27ee95-83e4-504a-88eb-0806692b48cb,region,,NULL
cf2068aa-0fac-581e-9846-b083de235ac5,region,,NULL
6cb6a8ef-a2c6-530d-b1fe-473f6d2028b9,region,,NULL
ee70ee48-d0ee-5c67-a09d-1476f49706b6,region,,NULL
39507de9-8840-575a-8cfe-228d45578d40,region,,NULL
4000dcc3-cae3-5b57-8c00-2e80fe0528f2,region,,NULL
1a5e324a-9059-57e0-8120-1388fa274856,region,,NULL
ed611e8d-52c4-5ee8-a5cd-39c766619fab,region,,NULL
a14a0d55-8469-5bd7-b979-f0ea9ce0f003,region,,NULL
82b4b3aa-0e01-50cc-baf0-9c7833bb4889,region,,NULL
104887c8-abd6-5fae-becf-239ad918692a,region,,NULL
77c09b79-6362-5af1-91de-efd402793afe,region,,NULL
a476297a-52c4-5ea1-b5d3-e71272f798d7,region,,NULL
f76b4f4e-43c3-5527-aac8-d588a46256ae,region,,NULL
fd6370a3-9f51-5217-b71d-e3acf90b390f,region,,NULL
c30c9832-554a-5c5d-af13-9971a95e97dd,region,,NULL
a7bde329-5296-5cf5-a9cb-367459f8e0a6,region,,NULL
116dcdfc-c858-5bfd-aa9d-d3a78211ff7a,region,,NULL
0995b0b0-eefd-5387-92cf-f2375ccb7322,region,,NULL
ee0ad751-8b26-56f4-8bf6-0554a423bc61,region,,NULL
d4172067-7833-5b17-9570-3cb93f05c752,region,,NULL
4968639a-5c6f-5170-a24f-491787ad174d,region,,NULL
3a3722df-f44d-5007-ac82-7ad965e4d906,region,,NULL
03ac1f86-d9e9-56ed-8822-c4295d7290a0,region,,NULL
7500fb0c-49c3-5a75-9066-9065ffbd6f1d,region,,NULL
df3ffac2-a0c0-5fa8-b730-66fcfaf0af6e,region,,NULL
4d5cc295-60dc-550a-877c-1dadbf07cc1f,region,,NULL
7734a93e-da20-5711-a082-4511a26dd3b4,region,,NULL
ee8f6868-3489-5852-8386-c71039cc13c6,region,,NULL
0f9afeae-b37e-5bc1-af6d-e25c0047c034,region,,NULL
2676fa53-9a48-500b-be55-022e0b89f713,region,,NULL
4f332474-6427-59b8-9f51-7305c5115a5d,region,,NULL
7ab379b2-80af-5a88-82e8-11ee90d344a2,region,,NULL
dc40d854-3c28-539e-851b-450dacb2ea9a,region,,NULL
f6d0bff2-8473-598c-bc31-fadcca6d70ed,region,,NULL
00746183-7cf4-562e-8703-cfb555d5535a,region,,NULL
68b1a646-fb86-5a55-a3ed-195febe9863f,region,,NULL
b3f50270-cce5-56af-b16c-8dbb48db390c,region,,NULL
a28d8518-7e1a-59b5-8617-c21249581140,region,,NULL
885ea459-a075-568f-9d27-2b53e5272105,region,,NULL
3a64b472-c997-531f-ac13-2427ce5cfdc4,region,,NULL
941c8944-8dc4-5a57-be4a-1777dbf1c180,region,,NULL
d0d64b84-2480-5b0d-a728-7633642c25aa,region,,NULL
a78b19b9-5976-53ea-a95b-d264da636bb5,region,,NULL
b05d58ed-985f-5d00-bb23-dacff70aab08,region,,NULL
c5d9ea95-7ed8-57f4-8592-40e63a734709,region,,NULL
f15cc4a3-203e-57fc-a44e-a8290ce658f3,region,,NULL
3119907a-4791-5cd6-b7f4-0bfa9260601e,region,,NULL
fa070f60-40ed-54a5-aebb-d581129b2e1b,region,,NULL
58aba0e1-2345-5f34-9ecc-77a776384492,region,,NULL
807275df-da2c-5134-a5b8-7ccd788441eb,region,,NULL
3fcbe474-e3b2-51da-a22c-e1793fb5247a,region,,NULL
99ed4dcf-fb57-5cd8-8067-72e071da1c56,region,,NULL
f9c3d580-5258-5d75-838b-033316008a87,region,,NULL
61ea3423-f370-5b75-b4ad-cc595ad881fb,region,,NULL
4fc0f173-77cb-5d71-b84b-5b13ea7fa1b6,region,,NULL
58d83064-5861-570b-a198-39bb657e6b95,region,,NULL
86f400bb-59bb-51bc-8d50-28c056e653c7,region,,NULL
1bc43c3b-587f-53f6-a134-44e82d179d20,region,,NULL
1367015f-559d-53c6-b6d9-f04a3408c1a0,region,,NULL
71813f07-be84-5637-94d4-704c5c80b477,region,,NULL
629e3bd9-b38d-5fe6-bccf-8e8db91d912e,region,,NULL
775b7961-e960-5b8c-b37d-ee5a88a00a6c,region,,NULL
95c556a9-36de-5187-937d-671083f8989f,region,,NULL
5e18c7c5-206e-5096-88cf-f1faada90bd2,region,,NULL
6cf984b4-46ee-5114-a41f-f3f929eaf99a,region,,NULL
24a282b9-b646-5271-89a6-037c3da7dc7f,region,,NULL
6b03c73a-4145-560c-8aae-921a89a07b2b,region,,NULL
275af4de-f687-57dc-a1a0-ff3a31986d4a,region,,NULL
65c1fbdd-cc91-54b1-93e5-5b8333a1247c,region,,NULL
806f6274-38fd-5002-b1cf-753e1ec00814,region,,NULL
232c4321-c81d-5719-b92f-62ff50dc52e3,region,,NULL
f812ec23-95b9-57ec-aa92-37fc7cc805c1,region,,NULL
0490ef4d-b181-5fdb-b375-325b051a4d56,region,,NULL
85c759b9-d1b1-5bdb-8d08-3d9d67fb7f3e,region,,NULL
643b2bfd-143f-5972-9c0d-1646b1fe2c51,region,,NULL
04ce1849-cefd-5799-af77-53ae5eeac1aa,region,,NULL
ab73dcf3-49b2-5f40-9291-d17d00881e1c,region,,NULL
4516f723-86ae-5ecb-9ed5-7915078f513c,region,,NULL
620b6b32-f1e9-5fcd-a2a7-14b689f7eb78,region,,NULL
07a43842-2f5e-5c40-b700-a8f51b7e2c17,region,,NULL
c83b4287-f2be-5883-b1d6-440eb78fe27c,region,,NULL
62d73ded-e9ce-516e-b1b8-4409a04ad86b,region,,NULL
a95bf596-46dc-5bf6-8243-123af1a81f4f,region,,NULL
68e10f1f-3b18-5dd8-880c-7c687a7473b6,region,,NULL
1b35eb12-f62a-5203-b665-f6ad2c75f660,region,,NULL
462d11ab-27f1-5ee1-ae2a-9ede549f1041,region,,NULL
e1f69a7c-99e0-5f0f-8de2-689583038bcc,region,,NULL
b0926810-e8c7-5070-8f51-a0fd795a956e,region,,NULL
ae41eccf-585d-51a7-bc3d-84740a59341d,region,,NULL
0bf77a63-8c48-5142-8447-3064ddfc0994,region,,NULL
9b96950c-b57a-5a8d-8985-d101aeb14ccc,region,,NULL
863941b9-5053-5a93-b7cd-a65db8d2d1d5,region,,NULL
b1f69a31-b7d8-5550-be63-da16d1b652a8,region,,NULL
16dfd0a5-5971-561e-84f4-5e2d1cbc3b99,region,,NULL
e7daaab4-f147-58c2-a490-85d30dc26f57,region,,NULL
cdabbd16-817c-5c8e-a9cc-f856ed6769d7,region,,NULL
bc847c33-1103-5655-b5c1-36ea43c66417,region,,NULL
3f3c7b3a-585f-548b-b359-94b6726f1b06,region,,NULL
a0e3df1d-ca5a-505a-9256-4b706c45c6fd,region,,NULL
56005555-ecad-5ec4-82b9-cf0a577bfedb,region,,NULL
30863a05-50e1-5b00-aa7a-9ac342467ad5,region,,NULL
66ee047c-3699-5587-887f-7b9ade94fa7a,region,,NULL
bcf6a0e2-c9b6-5487-8771-c6c03dd4f5f3,region,,NULL
deeea9b1-bdcf-506c-a841-b49a9bc0b476,region,,NULL
3dcd6ab1-4d7a-5524-beb4-b3dc64037ecd,region,,NULL
4f03178c-c4dd-5d45-aaf6-b658e5b972d1,region,,NULL
68c9536f-0e2b-52cf-91d3-cca4bbb6092c,region,,NULL
d7508c9b-d23c-54f0-9fe7-c548dfbe9dc3,region,,NULL
7a129a19-ffd9-596b-824c-d3a4d3ed0ab7,region,,NULL
b5deaa5e-087f-59e1-9574-f5aaa6ba8eb9,region,,NULL
b340942d-5301-5676-9bff-6a26051d6bd2,region,,NULL
96cf9554-001b-51b6-9bff-9df3bcf9c1be,region,,NULL
f17ba6a3-6620-5604-9f1e-2e3235ede076,region,,NULL
119c6a93-c8e2-5a2f-aaa6-4d1ee8c7ec49,region,,NULL
77414f74-ce5e-53fe-9820-96ee47e7d3ad,region,,NULL
418cece7-9238-55c0-80fc-cf842e4204c7,region,,NULL
c573a204-a6d4-5dbd-8253-d99e84d89966,region,,NULL
cac9d1ae-0bae-5766-a32f-b8eb6702d985,region,,NULL
619ecc49-104c-5b3d-8527-477690263190,region,,NULL
4774d7b1-f99e-5ed0-b54e-5f6dac5ead08,region,,NULL
c797ea8f-618a-50d6-80c5-fa5f11448868,region,,NULL
26a37f2b-0843-5a2e-a8fe-390288687d8e,region,,NULL
544d8239-2c01-5e68-b3af-c0c4e846e788,region,,NULL
c59452ea-8bf0-5cdd-bb76-f6e4abf531b7,region,,NULL
e349007a-3331-5ff0-b64f-6334cd05893a,region,,NULL
9074648c-a0ec-58db-b5d7-e5677d55b72a,region,,NULL
d9d30288-9c63-5bcd-a771-3f34a2213932,region,,NULL
3e065072-8bc7-5833-84d2-8ef1be27e36c,region,,NULL
be0c8519-9a6d-5425-86ac-cd3c156dee76,region,,NULL
f054b5b7-53cc-5ced-9412-1cf8b9e8641d,region,,NULL
82179330-8ad9-50fa-9730-41192fce0d4d,region,,NULL
6f6f9495-5f31-5e8e-9d83-49d809ce9155,region,,NULL
2011247b-c342-5468-b8f6-b03491eda7f4,region,,NULL
5b4b4ad8-0fff-53d3-a6a4-7609919007c7,region,,NULL
73f62294-1292-58c7-82e8-54cf5233c157,region,,NULL
2552a877-8167-5645-9a2f-be7cf6449316,region,,NULL
b4b5b500-b1f7-5e6e-b66e-9b013fb33f4f,region,,NULL
a9819013-a5a4-5c41-ac2f-65c5246e9163,region,,NULL
27b07f1f-f2fb-512a-a212-d1c275ae2f26,region,,NULL
152e8a93-cab4-5a10-9807-123149aa12ab,region,,NULL
8a464a45-a609-5871-b175-9d0733d4a0a1,region,,NULL
06e74a41-dbab-563f-92f0-95dffc984aa9,region,,NULL
38c38fa2-b0c8-5b04-b7ef-5e0381b1c933,region,,NULL
833c0fdd-cca4-50a7-8f5c-b4baa0d3aca2,region,,NULL
4c71561f-0a5d-5901-8887-c0b10d714293,region,,NULL
8f95f1ed-d7ab-56af-952b-af1022ad1903,region,,NULL
c5fea2cd-af68-5f11-95b0-f8240a3e511c,region,,NULL
5060614d-276a-58ae-9734-ce4646f24123,region,,NULL
00f486c8-02df-58f5-9843-45d2de514a58,region,,NULL
8ecbd40b-d6db-5746-a4a4-c65d5c52a1db,region,,NULL
b2a39615-d111-5d4a-a955-7f9a9351a39a,region,,NULL
d7b58b52-3027-5c86-981d-c13e300cb875,region,,NULL
b9bd2008-a1a3-5f78-89db-ab9038e0069f,region,,NULL
f4446de1-663d-51a3-b640-bab8e3b82df4,region,,NULL
e4ef2c1a-ffdf-59f1-9f0a-49971f609d9f,region,,NULL
ce9a5b09-26f0-5724-91d9-038bf51d4c76,region,,NULL
6276d8f8-6188-5a9e-8f86-2f8b0049045a,region,,NULL
7d7f1ed3-aee7-5503-ad47-60b8a8ae3f7c,region,,NULL
4e6be12f-f68c-52c0-a442-1838661a6441,region,,NULL
92a3f209-ac9f-5af3-82ea-745dee1c80c1,region,,NULL
6ee22dc8-9949-5558-8d9d-cd28bc309169,region,,NULL
daab7040-7461-508f-b449-0c1e6d6f563c,region,,NULL
a3aba630-5b70-5c0b-a907-59e5a736ed1a,region,,NULL
2cce09c8-5977-5e68-bb5a-94dede9d7c9a,region,,NULL
12e7d040-7d61-5b1c-beea-f9fea16b56bf,region,,NULL
18667c85-5acd-57dc-be95-6ed6d247c020,region,,NULL
bec4ab04-e89d-5702-bf05-134bd42b394e,region,,NULL
7285577b-af5c-5d2c-ac1e-62c8796c96ca,region,,NULL
fb0a4b12-03d0-5a3b-b6b2-3b8b992a66b8,region,,NULL
3a653f22-ba5d-54fe-9458-17b4bba9481a,region,,NULL
W001982,age_statement,,NULL
W001983,age_statement,,NULL
W001987,age_statement,,NULL
W001992,age_statement,,NULL
W001993,age_statement,,NULL
W001994,age_statement,,NULL
W001996,age_statement,,NULL
W001997,age_statement,,NULL
W001998,age_statement,,NULL
W002000,age_statement,,NULL
W002010,age_statement,,NULL
W002013,age_statement,,NULL
W002015,age_statement,,NULL
W002016,age_statement,,NULL
W002017,age_statement,,NULL
W002018,age_statement,,NULL
W002021,age_statement,,NULL
W002023,age_statement,,NULL
W002026,age_statement,,NULL
W002027,age_statement,,NULL
W002029,age_statement,,NULL
W002030,age_statement,,NULL
W002032,age_statement,,NULL
W002034,age_statement,,NULL
W002036,age_statement,,NULL
W002037,age_statement,,NULL
W002038,age_statement,,NULL
W002045,age_statement,,NULL
W002046,age_statement,,NULL
W002047,age_statement,,NULL
W002049,age_statement,,NULL
W002050,age_statement,,NULL
W002051,age_statement,,NULL
W002053,age_statement,,NULL
W002054,age_statement,,NULL
W002055,age_statement,,NULL
W002058,age_statement,,NULL
W002059,age_statement,,NULL
W002060,age_statement,,NULL
W002062,age_statement,,NULL
W002063,age_statement,,NULL
W002064,age_statement,,NULL
W002065,age_statement,,NULL
W002066,age_statement,,NULL
W002067,age_statement,,NULL
W002068,age_statement,,NULL
W002069,age_statement,,NULL
W002071,age_statement,,NULL
W002072,age_statement,,NULL
W002076,age_statement,,NULL
W002078,age_statement,,NULL
W002079,age_statement,,NULL
W002080,age_statement,,NULL
W002083,age_statement,,NULL
W002084,age_statement,,NULL
W002086,age_statement,,NULL
W002087,age_statement,,NULL
W002088,age_statement,,NULL
W002089,age_statement,,NULL
W002090,age_statement,,NULL
W002091,age_statement,,NULL
W002092,age_statement,,NULL
W002093,age_statement,,NULL
W002094,age_statement,,NULL
W002095,age_statement,,NULL
W002097,age_statement,,NULL
W002098,age_statement,,NULL
W002099,age_statement,,NULL
W002103,age_statement,,NULL
W002105,age_statement,,NULL
W002106,age_statement,,NULL
W002107,age_statement,,NULL
W002108,age_statement,,NULL
W002109,age_statement,,NULL
W002111,age_statement,,NULL
W002112,age_statement,,NULL
W002113,age_statement,,NULL
W002114,age_statement,,NULL
W002115,age_statement,,NULL
W002118,age_statement,,NULL
W002119,age_statement,,NULL
W002121,age_statement,,NULL
W002122,age_statement,,NULL
W002123,age_statement,,NULL
W002124,age_statement,,NULL
W002125,age_statement,,NULL
W002127,age_statement,,NULL
W002129,age_statement,,NULL
W002132,age_statement,,NULL
W002134,age_statement,,NULL
W002144,age_statement,,NULL
W002145,age_statement,,NULL
W002153,age_statement,,NULL
W002155,age_statement,,NULL
W002159,age_statement,,NULL
W002161,age_statement,,NULL
W002166,age_statement,,NULL
W002167,age_statement,,NULL
W002171,age_statement,,NULL
W002173,age_statement,,NULL
W002176,age_statement,,NULL
W002178,age_statement,,NULL
W002179,age_statement,,NULL
W002181,age_statement,,NULL
W002182,age_statement,,NULL
W002183,age_statement,,NULL
W002184,age_statement,,NULL
W002186,age_statement,,NULL
W002187,age_statement,,NULL
W002188,age_statement,,NULL
W002189,age_statement,,NULL
W002190,age_statement,,NULL
W002193,age_statement,,NULL
W002195,age_statement,,NULL
W002196,age_statement,,NULL
W002198,age_statement,,NULL
W002200,age_statement,,NULL
W002201,age_statement,,NULL
W002202,age_statement,,NULL
W002203,age_statement,,NULL
W002205,age_statement,,NULL
W002206,age_statement,,NULL
W002208,age_statement,,NULL
W002209,age_statement,,NULL
W002210,age_statement,,NULL
W002211,age_statement,,NULL
W002212,age_statement,,NULL
W002213,age_statement,,NULL
W002214,age_statement,,NULL
W002215,age_statement,,NULL
W002217,age_statement,,NULL
W002218,age_statement,,NULL
W002219,age_statement,,NULL
W002220,age_statement,,NULL
W002224,age_statement,,NULL
W002225,age_statement,,NULL
W002226,age_statement,,NULL
W002227,age_statement,,NULL
W002228,age_statement,,NULL
W002229,age_statement,,NULL
W002230,age_statement,,NULL
W002231,age_statement,,NULL
W002232,age_statement,,NULL
W002233,age_statement,,NULL
W002234,age_statement,,NULL
W002235,age_statement,,NULL
W002236,age_statement,,NULL
W002237,age_statement,,NULL
W002238,age_statement,,NULL
W002239,age_statement,,NULL
W002251,age_statement,,NULL
W002253,age_statement,,NULL
W002272,age_statement,,NULL
W002273,age_statement,,NULL
W002274,age_statement,,NULL
W002275,age_statement,,NULL
W002276,age_statement,,NULL
W002277,age_statement,,NULL
W002278,age_statement,,NULL
W002280,age_statement,,NULL
W002282,age_statement,,NULL
W002283,age_statement,,NULL
W002284,age_statement,,NULL
W002285,age_statement,,NULL
W002286,age_statement,,NULL
W002287,age_statement,,NULL
W002288,age_statement,,NULL
W002289,age_statement,,NULL
W002291,age_statement,,NULL
W002294,age_statement,,NULL
W002299,age_statement,,NULL
W002303,age_statement,,NULL
W002309,age_statement,,NULL
W002310,age_statement,,NULL
W002311,age_statement,,NULL
W002312,age_statement,,NULL
W002313,age_statement,,NULL
W002314,age_statement,,NULL
W002316,age_statement,,NULL
W002317,age_statement,,NULL
W002319,age_statement,,NULL
W002320,age_statement,,NULL
W002321,age_statement,,NULL
W002323,age_statement,,NULL
W002325,age_statement,,NULL
W002327,age_statement,,NULL
W002329,age_statement,,NULL
W002330,age_statement,,NULL
W002332,age_statement,,NULL
W002334,age_statement,,NULL
W002335,age_statement,,NULL
W002336,age_statement,,NULL
W002337,age_statement,,NULL
W002338,age_statement,,NULL
W002340,age_statement,,NULL
W002341,age_statement,,NULL
W002343,age_statement,,NULL
W002344,age_statement,,NULL
W002345,age_statement,,NULL
W002347,age_statement,,NULL
W002348,age_statement,,NULL
W002349,age_statement,,NULL
W002350,age_statement,,NULL
W002351,age_statement,,NULL
W002352,age_statement,,NULL
W002353,age_statement,,NULL
W002354,age_statement,,NULL
W002355,age_statement,,NULL
W002356,age_statement,,NULL
W002357,age_statement,,NULL
W002358,age_statement,,NULL
W002359,age_statement,,NULL
W002360,age_statement,,NULL
W002362,age_statement,,NULL
W002363,age_statement,,NULL
W002364,age_statement,,NULL
W002367,age_statement,,NULL
W002371,age_statement,,NULL
W002374,age_statement,,NULL
W002375,age_statement,,NULL
W002376,age_statement,,NULL
W002377,age_statement,,NULL
W002378,age_statement,,NULL
W002379,age_statement,,NULL
W002380,age_statement,,NULL
W002381,age_statement,,NULL
W002382,age_statement,,NULL
W002383,age_statement,,NULL
W002384,age_statement,,NULL
W002385,age_statement,,NULL
W002386,age_statement,,NULL
W002388,age_statement,,NULL
W002389,age_statement,,NULL
W002390,age_statement,,NULL
W002391,age_statement,,NULL
W002392,age_statement,,NULL
W002393,age_statement,,NULL
W002394,age_statement,,NULL
W002395,age_statement,,NULL
W002397,age_statement,,NULL
W002398,age_statement,,NULL
W002399,age_statement,,NULL
W002401,age_statement,,NULL
W002404,age_statement,,NULL
W002405,age_statement,,NULL
W002406,age_statement,,NULL
W002409,age_statement,,NULL
W002411,age_statement,,NULL
W002413,age_statement,,NULL
W002417,age_statement,,NULL
W002419,age_statement,,NULL
W002420,age_statement,,NULL
W002422,age_statement,,NULL
W002423,age_statement,,NULL
W002425,age_statement,,NULL
W002426,age_statement,,NULL
W002427,age_statement,,NULL
W002428,age_statement,,NULL
W002431,age_statement,,NULL
W002432,age_statement,,NULL
W002434,age_statement,,NULL
W002438,age_statement,,NULL
W002439,age_statement,,NULL
W002443,age_statement,,NULL
W002444,age_statement,,NULL
W002445,age_statement,,NULL
W002450,age_statement,,NULL
W002453,age_statement,,NULL
W002456,age_statement,,NULL
W002457,age_statement,,NULL
W002459,age_statement,,NULL
W002460,age_statement,,NULL
W002461,age_statement,,NULL
W002464,age_statement,,NULL
W002467,age_statement,,NULL
W002471,age_statement,,NULL
W002473,age_statement,,NULL
W002474,age_statement,,NULL
W002475,age_statement,,NULL
W002476,age_statement,,NULL
W002477,age_statement,,NULL
W002480,age_statement,,NULL
W002481,age_statement,,NULL
W002483,age_statement,,NULL
W002484,age_statement,,NULL
W002485,age_statement,,NULL
W002486,age_statement,,NULL
W002488,age_statement,,NULL
W002489,age_statement,,NULL
W002490,age_statement,,NULL
W002492,age_statement,,NULL
W002493,age_statement,,NULL
W002494,age_statement,,NULL
W002495,age_statement,,NULL
W002505,age_statement,,NULL
W002506,age_statement,,NULL
W002507,age_statement,,NULL
W002508,age_statement,,NULL
W002509,age_statement,,NULL
W002510,age_statement,,NULL
W002511,age_statement,,NULL
W002512,age_statement,,NULL
W002513,age_statement,,NULL
W002514,age_statement,,NULL
W002515,age_statement,,NULL
W002516,age_statement,,NULL
W002517,age_statement,,NULL
W002518,age_statement,,NULL
W002519,age_statement,,NULL
W002520,age_statement,,NULL
W002521,age_statement,,NULL
W002522,age_statement,,NULL
W002523,age_statement,,NULL
W002524,age_statement,,NULL
W002529,age_statement,,NULL
W002540,age_statement,,NULL
W002542,age_statement,,NULL
W002543,age_statement,,NULL
W002544,age_statement,,NULL
W002549,age_statement,,NULL
W002557,age_statement,,NULL
W002561,age_statement,,NULL
W002567,age_statement,,NULL
W002569,age_statement,,NULL
W002570,age_statement,,NULL
W002571,age_statement,,NULL
W002574,age_statement,,NULL
W002575,age_statement,,NULL
W002576,age_statement,,NULL
W002579,age_statement,,NULL
W002581,age_statement,,NULL
W002584,age_statement,,NULL
W002585,age_statement,,NULL
W002586,age_statement,,NULL
W002587,age_statement,,NULL
W002588,age_statement,,NULL
W002589,age_statement,,NULL
W002592,age_statement,,NULL
W002593,age_statement,,NULL
W002594,age_statement,,NULL
W002595,age_statement,,NULL
W002606,age_statement,,NULL
W002609,age_statement,,NULL
W002610,age_statement,,NULL
W002618,age_statement,,NULL
W002619,age_statement,,NULL
W002620,age_statement,,NULL
W002621,age_statement,,NULL
W002623,age_statement,,NULL
W002624,age_statement,,NULL
W002625,age_statement,,NULL
W002626,age_statement,,NULL
W002630,age_statement,,NULL
W002631,age_statement,,NULL
W002632,age_statement,,NULL
W002633,age_statement,,NULL
W002634,age_statement,,NULL
W002636,age_statement,,NULL
W002638,age_statement,,NULL
W002639,age_statement,,NULL
W002641,age_statement,,NULL
W002642,age_statement,,NULL
W002644,age_statement,,NULL
W002645,age_statement,,NULL
W002647,age_statement,,NULL
W002648,age_statement,,NULL
W002649,age_statement,,NULL
W002651,age_statement,,NULL
W002652,age_statement,,NULL
W002653,age_statement,,NULL
W002654,age_statement,,NULL
W002655,age_statement,,NULL
W002656,age_statement,,NULL
W002658,age_statement,,NULL
W002659,age_statement,,NULL
W002660,age_statement,,NULL
W002661,age_statement,,NULL
W002662,age_statement,,NULL
W002664,age_statement,,NULL
W002665,age_statement,,NULL
W002666,age_statement,,NULL
W002667,age_statement,,NULL
W002668,age_statement,,NULL
W002669,age_statement,,NULL
W002670,age_statement,,NULL
W002671,age_statement,,NULL
W002672,age_statement,,NULL
W002673,age_statement,,NULL
W002674,age_statement,,NULL
W002675,age_statement,,NULL
W002676,age_statement,,NULL
W002677,age_statement,,NULL
W002680,age_statement,,NULL
W002681,age_statement,,NULL
W002682,age_statement,,NULL
W002683,age_statement,,NULL
W002684,age_statement,,NULL
W002686,age_statement,,NULL
W002689,age_statement,,NULL
W002690,age_statement,,NULL
W002691,age_statement,,NULL
W002692,age_statement,,NULL
W002694,age_statement,,NULL
W002695,age_statement,,NULL
W002696,age_statement,,NULL
W002698,age_statement,,NULL
W002699,age_statement,,NULL
W002700,age_statement,,NULL
W002701,age_statement,,NULL
W002703,age_statement,,NULL
W002704,age_statement,,NULL
W002706,age_statement,,NULL
W002709,age_statement,,NULL
W002710,age_statement,,NULL
W002713,age_statement,,NULL
W002714,age_statement,,NULL
W002715,age_statement,,NULL
W002716,age_statement,,NULL
W002718,age_statement,,NULL
W002719,age_statement,,NULL
W002721,age_statement,,NULL
W002724,age_statement,,NULL
W002726,age_statement,,NULL
W002727,age_statement,,NULL
W002728,age_statement,,NULL
W002729,age_statement,,NULL
W002730,age_statement,,NULL
W002732,age_statement,,NULL
W002733,age_statement,,NULL
W002734,age_statement,,NULL
W002736,age_statement,,NULL
W002737,age_statement,,NULL
W002738,age_statement,,NULL
W002740,age_statement,,NULL
W002743,age_statement,,NULL
W002744,age_statement,,NULL
W002745,age_statement,,NULL
W002746,age_statement,,NULL
W002747,age_statement,,NULL
W002748,age_statement,,NULL
W002749,age_statement,,NULL
W002750,age_statement,,NULL
W002751,age_statement,,NULL
W002752,age_statement,,NULL
W002753,age_statement,,NULL
W002754,age_statement,,NULL
W002755,age_statement,,NULL
W002757,age_statement,,NULL
W002758,age_statement,,NULL
W002759,age_statement,,NULL
W002761,age_statement,,NULL
W002762,age_statement,,NULL
W002764,age_statement,,NULL
W002765,age_statement,,NULL
W002766,age_statement,,NULL
W002767,age_statement,,NULL
W002769,age_statement,,NULL
W002770,age_statement,,NULL
W002772,age_statement,,NULL
W002773,age_statement,,NULL
W002774,age_statement,,NULL
W002775,age_statement,,NULL
W002776,age_statement,,NULL
W002777,age_statement,,NULL
W002778,age_statement,,NULL
W002779,age_statement,,NULL
W002780,age_statement,,NULL
W002781,age_statement,,NULL
W002782,age_statement,,NULL
W002783,age_statement,,NULL
W002784,age_statement,,NULL
W002786,age_statement,,NULL
W002787,age_statement,,NULL
W002789,age_statement,,NULL
W002790,age_statement,,NULL
W002791,age_statement,,NULL
W002792,age_statement,,NULL
W002793,age_statement,,NULL
W002794,age_statement,,NULL
W002796,age_statement,,NULL
W002797,age_statement,,NULL
W002798,age_statement,,NULL
W002799,age_statement,,NULL
W002800,age_statement,,NULL
W002801,age_statement,,NULL
W002803,age_statement,,NULL
W002804,age_statement,,NULL
W002805,age_statement,,NULL
W002808,age_statement,,NULL
W002809,age_statement,,NULL
W002810,age_statement,,NULL
W002812,age_statement,,NULL
W002813,age_statement,,NULL
W002817,age_statement,,NULL
W002820,age_statement,,NULL
W002821,age_statement,,NULL
W002824,age_statement,,NULL
W002825,age_statement,,NULL
W002826,age_statement,,NULL
W002827,age_statement,,NULL
W002829,age_statement,,NULL
W002830,age_statement,,NULL
W002831,age_statement,,NULL
W002832,age_statement,,NULL
W002833,age_statement,,NULL
W002834,age_statement,,NULL
W002835,age_statement,,NULL
W002838,age_statement,,NULL
W002841,age_statement,,NULL
W002842,age_statement,,NULL
W002843,age_statement,,NULL
W002844,age_statement,,NULL
W002845,age_statement,,NULL
W002847,age_statement,,NULL
W002852,age_statement,,NULL
W002853,age_statement,,NULL
W002854,age_statement,,NULL
W002855,age_statement,,NULL
W002858,age_statement,,NULL
W002859,age_statement,,NULL
W002860,age_statement,,NULL
W002861,age_statement,,NULL
W002863,age_statement,,NULL
W002865,age_statement,,NULL
W002868,age_statement,,NULL
W002870,age_statement,,NULL
W002871,age_statement,,NULL
W002874,age_statement,,NULL
W002876,age_statement,,NULL
W002877,age_statement,,NULL
W002878,age_statement,,NULL
W002879,age_statement,,NULL
W002880,age_statement,,NULL
W002881,age_statement,,NULL
W002883,age_statement,,NULL
W002886,age_statement,,NULL
W002890,age_statement,,NULL
W002898,age_statement,,NULL
W002899,age_statement,,NULL
W002900,age_statement,,NULL
W002901,age_statement,,NULL
W002902,age_statement,,NULL
W002903,age_statement,,NULL
W002904,age_statement,,NULL
W002905,age_statement,,NULL
W002906,age_statement,,NULL
W002907,age_statement,,NULL
W002908,age_statement,,NULL
W002909,age_statement,,NULL
W002910,age_statement,,NULL
W002911,age_statement,,NULL
W002912,age_statement,,NULL
W002914,age_statement,,NULL
W002915,age_statement,,NULL
W002916,age_statement,,NULL
W002917,age_statement,,NULL
W002918,age_statement,,NULL
W002919,age_statement,,NULL
W002922,age_statement,,NULL
W002927,age_statement,,NULL
W002928,age_statement,,NULL
W002929,age_statement,,NULL
W002930,age_statement,,NULL
W002931,age_statement,,NULL
W002932,age_statement,,NULL
W002933,age_statement,,NULL
W002934,age_statement,,NULL
W002935,age_statement,,NULL
W002938,age_statement,,NULL
W002939,age_statement,,NULL
W002940,age_statement,,NULL
W002941,age_statement,,NULL
W002942,age_statement,,NULL
W002943,age_statement,,NULL
W002946,age_statement,,NULL
W002948,age_statement,,NULL
W002949,age_statement,,NULL
W002955,age_statement,,NULL
W002958,age_statement,,NULL
W002960,age_statement,,NULL
W002964,age_statement,,NULL
W002966,age_statement,,NULL
W002970,age_statement,,NULL
W002971,age_statement,,NULL
W002972,age_statement,,NULL
W002973,age_statement,,NULL
W002975,age_statement,,NULL
W002976,age_statement,,NULL
W002978,age_statement,,NULL
W002980,age_statement,,NULL
W002981,age_statement,,NULL
W002983,age_statement,,NULL
W002985,age_statement,,NULL
W002986,age_statement,,NULL
W002987,age_statement,,NULL
W002988,age_statement,,NULL
W002990,age_statement,,NULL
W002991,age_statement,,NULL
W002992,age_statement,,NULL
W002993,age_statement,,NULL
W002994,age_statement,,NULL
W002995,age_statement,,NULL
W002996,age_statement,,NULL
W002998,age_statement,,NULL
W003000,age_statement,,NULL
W003001,age_statement,,NULL
W003002,age_statement,,NULL
W003003,age_statement,,NULL
W003004,age_statement,,NULL
W003005,age_statement,,NULL
W003006,age_statement,,NULL
W003007,age_statement,,NULL
W003008,age_statement,,NULL
W003009,age_statement,,NULL
W003010,age_statement,,NULL
W003012,age_statement,,NULL
W003013,age_statement,,NULL
W003014,age_statement,,NULL
W003015,age_statement,,NULL
W003016,age_statement,,NULL
W003017,age_statement,,NULL
W003019,age_statement,,NULL
W003021,age_statement,,NULL
W003022,age_statement,,NULL
W003023,age_statement,,NULL
W003025,age_statement,,NULL
W003026,age_statement,,NULL
W003027,age_statement,,NULL
W003033,age_statement,,NULL
W003034,age_statement,,NULL
W003035,age_statement,,NULL
W003036,age_statement,,NULL
W003037,age_statement,,NULL
W003038,age_statement,,NULL
W003039,age_statement,,NULL
W003040,age_statement,,NULL
W003041,age_statement,,NULL
W003042,age_statement,,NULL
W003043,age_statement,,NULL
W003044,age_statement,,NULL
W003045,age_statement,,NULL
W003046,age_statement,,NULL
W003047,age_statement,,NULL
W003048,age_statement,,NULL
W003052,age_statement,,NULL
W003054,age_statement,,NULL
W003056,age_statement,,NULL
W003057,age_statement,,NULL
W003065,age_statement,,NULL
W003066,age_statement,,NULL
W003068,age_statement,,NULL
W003069,age_statement,,NULL
W003080,age_statement,,NULL
W003083,age_statement,,NULL
W003084,age_statement,,NULL
W003085,age_statement,,NULL
W003087,age_statement,,NULL
W003089,age_statement,,NULL
W003090,age_statement,,NULL
W003091,age_statement,,NULL
W003092,age_statement,,NULL
W003093,age_statement,,NULL
W003098,age_statement,,NULL
W003102,age_statement,,NULL
W003103,age_statement,,NULL
W003104,age_statement,,NULL
W003107,age_statement,,NULL
W003108,age_statement,,NULL
W003109,age_statement,,NULL
W003111,age_statement,,NULL
W003112,age_statement,,NULL
W003113,age_statement,,NULL
W003114,age_statement,,NULL
W003115,age_statement,,NULL
W003116,age_statement,,NULL
W003118,age_statement,,NULL
W003119,age_statement,,NULL
W003120,age_statement,,NULL
W003122,age_statement,,NULL
W003123,age_statement,,NULL
W003124,age_statement,,NULL
W003129,age_statement,,NULL
W003135,age_statement,,NULL
W003138,age_statement,,NULL
W003139,age_statement,,NULL
W003140,age_statement,,NULL
W003141,age_statement,,NULL
W003142,age_statement,,NULL
W003143,age_statement,,NULL
W003155,age_statement,,NULL
W003156,age_statement,,NULL
W003157,age_statement,,NULL
W003158,age_statement,,NULL
W003159,age_statement,,NULL
W003160,age_statement,,NULL
W003161,age_statement,,NULL
W003162,age_statement,,NULL
W003163,age_statement,,NULL
W003164,age_statement,,NULL
W003165,age_statement,,NULL
W003166,age_statement,,NULL
W003167,age_statement,,NULL
W003168,age_statement,,NULL
W003169,age_statement,,NULL
W003170,age_statement,,NULL
W003171,age_statement,,NULL
W003172,age_statement,,NULL
W003173,age_statement,,NULL
W003174,age_statement,,NULL
W003175,age_statement,,NULL
W003176,age_statement,,NULL
W003177,age_statement,,NULL
W003178,age_statement,,NULL
W003179,age_statement,,NULL
W003182,age_statement,,NULL
W003184,age_statement,,NULL
W003185,age_statement,,NULL
W003186,age_statement,,NULL
W003187,age_statement,,NULL
W003188,age_statement,,NULL
W003189,age_statement,,NULL
W003190,age_statement,,NULL
W003191,age_statement,,NULL
W003192,age_statement,,NULL
W003193,age_statement,,NULL
W003194,age_statement,,NULL
W003195,age_statement,,NULL
W003196,age_statement,,NULL
W003197,age_statement,,NULL
W003198,age_statement,,NULL
W003199,age_statement,,NULL
W003200,age_statement,,NULL
W003201,age_statement,,NULL
W003202,age_statement,,NULL
W003207,age_statement,,NULL
W003211,age_statement,,NULL
W003212,age_statement,,NULL
W003214,age_statement,,NULL
W003219,age_statement,,NULL
W003220,age_statement,,NULL
W003221,age_statement,,NULL
W003222,age_statement,,NULL
W003223,age_statement,,NULL
W003224,age_statement,,NULL
W003226,age_statement,,NULL
W003228,age_statement,,NULL
W003229,age_statement,,NULL
W003230,age_statement,,NULL
W003232,age_statement,,NULL
W003233,age_statement,,NULL
W003234,age_statement,,NULL
W003236,age_statement,,NULL
W003237,age_statement,,NULL
W003238,age_statement,,NULL
W003239,age_statement,,NULL
W003240,age_statement,,NULL
W003241,age_statement,,NULL
W003242,age_statement,,NULL
W003243,age_statement,,NULL
W003244,age_statement,,NULL
W003245,age_statement,,NULL
W003246,age_statement,,NULL
W003247,age_statement,,NULL
W003248,age_statement,,NULL
W003249,age_statement,,NULL
W003251,age_statement,,NULL
W003254,age_statement,,NULL
W003255,age_statement,,NULL
W003256,age_statement,,NULL
W003257,age_statement,,NULL
W003258,age_statement,,NULL
W003259,age_statement,,NULL
W003260,age_statement,,NULL
W003261,age_statement,,NULL
W003262,age_statement,,NULL
W003263,age_statement,,NULL
W003264,age_statement,,NULL
W003265,age_statement,,NULL
W003266,age_statement,,NULL
W003268,age_statement,,NULL
W003269,age_statement,,NULL
W003270,age_statement,,NULL
W003271,age_statement,,NULL
W003273,age_statement,,NULL
W003281,age_statement,,NULL
W003282,age_statement,,NULL
W003283,age_statement,,NULL
W003286,age_statement,,NULL
W003287,age_statement,,NULL
W003290,age_statement,,NULL
W003293,age_statement,,NULL
