source,source_file,source_row,brand_name,type,owner,distillery,country,whisky_count,link,match_status,matched_id,confidence_score,review_status
whiskynet.pl,brands.csv,1,8 Doors,Distillery brand,Kerry and Derek Campbell,8 Doors,Scotland,0,https://whiskynet.pl/en/brands/8-doors,NEW,,1.0,MANUAL_REVIEW
whiskynet.pl,brands.csv,2,Aberargie,Distillery brand,Perth Distilling Co,Aberargie,Scotland,0,https://whiskynet.pl/en/brands/aberargie,NEW,,1.0,MANUAL_REVIEW
whiskynet.pl,brands.csv,3,Aberfeldy,Official brand,John Dewar & Sons,Aberfeldy Distillery,Scotland,3,https://whiskynet.pl/en/brands/aberfeldy,EXACT_MATCH,Aberfeldy,1.0,APPROVED
whiskynet.pl,brands.csv,4,Aberlour,Distillery brand,Pernod Ricard,Aberlour,Scotland,2,https://whiskynet.pl/en/brands/aberlour,EXACT_MATCH,Aberlour,1.0,APPROVED
whiskynet.pl,brands.csv,5,Abhainn Dearg,Distillery brand,Mark Tayburn,Abhainn Dearg,Scotland,0,https://whiskynet.pl/en/brands/abhainn-dearg,NEW,,1.0,MANUAL_REVIEW
whiskynet.pl,brands.csv,6,Adelphi,Independent bottler,Adelphi Distillery Co,—,Scotland,0,https://whiskynet.pl/en/brands/adelphi,NEW,,1.0,MANUAL_REVIEW
whiskynet.pl,brands.csv,7,Ailsa Bay,Distillery brand,William Grant & Sons,Ailsa Bay,Scotland,0,https://whiskynet.pl/en/brands/ailsa-bay,NEW,,1.0,MANUAL_REVIEW
whiskynet.pl,brands.csv,8,Akashi,Distillery brand,Eigashima Shuzo Co.,White Oak Distillery,Japan,2,https://whiskynet.pl/en/brands/akashi-whisky,EXACT_MATCH,Akashi,1.0,APPROVED
whiskynet.pl,brands.csv,9,Akkeshi,Distillery brand,"Akkeshi, Kenten Co. Ltd.",Akkeshi Distillery,Japan,0,https://whiskynet.pl/en/brands/akkeshi,NEW,,1.0,MANUAL_REVIEW
whiskynet.pl,brands.csv,10,Allt-A-Bhainne,Distillery brand,Pernod Ricard,Allt-A-Bhainne,Scotland,0,https://whiskynet.pl/en/brands/allt-a-bhainne,NEW,,1.0,MANUAL_REVIEW
whiskynet.pl,brands.csv,11,Amrut,Official brand,Amrut Distilleries Pvt. Ltd.,—,India,2,https://whiskynet.pl/en/brands/amrut,EXACT_MATCH,Amrut,1.0,APPROVED
whiskynet.pl,brands.csv,12,anCnoc,Distillery brand,Inver House Distillers,Knockdhu,Scotland,4,https://whiskynet.pl/en/brands/ancnoc,NEW,,1.0,MANUAL_REVIEW
whiskynet.pl,brands.csv,13,Annandale,Distillery brand,Annandale Distillery Company,Annandale Distillery,Scotland,0,https://whiskynet.pl/en/brands/annandale,NEW,,1.0,MANUAL_REVIEW
whiskynet.pl,brands.csv,14,Arbikie Highland Estate,Distillery brand,Arbikie Highland Estate,Arbikie,Scotland,0,https://whiskynet.pl/en/brands/arbikie-highland-estate,NEW,,1.0,MANUAL_REVIEW
whiskynet.pl,brands.csv,15,Ardbeg,Distillery brand,Moët Hennessy,Ardbeg,Scotland,9,https://whiskynet.pl/en/brands/ardbeg,EXACT_MATCH,Ardbeg,1.0,APPROVED
whiskynet.pl,brands.csv,16,Ardmore,Distillery brand,Suntory Global Spirits,Ardmore,Scotland,1,https://whiskynet.pl/en/brands/ardmore,EXACT_MATCH,Ardmore,1.0,APPROVED
whiskynet.pl,brands.csv,17,Ardnahoe,Distillery brand,Hunter Laing & Company,Ardnahoe,Scotland,0,https://whiskynet.pl/en/brands/ardnahoe,EXACT_MATCH,Ardnahoe,1.0,APPROVED
whiskynet.pl,brands.csv,18,Ardnamurchan,Distillery brand,Adelphi Distillery Co,Ardnamurchan,Scotland,0,https://whiskynet.pl/en/brands/ardnamurchan,NEW,,1.0,MANUAL_REVIEW
whiskynet.pl,brands.csv,19,Ardross,Distillery brand,Greenwood Distillers,Ardross,Scotland,0,https://whiskynet.pl/en/brands/ardross,NEW,,1.0,MANUAL_REVIEW
whiskynet.pl,brands.csv,20,Arran,Distillery brand,Isle of Arran Distillers Ltd.,Lochranza (Isle of Arran Distillery),Scotland,8,https://whiskynet.pl/en/brands/arran,NEW,,1.0,MANUAL_REVIEW
whiskynet.pl,brands.csv,21,Asaka,Distillery brand,Sasanokawa Shuzo,Asaka Distillery,Japan,0,https://whiskynet.pl/en/brands/asaka,NEW,,1.0,MANUAL_REVIEW
whiskynet.pl,brands.csv,22,Athrú,Official brand,Sazerac Company,—,Ireland,0,https://whiskynet.pl/en/brands/athru,NEW,,1.0,MANUAL_REVIEW
whiskynet.pl,brands.csv,23,Auchentoshan,Distillery brand,Suntory Global Spirits,Auchentoshan,Scotland,4,https://whiskynet.pl/en/brands/auchentoshan,EXACT_MATCH,Auchentoshan,1.0,APPROVED
whiskynet.pl,brands.csv,24,Auchroisk,Distillery brand,Diageo,Auchroisk,Scotland,0,https://whiskynet.pl/en/brands/auchroisk,NEW,,1.0,MANUAL_REVIEW
whiskynet.pl,brands.csv,25,Bain’s Cape Mountain,Distillery brand,Distell,James Sedgwick Distillery,South Africa,1,https://whiskynet.pl/en/brands/bains-cape-mountain,NEW,,1.0,MANUAL_REVIEW
whiskynet.pl,brands.csv,26,Baker's,Official brand,Suntory Global Spirits,—,—,0,https://whiskynet.pl/en/brands/bakers,FUZZY_MATCH,baker’s,0.8571,MANUAL_REVIEW
whiskynet.pl,brands.csv,27,Balblair,Distillery brand,Inver House Distillers,Balblair,Scotland,2,https://whiskynet.pl/en/brands/balblair,EXACT_MATCH,Balblair,1.0,APPROVED
whiskynet.pl,brands.csv,28,Ballantine's,Official brand,Chivas Brothers,—,Scotland,8,https://whiskynet.pl/en/brands/ballantines,FUZZY_MATCH,ballantine’s,0.9167,MANUAL_REVIEW
whiskynet.pl,brands.csv,29,Ballykeefe,Distillery brand,Familie Ging,Ballykeefe Distillery,Ireland,0,https://whiskynet.pl/en/brands/ballykeefe,NEW,,1.0,MANUAL_REVIEW
whiskynet.pl,brands.csv,30,Balvenie,Distillery brand,William Grant & Sons,Balvenie,Scotland,4,https://whiskynet.pl/en/brands/balvenie,EXACT_MATCH,Balvenie,1.0,APPROVED
whiskynet.pl,brands.csv,31,Bearface,Official brand,Mark Anthony Brands Ltd.,—,Canada,0,https://whiskynet.pl/en/brands/bearface,NEW,,1.0,MANUAL_REVIEW
whiskynet.pl,brands.csv,32,Bearface Spirits,Independent bottler,Mark Anthony Brands Ltd.,—,Canada,1,https://whiskynet.pl/en/brands/bearface-spirits,NEW,,1.0,MANUAL_REVIEW
whiskynet.pl,brands.csv,33,Ben Bracken,Official brand,Lidl,—,Germany,0,https://whiskynet.pl/en/brands/ben-bracken,NEW,,1.0,MANUAL_REVIEW
whiskynet.pl,brands.csv,34,Ben Nevis,Official brand,Nikka Whisky Distilling Co Ltd,Ben Nevis,Scotland,0,https://whiskynet.pl/en/brands/ben-nevis,NEW,,1.0,MANUAL_REVIEW
whiskynet.pl,brands.csv,35,"Benbecula, MacMillan Spirits",Distillery brand,Angus A. MacMillan,Benbecula,Scotland,0,https://whiskynet.pl/en/brands/benbecula-macmillan-spirits,NEW,,1.0,MANUAL_REVIEW
whiskynet.pl,brands.csv,36,BenRiach,Distillery brand,Brown-Forman,Benriach Distillery,Scotland,4,https://whiskynet.pl/en/brands/benriach,FUZZY_MATCH,benromach,0.8235,MANUAL_REVIEW
whiskynet.pl,brands.csv,37,Benrinnes,Distillery brand,Diageo,Benrinnes,Scotland,0,https://whiskynet.pl/en/brands/benrinnes,EXACT_MATCH,Benrinnes,1.0,APPROVED
whiskynet.pl,brands.csv,38,Benromach,Distillery brand,Gordon & MacPhail,Benromach Distillery,Scotland,3,https://whiskynet.pl/en/brands/benromach,EXACT_MATCH,Benromach,1.0,APPROVED
whiskynet.pl,brands.csv,39,Black Bottle,Official brand,Ian Macleod Distillers,—,Scotland,2,https://whiskynet.pl/en/brands/black-bottle,FUZZY_MATCH,black butte,0.8696,MANUAL_REVIEW
whiskynet.pl,brands.csv,40,Black Bull,Official brand,Duncan Taylor Scotch Whisky Ltd.,—,Scotland,1,https://whiskynet.pl/en/brands/black-bull,NEW,,1.0,MANUAL_REVIEW
whiskynet.pl,brands.csv,41,Black Ram,Official brand,Diageo,—,India,1,https://whiskynet.pl/en/brands/black-bam,NEW,,1.0,MANUAL_REVIEW
whiskynet.pl,brands.csv,42,Blackness Bay,Distillery brand,Colm O'Rourke,Blackness,Scotland,0,https://whiskynet.pl/en/brands/blackness-bay,NEW,,1.0,MANUAL_REVIEW
whiskynet.pl,brands.csv,43,Blacks of Kinsale,Distillery brand,Blacks of Kinsale Distillery Ltd.,Blacks of Kinsale,Ireland,0,https://whiskynet.pl/en/brands/blacks-of-kinsale,NEW,,1.0,MANUAL_REVIEW
whiskynet.pl,brands.csv,44,Blackwater,Distillery brand,Blackwater Distillery Ltd,Blackwater Distillery,Ireland,0,https://whiskynet.pl/en/brands/blackwater,NEW,,1.0,MANUAL_REVIEW
whiskynet.pl,brands.csv,45,Blair Athol,Distillery brand,Diageo,Blair Athol,Scotland,0,https://whiskynet.pl/en/brands/blair-athol,NEW,,1.0,MANUAL_REVIEW
whiskynet.pl,brands.csv,46,Blairmhor,Official brand,Quality Spirits International,—,Scotland,1,https://whiskynet.pl/en/brands/blairmhor,NEW,,1.0,MANUAL_REVIEW
whiskynet.pl,brands.csv,47,Booker’s,Official brand,Suntory Global Spirits,Jim Beam Distillery,USA,1,https://whiskynet.pl/en/brands/bookers,EXACT_MATCH,Booker’s,1.0,APPROVED
whiskynet.pl,brands.csv,48,Bowmore,Distillery brand,Suntory Global Spirits,Bowmore,Scotland,1,https://whiskynet.pl/en/brands/bowmore,EXACT_MATCH,Bowmore,1.0,APPROVED
whiskynet.pl,brands.csv,49,Bridge,Distillery brand,Clancy Family,Lough Ree Distillery,Ireland,0,https://whiskynet.pl/en/brands/bridge,NEW,,1.0,MANUAL_REVIEW
whiskynet.pl,brands.csv,50,Bruichladdich,Official brand,Rémy Cointreau,Bruichladdich,Scotland,1,https://whiskynet.pl/en/brands/bruichladdich,EXACT_MATCH,Bruichladdich,1.0,APPROVED
whiskynet.pl,brands.csv,51,Buffalo Trace,Official brand,Sazerac Company,Buffalo Trace Distillery,USA,1,https://whiskynet.pl/en/brands/buffalo-trace,NEW,,1.0,MANUAL_REVIEW
whiskynet.pl,brands.csv,52,Bulleit,Official brand,Diageo,Bulleit Distilling Co,USA,1,https://whiskynet.pl/en/brands/bulleit-brand,NEW,,1.0,MANUAL_REVIEW
whiskynet.pl,brands.csv,53,Bunnahabhain,Distillery brand,Distell,Bunnahabhain,Scotland,7,https://whiskynet.pl/en/brands/bunnahabhain,EXACT_MATCH,Bunnahabhain,1.0,APPROVED
whiskynet.pl,brands.csv,54,Bushmills,Distillery brand,Proximo Spirits,Old Bushmills Distillery,Northern Ireland,8,https://whiskynet.pl/en/brands/bushmills,EXACT_MATCH,Bushmills,1.0,APPROVED
whiskynet.pl,brands.csv,55,Busker,Distillery brand,Illva Saronno,Royal Oak Distillery,Ireland,0,https://whiskynet.pl/en/brands/busker,NEW,,1.0,MANUAL_REVIEW
whiskynet.pl,brands.csv,56,Cabrach,Distillery brand,The Cabrach Trust,Cabrach,Scotland,0,https://whiskynet.pl/en/brands/cabrach,NEW,,1.0,MANUAL_REVIEW
whiskynet.pl,brands.csv,57,Canadian Club,Official brand,Corby Spirit and Wine,Hiram Walker Distillery,Canada,3,https://whiskynet.pl/en/brands/canadian-club-brand,NEW,,1.0,MANUAL_REVIEW
whiskynet.pl,brands.csv,58,Caol Ila,Distillery brand,Diageo,Caol Ila,Scotland,1,https://whiskynet.pl/en/brands/caol-ila,EXACT_MATCH,Caol Ila,1.0,APPROVED
whiskynet.pl,brands.csv,59,Cardhu,Distillery brand,Diageo,Cardhu,Scotland,1,https://whiskynet.pl/en/brands/cardhu,EXACT_MATCH,Cardhu,1.0,APPROVED
whiskynet.pl,brands.csv,60,Cedar Ridge,Official brand,"Cedar Ridge Vineyards, LLC",Cedar Ridge Distillery,USA,2,https://whiskynet.pl/en/brands/cedar-ridge-brand,FUZZY_MATCH,cedar ridge the,0.8462,MANUAL_REVIEW
whiskynet.pl,brands.csv,61,Chita,Distillery brand,Suntory Global Spirits,Chita Distillery,Japan,1,https://whiskynet.pl/en/brands/chita,NEW,,1.0,MANUAL_REVIEW
whiskynet.pl,brands.csv,62,Chivas Brothers,Independent bottler,Pernod Ricard,—,Scotland,0,https://whiskynet.pl/en/brands/chivas-brothers,EXACT_MATCH,Chivas Brothers,1.0,APPROVED
whiskynet.pl,brands.csv,63,Chivas Regal,Official brand,Chivas Brothers,—,Scotland,3,https://whiskynet.pl/en/brands/chivas-regal-brand,EXACT_MATCH,Chivas Regal,1.0,APPROVED
whiskynet.pl,brands.csv,64,Clan Colla,Distillery brand,Gareth i Michelle McAllister,"McAllister Distillers, Ltd.",Ireland,0,https://whiskynet.pl/en/brands/clan-colla,NEW,,1.0,MANUAL_REVIEW
whiskynet.pl,brands.csv,65,Clonakilty Irish Whiskey,Distillery brand,Clonakilty Distillery Ltd.,Clonakilty Distillery,Ireland,0,https://whiskynet.pl/en/brands/clonakilty-irish-whiskey,NEW,,1.0,MANUAL_REVIEW
whiskynet.pl,brands.csv,66,Clydeside,Distillery brand,Morrison Glasgow Distillers,Clydeside,Scotland,0,https://whiskynet.pl/en/brands/clydeside,NEW,,1.0,MANUAL_REVIEW
whiskynet.pl,brands.csv,67,Clynelish,Distillery brand,Diageo,Clynelish,Scotland,1,https://whiskynet.pl/en/brands/clynelish,EXACT_MATCH,Clynelish,1.0,APPROVED
whiskynet.pl,brands.csv,68,Connacht Whiskey,Distillery brand,The Connacht Whiskey Company Ltd.,"Connacht Whiskey Distillery, The",Ireland,1,https://whiskynet.pl/en/brands/connacht-whiskey,NEW,,1.0,MANUAL_REVIEW
whiskynet.pl,brands.csv,69,Cooley,Distillery brand,Suntory Global Spirits,Cooley Distillery,Ireland,3,https://whiskynet.pl/en/brands/cooley,NEW,,1.0,MANUAL_REVIEW
whiskynet.pl,brands.csv,70,Cotswolds Whisky,Distillery brand,Cotswolds Distillery Ltd.,Cotswolds Distillery,England,2,https://whiskynet.pl/en/brands/cotswolds-whisky,NEW,,1.0,MANUAL_REVIEW
whiskynet.pl,brands.csv,71,Crafty,Distillery brand,"Sam Heughan, Alex Norouzi (2025)",Galloway Distillery (Crafty),Scotland,0,https://whiskynet.pl/en/brands/crafty,NEW,,1.0,MANUAL_REVIEW
whiskynet.pl,brands.csv,72,Cragganmore,Distillery brand,Diageo,Cragganmore Distillery,Scotland,2,https://whiskynet.pl/en/brands/cragganmore,EXACT_MATCH,Cragganmore,1.0,APPROVED
whiskynet.pl,brands.csv,73,Craigellachie,Distillery brand,John Dewar & Sons,Craigellachie Distillery,Scotland,1,https://whiskynet.pl/en/brands/craigellachie,NEW,,1.0,MANUAL_REVIEW
whiskynet.pl,brands.csv,74,Cutty Sark,Official brand,La Martiniquaise,—,Scotland,1,https://whiskynet.pl/en/brands/cutty-sark-brand,EXACT_MATCH,Cutty Sark,1.0,APPROVED
whiskynet.pl,brands.csv,75,Daftmill,Distillery brand,Francis and Ian Cuthbert,Daftmill,Scotland,0,https://whiskynet.pl/en/brands/daftmill,NEW,,1.0,MANUAL_REVIEW
whiskynet.pl,brands.csv,76,Dailuaine,Distillery brand,Diageo,Dailuaine,Scotland,0,https://whiskynet.pl/en/brands/dailuaine,NEW,,1.0,MANUAL_REVIEW
whiskynet.pl,brands.csv,77,Dalmore,Distillery brand,Whyte & Mackay,Dalmore Distillery,Scotland,3,https://whiskynet.pl/en/brands/dalmore,EXACT_MATCH,Dalmore,1.0,APPROVED
whiskynet.pl,brands.csv,78,Dalmunach,Distillery brand,Pernod Ricard,Dalmunach Distillery,Scotland,0,https://whiskynet.pl/en/brands/dalmunach,NEW,,1.0,MANUAL_REVIEW
whiskynet.pl,brands.csv,79,Dalwhinnie,Distillery brand,Diageo,Dalwhinnie,Scotland,1,https://whiskynet.pl/en/brands/dalwhinnie,EXACT_MATCH,Dalwhinnie,1.0,APPROVED
whiskynet.pl,brands.csv,80,Darkness,Official brand,Atom Brands,—,England,1,https://whiskynet.pl/en/brands/darkness-brand,NEW,,1.0,MANUAL_REVIEW
whiskynet.pl,brands.csv,81,Daviess County Bourbon,Official brand,Luxco,Lux Row Distillers,USA,3,https://whiskynet.pl/en/brands/daviess-county-bourbon-brand,FUZZY_MATCH,daviess county cabernet,0.8,MANUAL_REVIEW
whiskynet.pl,brands.csv,82,Deanston,Distillery brand,Distell,Deanston,Scotland,1,https://whiskynet.pl/en/brands/deanston,EXACT_MATCH,Deanston,1.0,APPROVED
whiskynet.pl,brands.csv,83,Dewar’s,Official brand,John Dewar & Sons,—,Scotland,2,https://whiskynet.pl/en/brands/dewar-s-brand,EXACT_MATCH,Dewar’s,1.0,APPROVED
whiskynet.pl,brands.csv,84,Dingle Whiskey,Distillery brand,Porterhouse Group,Dingle Whiskey Distillery,Ireland,0,https://whiskynet.pl/en/brands/dingle-whiskey,NEW,,1.0,MANUAL_REVIEW
whiskynet.pl,brands.csv,85,Dornoch,Distillery brand,Dornoch Distillery Company,Dornoch,Scotland,0,https://whiskynet.pl/en/brands/dornoch,NEW,,1.0,MANUAL_REVIEW
whiskynet.pl,brands.csv,86,Douglas Laing,Independent bottler,Douglas Laing & Co.,—,—,0,https://whiskynet.pl/en/brands/douglas-laing,NEW,,1.0,MANUAL_REVIEW
whiskynet.pl,brands.csv,87,Drumshanbo,Distillery brand,PJ Rigney Distillery & International Brands Ltd,"Shed Distillery, The",Ireland,0,https://whiskynet.pl/en/brands/drumshanbo,EXACT_MATCH,Drumshanbo,1.0,APPROVED
whiskynet.pl,brands.csv,88,Dublin Liberties Irish Whiskey,Distillery brand,Dublin Liberties Irish Whiskey,"Dublin Liberties Distillery, The",Ireland,0,https://whiskynet.pl/en/brands/dublin-liberties-irish-whiskey,NEW,,1.0,MANUAL_REVIEW
whiskynet.pl,brands.csv,89,Duncan Taylor Scotch Whisky,Independent bottler,Duncan Taylor Scotch Whisky Ltd.,—,Scotland,0,https://whiskynet.pl/en/brands/bottler-duncan-taylor,NEW,,1.0,MANUAL_REVIEW
whiskynet.pl,brands.csv,90,Dunphail,Distillery brand,Dunphail Distillery Ltd - the Jones family,Dunphail,Scotland,0,https://whiskynet.pl/en/brands/dunphail,NEW,,1.0,MANUAL_REVIEW
whiskynet.pl,brands.csv,91,Dunville’s,Distillery brand,"Old Comber, Ban Poitín",Echlinville Distillery,Northern Ireland,0,https://whiskynet.pl/en/brands/dunvilles,NEW,,1.0,MANUAL_REVIEW
whiskynet.pl,brands.csv,92,Elements of Islay,Official brand,Speciality Drinks Ltd.,—,England,1,https://whiskynet.pl/en/brands/elements-of-islay-brand,NEW,,1.0,MANUAL_REVIEW
whiskynet.pl,brands.csv,93,Elijah Craig,Distillery brand,"Heaven Hill Distilleries, Inc",Heaven Hill Distillery,USA,4,https://whiskynet.pl/en/brands/elijah-craig,EXACT_MATCH,Elijah Craig,1.0,APPROVED
whiskynet.pl,brands.csv,94,Elixir Distillers,Independent bottler,Elixir Distillers,—,—,0,https://whiskynet.pl/en/brands/elixir-distillers,NEW,,1.0,MANUAL_REVIEW
whiskynet.pl,brands.csv,95,Evan Williams,Distillery brand,"Heaven Hill Distilleries, Inc",Heaven Hill Distillery,USA,0,https://whiskynet.pl/en/brands/evan-williams,EXACT_MATCH,Evan Williams,1.0,APPROVED
whiskynet.pl,brands.csv,96,Fercullen Irish Whiskey,Distillery brand,Powerscourt Estate,Powerscourt Distillery,Ireland,0,https://whiskynet.pl/en/brands/fercullen-irish-whiskey,NEW,,1.0,MANUAL_REVIEW
whiskynet.pl,brands.csv,97,Finlaggan,Official brand,—,—,Scotland,1,https://whiskynet.pl/en/brands/finlaggan,NEW,,1.0,MANUAL_REVIEW
whiskynet.pl,brands.csv,98,Four Roses,Official brand,Four Roses Distillery LLC,Four Roses Distillery,USA,3,https://whiskynet.pl/en/brands/four-roses-brand,EXACT_MATCH,Four Roses,1.0,APPROVED
whiskynet.pl,brands.csv,99,Fuji Whisky,Distillery brand,Kirin Distillery Company,Fuji Hokuroku Distillery,Japan,0,https://whiskynet.pl/en/brands/fuji-whisky,NEW,,1.0,MANUAL_REVIEW
whiskynet.pl,brands.csv,100,Glen Breton Rare,Official brand,Glenora Inn & Distillery Ltd,—,Canada,1,https://whiskynet.pl/en/brands/glen-breton-rare,NEW,,1.0,MANUAL_REVIEW
whiskynet.pl,brands.csv,101,Glen Elgin,Distillery brand,Diageo,Glen Elgin,Scotland,0,https://whiskynet.pl/en/brands/glen-elgin,NEW,,1.0,MANUAL_REVIEW
whiskynet.pl,brands.csv,102,Glen Garioch,Official brand,Suntory Global Spirits,Glen Garioch,Scotland,1,https://whiskynet.pl/en/brands/glen-garioch-brand,EXACT_MATCH,Glen Garioch,1.0,APPROVED
whiskynet.pl,brands.csv,103,Glen Keith,Official brand,Chivas Brothers,Glen Keith Distillery,Scotland,1,https://whiskynet.pl/en/brands/glen-keith,NEW,,1.0,MANUAL_REVIEW
whiskynet.pl,brands.csv,104,Glen Moray,Distillery brand,La Martiniquaise,Glen Moray,Scotland,7,https://whiskynet.pl/en/brands/glen-moray,EXACT_MATCH,Glen Moray,1.0,APPROVED
whiskynet.pl,brands.csv,105,Glen Scotia,Official brand,Loch Lomond Group,Glen Scotia,Scotland,1,https://whiskynet.pl/en/brands/glen-scotia,EXACT_MATCH,Glen Scotia,1.0,APPROVED
whiskynet.pl,brands.csv,106,Glen Spey,Official brand,Diageo,Glen Spey Distillery,Scotland,0,https://whiskynet.pl/en/brands/glen-spey,NEW,,1.0,MANUAL_REVIEW
whiskynet.pl,brands.csv,107,Glen Stag,Official brand,Stock Spirits Group,—,Scotland,1,https://whiskynet.pl/en/brands/glen-stag,FUZZY_MATCH,glen scotia,0.8,MANUAL_REVIEW
whiskynet.pl,brands.csv,108,Glen Turner,Official brand,La Martiniquaise,—,Scotland,1,https://whiskynet.pl/en/brands/glen-turner,NEW,,1.0,MANUAL_REVIEW
whiskynet.pl,brands.csv,109,Glenalba,Official brand,ALDI,—,Germany,1,https://whiskynet.pl/en/brands/glenalba-brand,NEW,,1.0,MANUAL_REVIEW
whiskynet.pl,brands.csv,110,GlenAllachie,Official brand,"GlenAllachie Distillers Co Limited, The",Glenallachie,Scotland,8,https://whiskynet.pl/en/brands/glenallachie,EXACT_MATCH,GlenAllachie,1.0,APPROVED
whiskynet.pl,brands.csv,111,Glenburgie,Distillery brand,Chivas Brothers,Glenburgie Distillery,Scotland,0,https://whiskynet.pl/en/brands/glenburgie,NEW,,1.0,MANUAL_REVIEW
whiskynet.pl,brands.csv,112,Glencadam,Official brand,Angus Dundee Distiller,Glencadam Distillery,Scotland,1,https://whiskynet.pl/en/brands/glencadam,EXACT_MATCH,Glencadam,1.0,APPROVED
whiskynet.pl,brands.csv,113,Glendalough Irish,Official brand,Glendalough Distillery Ltd.,Glendalough Distillery,Ireland,2,https://whiskynet.pl/en/brands/glendalough-irish,NEW,,1.0,MANUAL_REVIEW
whiskynet.pl,brands.csv,114,GlenDronach,Official brand,Brown-Forman,Glendronach,Scotland,2,https://whiskynet.pl/en/brands/glendronach-brand,FUZZY_MATCH,glendronach ode,0.8462,MANUAL_REVIEW
whiskynet.pl,brands.csv,115,Glenfarclas,Official brand,J. & G. Grant,Glenfarclas,Scotland,7,https://whiskynet.pl/en/brands/glenfarclas,EXACT_MATCH,Glenfarclas,1.0,APPROVED
whiskynet.pl,brands.csv,116,Glenfiddich,Distillery brand,William Grant & Sons,Glenfiddich,Scotland,14,https://whiskynet.pl/en/brands/glenfiddich,EXACT_MATCH,Glenfiddich,1.0,APPROVED
whiskynet.pl,brands.csv,117,Glenglassaugh,Distillery brand,Brown-Forman,Glenglassaugh,Scotland,4,https://whiskynet.pl/en/brands/glenglassaugh,NEW,,1.0,MANUAL_REVIEW
whiskynet.pl,brands.csv,118,Glengoyne,Distillery brand,Ian Macleod Distillers,Glengoyne,Scotland,0,https://whiskynet.pl/en/brands/glengoyne,EXACT_MATCH,Glengoyne,1.0,APPROVED
whiskynet.pl,brands.csv,119,Glenlivet,Official brand,Chivas Brothers,Glenlivet,Scotland,2,https://whiskynet.pl/en/brands/the-glenlivet,EXACT_MATCH,Glenlivet,1.0,APPROVED
whiskynet.pl,brands.csv,120,Glenmorangie,Distillery brand,Moët Hennessy,Glenmorangie,Scotland,5,https://whiskynet.pl/en/brands/glenmorangie,EXACT_MATCH,Glenmorangie,1.0,APPROVED
whiskynet.pl,brands.csv,121,"Glenrothes, The",Official brand,Edrington,Glenrothes Distillery,Scotland,0,https://whiskynet.pl/en/brands/glenrothes-the,NEW,,1.0,MANUAL_REVIEW
whiskynet.pl,brands.csv,122,Glentauchers,Distillery brand,Chivas Brothers,Glentauchers,Scotland,1,https://whiskynet.pl/en/brands/glentauchers,NEW,,1.0,MANUAL_REVIEW
whiskynet.pl,brands.csv,123,Gold Bar,Official brand,Gold Bar Spirits Company,—,USA,1,https://whiskynet.pl/en/brands/gold-bar,NEW,,1.0,MANUAL_REVIEW
whiskynet.pl,brands.csv,124,Gordon & MacPhail,Independent bottler,Gordon & MacPhail,—,—,0,https://whiskynet.pl/en/brands/gordon-and-macphail,NEW,,1.0,MANUAL_REVIEW
whiskynet.pl,brands.csv,125,Grand Macnish,Official brand,MacDuff International,—,Scotland,1,https://whiskynet.pl/en/brands/grand-macnish-brand,NEW,,1.0,MANUAL_REVIEW
whiskynet.pl,brands.csv,126,Grant's,Official brand,William Grant & Sons,—,—,1,https://whiskynet.pl/en/brands/grants,NEW,,1.0,MANUAL_REVIEW
whiskynet.pl,brands.csv,127,Great Northern,Distillery brand,John Teeling,Great Northern Distillery,Ireland,0,https://whiskynet.pl/en/brands/great-northern,NEW,,1.0,MANUAL_REVIEW
whiskynet.pl,brands.csv,128,Greign,Official brand,—,—,Scotland,1,https://whiskynet.pl/en/brands/greign-brand,NEW,,1.0,MANUAL_REVIEW
whiskynet.pl,brands.csv,129,Hakushu,Distillery brand,Suntory Global Spirits,Hakushu Distillery,Japan,0,https://whiskynet.pl/en/brands/hakushu,EXACT_MATCH,Hakushu,1.0,APPROVED
whiskynet.pl,brands.csv,130,Hankey Bannister,Official brand,Inver House Distillers,—,Scotland,2,https://whiskynet.pl/en/brands/hankey-bannister-brand,NEW,,1.0,MANUAL_REVIEW
whiskynet.pl,brands.csv,131,Hanyu Whisky,Distillery brand,Toa Shuzo Co.,Hanyu Distillery,Japan,0,https://whiskynet.pl/en/brands/hanyu-whisky,NEW,,1.0,MANUAL_REVIEW
whiskynet.pl,brands.csv,132,Hazelburn,Distillery brand,J&A Mitchell & Company,Springbank,—,3,https://whiskynet.pl/en/brands/hazelburn,EXACT_MATCH,Hazelburn,1.0,APPROVED
whiskynet.pl,brands.csv,133,Heaven Hill,Distillery brand,"Heaven Hill Distilleries, Inc",Heaven Hill Distillery,USA,0,https://whiskynet.pl/en/brands/heaven-hill,EXACT_MATCH,Heaven Hill,1.0,APPROVED
whiskynet.pl,brands.csv,134,Hibiki,Official brand,Suntory Global Spirits,—,Japan,1,https://whiskynet.pl/en/brands/hibiki-brand,EXACT_MATCH,Hibiki,1.0,APPROVED
whiskynet.pl,brands.csv,135,Highland Journey,Official brand,Hunter Laing & Company,—,Scotland,1,https://whiskynet.pl/en/brands/highland-journey,NEW,,1.0,MANUAL_REVIEW
whiskynet.pl,brands.csv,136,Highland Park,Distillery brand,Edrington,Highland Park,Scotland,12,https://whiskynet.pl/en/brands/highland-park,FUZZY_MATCH,highland park cask,0.8387,MANUAL_REVIEW
whiskynet.pl,brands.csv,137,Hikari,Distillery brand,Hikari Shuzo Co.,Hikari Distillery,Japan,0,https://whiskynet.pl/en/brands/hikari,NEW,,1.0,MANUAL_REVIEW
whiskynet.pl,brands.csv,138,Hinch,Official brand,Hinch Distillery Ltd.,Hinch Distillery,Northern Ireland,2,https://whiskynet.pl/en/brands/hinch-irish-whiskey-brand,NEW,,1.0,MANUAL_REVIEW
whiskynet.pl,brands.csv,139,Hunter Laing,Independent bottler,Hunter Laing & Company,—,—,0,https://whiskynet.pl/en/brands/hunter-laing,NEW,,1.0,MANUAL_REVIEW
whiskynet.pl,brands.csv,140,Ichiro’s Malt,Distillery brand,Venture Whisky Ltd.,Chichibu Distillery,Japan,0,https://whiskynet.pl/en/brands/ichiros-malt,EXACT_MATCH,Ichiro’s Malt,1.0,APPROVED
whiskynet.pl,brands.csv,141,Ikawa,Distillery brand,Tokushu Tochi Co.,Ikawa Distillery,Japan,0,https://whiskynet.pl/en/brands/ikawa,NEW,,1.0,MANUAL_REVIEW
whiskynet.pl,brands.csv,142,"Ileach, The",Official brand,The Vintage Malt Whisky Company,—,Scotland,1,https://whiskynet.pl/en/brands/Ileach-brand,NEW,,1.0,MANUAL_REVIEW
whiskynet.pl,brands.csv,143,Indri,Official brand,Piccadily Agro Industries Limited,Piccadilly Distillery,India,1,https://whiskynet.pl/en/brands/indri,NEW,,1.0,MANUAL_REVIEW
whiskynet.pl,brands.csv,144,"IrishAmerican, Achill Island Whiskey",Distillery brand,Irish American Trading Company,Achill Island Distillery,Ireland,0,https://whiskynet.pl/en/brands/irishamerican-achill-island-whiskey,NEW,,1.0,MANUAL_REVIEW
whiskynet.pl,brands.csv,145,Islay Mist,Official brand,MacDuff International,—,Scotland,1,https://whiskynet.pl/en/brands/islay-mist-brand,NEW,,1.0,MANUAL_REVIEW
whiskynet.pl,brands.csv,146,Islay Storm,Official brand,Elixir Distillers,—,Scotland,1,https://whiskynet.pl/en/brands/islay-storm-brand,NEW,,1.0,MANUAL_REVIEW
whiskynet.pl,brands.csv,147,J.A. Baczewski,Official brand,Altvater Gessler – J.A. Baczewski GmbH,—,Austria,1,https://whiskynet.pl/en/brands/j-a-baczewski-brand,NEW,,1.0,MANUAL_REVIEW
whiskynet.pl,brands.csv,148,Jack Daniel’s,Official brand,Brown-Forman,—,USA,4,https://whiskynet.pl/en/brands/jack-daniel-s-brand,FUZZY_MATCH,jack daniel's,0.9231,MANUAL_REVIEW
whiskynet.pl,brands.csv,149,Jameson,Official brand,Irish Distillers,—,Ireland,6,https://whiskynet.pl/en/brands/jameson-brand,NEW,,1.0,MANUAL_REVIEW
whiskynet.pl,brands.csv,150,Jim Beam,Distillery brand,Suntory Global Spirits,Jim Beam Distillery,USA,4,https://whiskynet.pl/en/brands/jim-beam,EXACT_MATCH,Jim Beam,1.0,APPROVED
whiskynet.pl,brands.csv,151,John Dewar & Sons,Independent bottler,Bacardi & Company Limited,—,Scotland,0,https://whiskynet.pl/en/brands/john-dewar-and-sons,NEW,,1.0,MANUAL_REVIEW
whiskynet.pl,brands.csv,152,Johnnie Walker,Official brand,Diageo,—,Scotland,8,https://whiskynet.pl/en/brands/johnnie-walker,EXACT_MATCH,Johnnie Walker,1.0,APPROVED
whiskynet.pl,brands.csv,153,Jura,Official brand,Whyte & Mackay,Isle of Jura Distillery,Scotland,8,https://whiskynet.pl/en/brands/jura,NEW,,1.0,MANUAL_REVIEW
whiskynet.pl,brands.csv,154,Kamet,Official brand,Piccadily Agro Industries Limited,Piccadilly Distillery,India,1,https://whiskynet.pl/en/brands/kamet-brand,NEW,,1.0,MANUAL_REVIEW
whiskynet.pl,brands.csv,155,Kamui Whisky,Distillery brand,Kamui Whisky K.K.,Rishiri Distillery,Japan,0,https://whiskynet.pl/en/brands/kamui-whisky,NEW,,1.0,MANUAL_REVIEW
whiskynet.pl,brands.csv,156,Kanosuke,Distillery brand,"Komasa Jyozo Co., Ltd.",Kanosuke Distillery,Japan,0,https://whiskynet.pl/en/brands/kanosuke,EXACT_MATCH,Kanosuke,1.0,APPROVED
whiskynet.pl,brands.csv,157,Karuizawa,Distillery brand,Mercian Corporation,Karuizawa Distillery,Japan,0,https://whiskynet.pl/en/brands/karuizawa,EXACT_MATCH,Karuizawa,1.0,APPROVED
whiskynet.pl,brands.csv,158,Kawasaki Whisky,Distillery brand,Kirin Brewery Company (currently Kirin Holdings; historical owner),Kawasaki Distillery,Japan,0,https://whiskynet.pl/en/brands/kawasaki-whisky,NEW,,1.0,MANUAL_REVIEW
whiskynet.pl,brands.csv,159,Kensei,Distillery brand,"Kiyokawa Co., Ltd.",Iiyama Mountain Farm Distillery,Japan,0,https://whiskynet.pl/en/brands/kensei,NEW,,1.0,MANUAL_REVIEW
whiskynet.pl,brands.csv,160,Kilbeggan,Distillery brand,Suntory Global Spirits,Kilbeggan Distillery,Ireland,2,https://whiskynet.pl/en/brands/kilbeggan,NEW,,1.0,MANUAL_REVIEW
whiskynet.pl,brands.csv,161,Kilchoman,Distillery brand,Kilchoman Distillery Company,Kilchoman,Scotland,7,https://whiskynet.pl/en/brands/kilchoman,EXACT_MATCH,Kilchoman,1.0,APPROVED
whiskynet.pl,brands.csv,162,Kilkerran,Official brand,Mitchell's Glengyle Ltd,Glengyle Distillery,Scotland,3,https://whiskynet.pl/en/brands/kilkerran,EXACT_MATCH,Kilkerran,1.0,APPROVED
whiskynet.pl,brands.csv,163,Killarney,Distillery brand,Killarney Brewing & Distilling Co.,Killarney,Ireland,0,https://whiskynet.pl/en/brands/killarney,NEW,,1.0,MANUAL_REVIEW
whiskynet.pl,brands.csv,164,Killowen,Distillery brand,Killowen Distillery Ltd.,Killowen Distillery,Northern Ireland,0,https://whiskynet.pl/en/brands/killowen,NEW,,1.0,MANUAL_REVIEW
whiskynet.pl,brands.csv,165,Knob Creek,Official brand,Suntory Global Spirits,Jim Beam Distillery,USA,3,https://whiskynet.pl/en/brands/knob-creek,EXACT_MATCH,Knob Creek,1.0,APPROVED
whiskynet.pl,brands.csv,166,Kuju,Distillery brand,"Kuju Distillery Co., Ltd.",Kuju Distillery,Japan,0,https://whiskynet.pl/en/brands/kuju,NEW,,1.0,MANUAL_REVIEW
whiskynet.pl,brands.csv,167,Kurayoshi,Distillery brand,"Matsui Shuzo Co., Ltd.",Kurayoshi Distillery,Japan,0,https://whiskynet.pl/en/brands/kurayoshi,NEW,,1.0,MANUAL_REVIEW
whiskynet.pl,brands.csv,168,Label 5,Official brand,La Martiniquaise,—,Scotland,1,https://whiskynet.pl/en/brands/label-5,FUZZY_MATCH,label,0.8333,MANUAL_REVIEW
whiskynet.pl,brands.csv,169,Lagavulin,Distillery brand,Diageo,Lagavulin Distillery,Scotland,6,https://whiskynet.pl/en/brands/lagavulin,EXACT_MATCH,Lagavulin,1.0,APPROVED
whiskynet.pl,brands.csv,170,Laphroaig,Distillery brand,Suntory Global Spirits,Laphroaig,Scotland,7,https://whiskynet.pl/en/brands/laphroaig,EXACT_MATCH,Laphroaig,1.0,APPROVED
whiskynet.pl,brands.csv,171,Larceny,Distillery brand,"Heaven Hill Distilleries, Inc",Heaven Hill Distillery,USA,0,https://whiskynet.pl/en/brands/larceny,NEW,,1.0,MANUAL_REVIEW
whiskynet.pl,brands.csv,172,Lauder's,Official brand,MacDuff International,—,Scotland,0,https://whiskynet.pl/en/brands/lauders-brand,NEW,,1.0,MANUAL_REVIEW
whiskynet.pl,brands.csv,173,Ledaig,Official brand,Distell,Tobermory,Scotland,2,https://whiskynet.pl/en/brands/ledaig,EXACT_MATCH,Ledaig,1.0,APPROVED
whiskynet.pl,brands.csv,174,Lidl,Merchant bottler,—,—,Germany,2,https://whiskynet.pl/en/brands/lidl,NEW,,1.0,MANUAL_REVIEW
whiskynet.pl,brands.csv,175,Longrow,Distillery brand,J&A Mitchell & Company,Springbank,—,1,https://whiskynet.pl/en/brands/longrow,NEW,,1.0,MANUAL_REVIEW
whiskynet.pl,brands.csv,176,Lux Row Distillers,Independent bottler,—,—,USA,0,https://whiskynet.pl/en/brands/lux-row-distillers-brand,NEW,,1.0,MANUAL_REVIEW
whiskynet.pl,brands.csv,177,Macallan,Official brand,Edrington,Macallan,Scotland,2,https://whiskynet.pl/en/brands/macallan,EXACT_MATCH,Macallan,1.0,APPROVED
whiskynet.pl,brands.csv,178,MacArthur’s,Official brand,Inver House Distillers,—,Scotland,1,https://whiskynet.pl/en/brands/macarthurs,NEW,,1.0,MANUAL_REVIEW
whiskynet.pl,brands.csv,179,Mackmyra,Official brand,Mackmyra Svensk Whisky AB,Mackmyra Svensk Whisky,Sweden,2,https://whiskynet.pl/en/brands/mackmyra,EXACT_MATCH,Mackmyra,1.0,APPROVED
whiskynet.pl,brands.csv,180,MacNair’s,Official brand,"GlenAllachie Distillers Co Limited, The",—,Scotland,1,https://whiskynet.pl/en/brands/macnairs,NEW,,1.0,MANUAL_REVIEW
whiskynet.pl,brands.csv,181,Maker’s Mark,Official brand,Suntory Global Spirits,Maker's Mark Distillery,USA,2,https://whiskynet.pl/en/brands/makers-mark,EXACT_MATCH,Maker’s Mark,1.0,APPROVED
whiskynet.pl,brands.csv,182,Mars,Distillery brand,"Hombo Shuzo Co., Ltd.",Mars Shinshu Distillery,Japan,0,https://whiskynet.pl/en/brands/mars,NEW,,1.0,MANUAL_REVIEW
whiskynet.pl,brands.csv,183,Matt D’Arcy,Distillery brand,Matt D’Arcy & Co Ltd,X (bottler),Northern Ireland,0,https://whiskynet.pl/en/brands/matt-darcy,NEW,,1.0,MANUAL_REVIEW
whiskynet.pl,brands.csv,184,May Loag,Official brand,Old Carrick Mill Ltd.,—,Ireland,1,https://whiskynet.pl/en/brands/may-loag,NEW,,1.0,MANUAL_REVIEW
whiskynet.pl,brands.csv,185,Miltonduff,Distillery brand,Chivas Brothers,Miltonduff,Scotland,0,https://whiskynet.pl/en/brands/miltonduff,NEW,,1.0,MANUAL_REVIEW
whiskynet.pl,brands.csv,186,Monkey Shoulder,Official brand,William Grant & Sons,—,Scotland,2,https://whiskynet.pl/en/brands/monkey-shoulder,NEW,,1.0,MANUAL_REVIEW
whiskynet.pl,brands.csv,187,Mossburn,Official brand,Mossburn Distillers,—,Scotland,1,https://whiskynet.pl/en/brands/mossburn,NEW,,1.0,MANUAL_REVIEW
whiskynet.pl,brands.csv,188,Nagahama,Distillery brand,Nagahama Roman Beer Co.,Nagahama Distillery,Japan,0,https://whiskynet.pl/en/brands/nagahama,NEW,,1.0,MANUAL_REVIEW
whiskynet.pl,brands.csv,189,Natterjack Irish Whiskey,Distillery brand,Gortinore Distillery Limited,Gortinore Distillery,Ireland,0,https://whiskynet.pl/en/brands/natterjack-irish-whiskey,NEW,,1.0,MANUAL_REVIEW
whiskynet.pl,brands.csv,190,Nc’nean,Distillery brand,Drimnin Distillery Company,Nc’nean,Scotland,0,https://whiskynet.pl/en/brands/ncnean,NEW,,1.0,MANUAL_REVIEW
whiskynet.pl,brands.csv,191,Niigata Kameda,Distillery brand,Otani Corporation,Niigata Kameda Distillery,Japan,0,https://whiskynet.pl/en/brands/niigata-kameda,NEW,,1.0,MANUAL_REVIEW
whiskynet.pl,brands.csv,192,Nikka Whisky,Official brand,Nikka Whisky Distilling Co Ltd,Miyagikyo Distillery,Japan,4,https://whiskynet.pl/en/brands/nikka-whisky,NEW,,1.0,MANUAL_REVIEW
whiskynet.pl,brands.csv,193,Niseko,Distillery brand,"Hakkaisan Brewery Co., Ltd.",Niseko Distillery,Japan,0,https://whiskynet.pl/en/brands/niseko,NEW,,1.0,MANUAL_REVIEW
whiskynet.pl,brands.csv,194,Nukuda Whisky,Distillery brand,Nukuda Brewery Co.,Nukuda Brewery,Japan,0,https://whiskynet.pl/en/brands/nukuda-whisky,NEW,,1.0,MANUAL_REVIEW
whiskynet.pl,brands.csv,195,Oban,Official brand,Diageo,Oban Distillery,Scotland,3,https://whiskynet.pl/en/brands/oban,EXACT_MATCH,Oban,1.0,APPROVED
whiskynet.pl,brands.csv,196,Octomore,Official brand,Rémy Cointreau,Bruichladdich,Scotland,5,https://whiskynet.pl/en/brands/octomore,EXACT_MATCH,Octomore,1.0,APPROVED
whiskynet.pl,brands.csv,197,Okayama,Distillery brand,"Miyashita Shuzo Co., Ltd.",Okayama Distillery,Japan,0,https://whiskynet.pl/en/brands/okayama,NEW,,1.0,MANUAL_REVIEW
whiskynet.pl,brands.csv,198,Old Carrick Mill,Distillery brand,Old Carrick Mill Ltd.,Old Carrick Mill Distillery,Ireland,0,https://whiskynet.pl/en/brands/old-carrick-mill,NEW,,1.0,MANUAL_REVIEW
whiskynet.pl,brands.csv,199,Old Fitzgerald,Distillery brand,"Heaven Hill Distilleries, Inc",Heaven Hill Distillery,USA,0,https://whiskynet.pl/en/brands/old-fitzgerald,EXACT_MATCH,Old Fitzgerald,1.0,APPROVED
whiskynet.pl,brands.csv,200,Old Mull,Official brand,Alexander Murray & Co.,—,—,1,https://whiskynet.pl/en/brands/old-mull,NEW,,1.0,MANUAL_REVIEW
whiskynet.pl,brands.csv,201,Old Overholt,Official brand,Suntory Global Spirits,Jim Beam Distillery,USA,1,https://whiskynet.pl/en/brands/old-overholt,EXACT_MATCH,Old Overholt,1.0,APPROVED
whiskynet.pl,brands.csv,202,Old Pulteney,Official brand,Inver House Distillers,Pulteney,Scotland,2,https://whiskynet.pl/en/brands/old-pulteney,EXACT_MATCH,Old Pulteney,1.0,APPROVED
whiskynet.pl,brands.csv,203,Omar Whisky,Official brand,TTL,Nantou Distillery,Taiwan,2,https://whiskynet.pl/en/brands/omar-whisky,NEW,,1.0,MANUAL_REVIEW
whiskynet.pl,brands.csv,204,Osuzuyama,Distillery brand,"Osuzuyama Distillery Co., Ltd. (Kuroki Honten Group)",Osuzuyama Distillery,Japan,0,https://whiskynet.pl/en/brands/osuzuyama,NEW,,1.0,MANUAL_REVIEW
whiskynet.pl,brands.csv,205,Paprocky,Official brand,—,—,Poland,2,https://whiskynet.pl/en/brands/paprocky,NEW,,1.0,MANUAL_REVIEW
whiskynet.pl,brands.csv,206,Peaky Blinder,Official brand,Sadler's Brewing Co.,—,England,1,https://whiskynet.pl/en/brands/peaky-blinder,NEW,,1.0,MANUAL_REVIEW
whiskynet.pl,brands.csv,207,Pearse,Distillery brand,Pearse Lyons Distillery,Pearse Lyons Distillery,Ireland,0,https://whiskynet.pl/en/brands/pearse,NEW,,1.0,MANUAL_REVIEW
whiskynet.pl,brands.csv,208,Penderyn,Distillery brand,Penderyn Distillery Ltd.,Penderyn Distillery,Wales,1,https://whiskynet.pl/en/brands/penderyn,EXACT_MATCH,Penderyn,1.0,APPROVED
whiskynet.pl,brands.csv,209,Port Askaig,Official brand,Elixir Distillers,—,Scotland,2,https://whiskynet.pl/en/brands/port-askaig,NEW,,1.0,MANUAL_REVIEW
whiskynet.pl,brands.csv,210,Port Charlotte,Official brand,Rémy Cointreau,Bruichladdich,Scotland,1,https://whiskynet.pl/en/brands/port-charlotte,EXACT_MATCH,Port Charlotte,1.0,APPROVED
whiskynet.pl,brands.csv,211,Quiet Man,Distillery brand,The Quiet Man Irish Whiskey Co. Ltd.,The Quiet Man Craft Distillery,Northern Ireland,0,https://whiskynet.pl/en/brands/quiet-man,FUZZY_MATCH,the quiet man,0.8182,MANUAL_REVIEW
whiskynet.pl,brands.csv,212,Rebel,Official brand,Luxco,Lux Row Distillers,USA,1,https://whiskynet.pl/en/brands/rebel,NEW,,1.0,MANUAL_REVIEW
whiskynet.pl,brands.csv,213,Redbreast,Official brand,Irish Distillers,Midleton Distillery,Ireland,1,https://whiskynet.pl/en/brands/redbreast,EXACT_MATCH,Redbreast,1.0,APPROVED
whiskynet.pl,brands.csv,214,Rittenhouse,Distillery brand,"Heaven Hill Distilleries, Inc",Heaven Hill Distillery,USA,0,https://whiskynet.pl/en/brands/rittenhouse,NEW,,1.0,MANUAL_REVIEW
whiskynet.pl,brands.csv,215,Roe & Co,Distillery brand,Diageo,Roe & Co Distillery,Ireland,0,https://whiskynet.pl/en/brands/roe-and-co,NEW,,1.0,MANUAL_REVIEW
whiskynet.pl,brands.csv,216,Rokkosan,Distillery brand,"Rokkosan Distillery Co., Ltd.",Rokkosan Distillery,Japan,0,https://whiskynet.pl/en/brands/rokkosan,NEW,,1.0,MANUAL_REVIEW
whiskynet.pl,brands.csv,217,Roseisle,Distillery brand,Diageo,Roseisle,Scotland,1,https://whiskynet.pl/en/brands/roseisle,EXACT_MATCH,Roseisle,1.0,APPROVED
whiskynet.pl,brands.csv,218,Russell’s Reserve,Official brand,Campari Group,Wild Turkey Distillery,USA,1,https://whiskynet.pl/en/brands/russells-reserve,FUZZY_MATCH,russell’s reserve single,0.8293,MANUAL_REVIEW
whiskynet.pl,brands.csv,219,Saburomaru,Distillery brand,"Saburomaru; Wakatsuru Shuzo Co., Ltd.",Wakatsuru Saburomaru Distillery,Japan,0,https://whiskynet.pl/en/brands/saburomaru,NEW,,1.0,MANUAL_REVIEW
whiskynet.pl,brands.csv,220,Sakurao,Distillery brand,"Sakurao Brewery and Distillery Co., Ltd.",Sakurao Distillery,Japan,1,https://whiskynet.pl/en/brands/sakurao,NEW,,1.0,MANUAL_REVIEW
whiskynet.pl,brands.csv,221,Sam Barton,Official brand,La Martiniquaise,—,Canada,1,https://whiskynet.pl/en/brands/sam-barton,NEW,,1.0,MANUAL_REVIEW
whiskynet.pl,brands.csv,222,Scapa,Distillery brand,Pernod Ricard,Scapa,Scotland,1,https://whiskynet.pl/en/brands/scapa,NEW,,1.0,MANUAL_REVIEW
whiskynet.pl,brands.csv,223,Seven Seals,Official brand,Seven Seals Innovation AG,Seven Seals Innovation AG,Switzerland,1,https://whiskynet.pl/en/brands/seven-seals,NEW,,1.0,MANUAL_REVIEW
whiskynet.pl,brands.csv,224,Shiki Whisky,Distillery brand,"Shiki Whisky; Shiki Shuzo Co., Ltd.",Shiki Shuzo,Japan,0,https://whiskynet.pl/en/brands/shiki-whisky,NEW,,1.0,MANUAL_REVIEW
whiskynet.pl,brands.csv,225,Shindo,Distillery brand,"Shindo Distillery Co., Ltd.",Shindo Distillery,Japan,0,https://whiskynet.pl/en/brands/shindo,NEW,,1.0,MANUAL_REVIEW
whiskynet.pl,brands.csv,226,Shinobu,Distillery brand,Shinobu,Shinobu Distillery,Japan,0,https://whiskynet.pl/en/brands/shinobu,NEW,,1.0,MANUAL_REVIEW
whiskynet.pl,brands.csv,227,Shizuoka,Distillery brand,Gaia Flow Distilling Co.,Shizuoka Distillery,Japan,0,https://whiskynet.pl/en/brands/shizuoka,NEW,,1.0,MANUAL_REVIEW
whiskynet.pl,brands.csv,228,Signatory Vintage,Independent bottler,Signatory Vintage Scotch Whisky Co,—,—,0,https://whiskynet.pl/en/brands/signatory-vintage,NEW,,1.0,MANUAL_REVIEW
whiskynet.pl,brands.csv,229,Singleton,Distillery brand,Diageo,Dufftown,Scotland,5,https://whiskynet.pl/en/brands/singleton,FUZZY_MATCH,the singleton,0.8182,MANUAL_REVIEW
whiskynet.pl,brands.csv,230,Slane,Distillery brand,Brown-Forman,Slane Distillery,Ireland,0,https://whiskynet.pl/en/brands/slane,NEW,,1.0,MANUAL_REVIEW
whiskynet.pl,brands.csv,231,Speciality Drinks Ltd.,Independent bottler,Elixir Distillers,—,—,0,https://whiskynet.pl/en/brands/speciality-drinks-ltd,NEW,,1.0,MANUAL_REVIEW
whiskynet.pl,brands.csv,232,Speyburn,Official brand,Inver House Distillers,Speyburn Distillery,Scotland,1,https://whiskynet.pl/en/brands/speyburn,NEW,,1.0,MANUAL_REVIEW
whiskynet.pl,brands.csv,233,Springbank,Distillery brand,J&A Mitchell & Company,Springbank,Scotland,4,https://whiskynet.pl/en/brands/springbank,EXACT_MATCH,Springbank,1.0,APPROVED
whiskynet.pl,brands.csv,234,Starlaw,Distillery brand,La Martiniquaise-Bardinet,Starlaw Distillery,Scotland,0,https://whiskynet.pl/en/brands/starlaw,NEW,,1.0,MANUAL_REVIEW
whiskynet.pl,brands.csv,235,Stork Club,Official brand,Spreewood Distillers GmbH,Spreewood Distillers,Germany,1,https://whiskynet.pl/en/brands/stork-club,NEW,,1.0,MANUAL_REVIEW
whiskynet.pl,brands.csv,236,Strathearn,Official brand,Douglas Laing & Co.,Strathearn Distillery,Scotland,1,https://whiskynet.pl/en/brands/strathearn,NEW,,1.0,MANUAL_REVIEW
whiskynet.pl,brands.csv,237,Talisker,Distillery brand,Diageo,Talisker,Scotland,5,https://whiskynet.pl/en/brands/talisker,EXACT_MATCH,Talisker,1.0,APPROVED
whiskynet.pl,brands.csv,238,Tamnavulin,Official brand,Whyte & Mackay,Tamnavulin,Scotland,1,https://whiskynet.pl/en/brands/tamnavulin,EXACT_MATCH,Tamnavulin,1.0,APPROVED
whiskynet.pl,brands.csv,239,Teeling,Official brand,Teeling Whiskey Company,Teeling Distillery,Ireland,1,https://whiskynet.pl/en/brands/teeling,EXACT_MATCH,Teeling,1.0,APPROVED
whiskynet.pl,brands.csv,240,The Deacon,Official brand,Pernod Ricard,—,Scotland,1,https://whiskynet.pl/en/brands/the-deacon,NEW,,1.0,MANUAL_REVIEW
whiskynet.pl,brands.csv,241,The Deveron,Official brand,John Dewar & Sons,Macduff,Scotland,2,https://whiskynet.pl/en/brands/the-deveron-brand,NEW,,1.0,MANUAL_REVIEW
whiskynet.pl,brands.csv,242,The English,Official brand,The English Whisky Co.,—,England,1,https://whiskynet.pl/en/brands/the-english-brand,NEW,,1.0,MANUAL_REVIEW
whiskynet.pl,brands.csv,243,The Quiet Man,Official brand,The Quiet Man Irish Whiskey Co. Ltd.,—,Ireland,0,https://whiskynet.pl/en/brands/the-quiet-man,EXACT_MATCH,The Quiet Man,1.0,APPROVED
whiskynet.pl,brands.csv,244,The Tyrconnell,Official brand,Suntory Global Spirits,Kilbeggan Distillery,Ireland,1,https://whiskynet.pl/en/brands/the-tyrconnell,NEW,,1.0,MANUAL_REVIEW
whiskynet.pl,brands.csv,245,Three Ships,Distillery brand,Distell,James Sedgwick Distillery,—,0,https://whiskynet.pl/en/brands/three-ships,NEW,,1.0,MANUAL_REVIEW
whiskynet.pl,brands.csv,246,Tipperary Whiskey,Distillery brand,Tipperary Boutique Distillery Ltd.,Tipperary Boutique Distillery,Ireland,0,https://whiskynet.pl/en/brands/tipperary-whiskey,NEW,,1.0,MANUAL_REVIEW
whiskynet.pl,brands.csv,247,Tobermory,Official brand,Distell,Tobermory,Scotland,1,https://whiskynet.pl/en/brands/tobermory,EXACT_MATCH,Tobermory,1.0,APPROVED
whiskynet.pl,brands.csv,248,Togouchi,Official brand,"Sakurao Brewery and Distillery Co., Ltd.",Sakurao Distillery,Japan,0,https://whiskynet.pl/en/brands/togouchi,NEW,,1.0,MANUAL_REVIEW
whiskynet.pl,brands.csv,249,Toki,Official brand,Suntory Global Spirits,—,Japan,1,https://whiskynet.pl/en/brands/toki,NEW,,1.0,MANUAL_REVIEW
whiskynet.pl,brands.csv,250,Tomatin,Official brand,Tomatin Distillery Co Ltd,Tomatin,Scotland,5,https://whiskynet.pl/en/brands/tomatin,NEW,,1.0,MANUAL_REVIEW
whiskynet.pl,brands.csv,251,Torabhaig,Official brand,Mossburn Distillers,Torabhaig,Scotland,1,https://whiskynet.pl/en/brands/torabhaig,NEW,,1.0,MANUAL_REVIEW
whiskynet.pl,brands.csv,252,Tullamore D.E.W.,Official brand,William Grant & Sons,Tullamore Distillery,Ireland,1,https://whiskynet.pl/en/brands/tullamore-dew,NEW,,1.0,MANUAL_REVIEW
whiskynet.pl,brands.csv,253,West Cork Irish Whiskey,Distillery brand,West Cork Distillers,West Cork Distillers,Ireland,0,https://whiskynet.pl/en/brands/west-cork-irish-whiskey,NEW,,1.0,MANUAL_REVIEW
whiskynet.pl,brands.csv,254,Wild Turkey,Official brand,Campari Group,—,USA,6,https://whiskynet.pl/en/brands/wild-turkey,EXACT_MATCH,Wild Turkey,1.0,APPROVED
whiskynet.pl,brands.csv,255,Willett,Official brand,Kentucky Bourbon Distillers Ltd.,Willett Distillery,USA,1,https://whiskynet.pl/en/brands/willett,NEW,,1.0,MANUAL_REVIEW
whiskynet.pl,brands.csv,256,Woodford Reserve,Official brand,Brown-Forman,Woodford Reserve Distillery,USA,6,https://whiskynet.pl/en/brands/woodford-reserve,EXACT_MATCH,Woodford Reserve,1.0,APPROVED
whiskynet.pl,brands.csv,257,Yamaga,Distillery brand,"Komasa Jyozo Co., Ltd.",Yamaga Distillery,Japan,0,https://whiskynet.pl/en/brands/yamaga,NEW,,1.0,MANUAL_REVIEW
whiskynet.pl,brands.csv,258,Yamazaki,Distillery brand,Suntory Global Spirits,Yamazaki Distillery,Japan,1,https://whiskynet.pl/en/brands/yamazaki,EXACT_MATCH,Yamazaki,1.0,APPROVED
whiskynet.pl,brands.csv,259,Yasato,Distillery brand,Yasato Distillery Co.,Yasato Distillery,Japan,0,https://whiskynet.pl/en/brands/yasato,NEW,,1.0,MANUAL_REVIEW
whiskynet.pl,brands.csv,260,Yoichi,Distillery brand,Nikka Whisky Distilling Co Ltd,Yoichi Distillery,Japan,0,https://whiskynet.pl/en/brands/yoichi,NEW,,1.0,MANUAL_REVIEW
whiskynet.pl,brands.csv,261,Yoshida Denzai,Distillery brand,Yoshida Denzai Kogyo,Yoshida Denzai Distillery,Japan,0,https://whiskynet.pl/en/brands/yoshida-denzai,NEW,,1.0,MANUAL_REVIEW
whiskynet.pl,brands.csv,262,Yushan,Official brand,TTL,—,Taiwan,1,https://whiskynet.pl/en/brands/yushan,NEW,,1.0,MANUAL_REVIEW
whiskynet.pl,brands.csv,263,Yuza,Distillery brand,"Kinryu Co., Ltd.",Yuza Distillery,Japan,0,https://whiskynet.pl/en/brands/yuza,NEW,,1.0,MANUAL_REVIEW
