entity_type,name,class
whisky,Aberfeldy 12,VERIFIED_NEW
whisky,Aberfeldy 16,VERIFIED_NEW
whisky,Aberfeldy 18 French Red Wine casks from Pauillac,VERIFIED_NEW
whisky,Aberlour 12,VERIFIED_NEW
whisky,Aberlour 16 Double Cask,VERIFIED_NEW
whisky,Akashi Blended Nas White Oak,VERIFIED_NEW
whisky,Akashi Red,VERIFIED_NEW
whisky,Amrut Indian Cask Strength,VERIFIED_NEW
whisky,"Amrut Indian Fusion Single 50,0%",VERIFIED_NEW
whisky,anCnoc 12,VERIFIED_NEW
whisky,anCnoc 18,VERIFIED_NEW
whisky,anCnoc peatheart 46%,VERIFIED_NEW
whisky,anCnoc Sherry Cask Finish Peated Edition,VERIFIED_NEW
whisky,Ardbeg 10,VERIFIED_NEW
whisky,Ardbeg 8Y For Discussion,VERIFIED_NEW
whisky,Ardbeg Smoketrails Cote Rotie,VERIFIED_NEW
whisky,Ardbeg Spectacular,VERIFIED_NEW
whisky,Ardbeg Twenty Something 23YO,VERIFIED_NEW
whisky,Ardbeg Wee Beastie 5,VERIFIED_NEW
whisky,Arran 10,VERIFIED_NEW
whisky,Arran Amarone Cask Finish,VERIFIED_NEW
whisky,Arran Port Cask Finish,VERIFIED_NEW
whisky,Arran Quarter Cask Whisky 'The Bothy',VERIFIED_NEW
whisky,Arran Sauternes Cask Finish,VERIFIED_NEW
whisky,Arran Sherry Cask - The Bodega,VERIFIED_NEW
whisky,Auchentoshan 12,VERIFIED_NEW
whisky,Auchentoshan Blood Oak,VERIFIED_NEW
whisky,Baker's 7 Y,VERIFIED_NEW
whisky,Balblair 12,VERIFIED_NEW
whisky,Balblair 15,VERIFIED_NEW
whisky,Balblair 18,VERIFIED_NEW
whisky,Ballantine's 10,VERIFIED_NEW
whisky,Ballantine's 12,VERIFIED_NEW
whisky,Ballantine's 17,VERIFIED_NEW
whisky,Ballantine's 21,VERIFIED_NEW
whisky,Ballantine's 7,VERIFIED_NEW
whisky,Ballantine's Glenburgie 15,VERIFIED_NEW
whisky,Ballantine's Glentaucher 15,VERIFIED_NEW
whisky,Ballantine's Miltonduff 15,VERIFIED_NEW
whisky,Ballyhoo 4,VERIFIED_NEW
whisky,Balvenie 12 DoubleWood,VERIFIED_NEW
whisky,Balvenie 14 Caribbean Cask,VERIFIED_NEW
whisky,Balvenie 16 French Oak,VERIFIED_NEW
whisky,Balvenie 21 Port Wood,VERIFIED_NEW
whisky,Bearface Elementally Aged,VERIFIED_NEW
whisky,Ben Bracken Highland Single Malt Blue,VERIFIED_NEW
whisky,Ben Bracken Speyside Single Malt Red,VERIFIED_NEW
whisky,BenRiach 10,VERIFIED_NEW
whisky,Benriach 10 - The Smoky Ten,VERIFIED_NEW
whisky,BenRiach Peated Quarter Cask,VERIFIED_NEW
whisky,Benriach The Twelve,VERIFIED_NEW
whisky,Benromach 10,VERIFIED_NEW
whisky,Benromach 15,VERIFIED_NEW
whisky,Benromach Wood Finish Chateau Cissac,VERIFIED_NEW
whisky,Black Bottle 10Y,VERIFIED_NEW
whisky,Black Bottle Blended Scotch,VERIFIED_NEW
whisky,Black Bull Peated,VERIFIED_NEW
whisky,Black Ram,VERIFIED_NEW
whisky,Blairmhor 8,VERIFIED_NEW
whisky,Booker’s Bourbon Kentucky Straight Bourbon 2024-03,VERIFIED_NEW
whisky,Bowmore 12,VERIFIED_NEW
whisky,Buffalo Trace Kentucky Straight Bourbon Whiskey,VERIFIED_NEW
whisky,Bulleit BN 45%,VERIFIED_NEW
whisky,Bunnahabhain 12,VERIFIED_NEW
whisky,Bunnahabhain 18,VERIFIED_NEW
whisky,"Bunnahabhain Fìon Canasta 51,2%",VERIFIED_NEW
whisky,Bunnahabhain Moine,VERIFIED_NEW
whisky,Bunnahabhain Stiùireadair,VERIFIED_NEW
whisky,Bushmills 10,VERIFIED_NEW
whisky,Bushmills 12 - Three Woods - 2024,VERIFIED_NEW
whisky,Bushmills 12 Causeway Collection,VERIFIED_NEW
whisky,Bushmills 14,VERIFIED_NEW
whisky,Bushmills 16,VERIFIED_NEW
whisky,Bushmills Caribbean Rum,VERIFIED_NEW
whisky,Bushmills The Original,VERIFIED_NEW
whisky,Canadian Club Classic 12,VERIFIED_NEW
whisky,Canadian Club Original 1858,VERIFIED_NEW
whisky,Caol Ila 12,VERIFIED_NEW
whisky,Cardhu Gold Reserve,VERIFIED_NEW
whisky,Cedar Ridge Iowa Bourbon Whiskey,VERIFIED_NEW
whisky,Cedar Ridge Malted Rye Whiskey,VERIFIED_NEW
whisky,Chivas Regal 12,VERIFIED_NEW
whisky,Chivas Regal 18 Gold Signature,VERIFIED_NEW
whisky,Chivas Regal Extra,VERIFIED_NEW
whisky,Clynelish 14,VERIFIED_NEW
whisky,Connemara 12,VERIFIED_NEW
whisky,Connemara Distillers Edition,VERIFIED_NEW
whisky,Connemara Original,VERIFIED_NEW
whisky,Cotswold Single Malt,VERIFIED_NEW
whisky,Cotswolds Peated Cask Single Malt,VERIFIED_NEW
whisky,Cragganmore 12,VERIFIED_NEW
whisky,Cragganmore The Distillers Edition 2023,VERIFIED_NEW
whisky,Craigellachie 13,VERIFIED_NEW
whisky,Dalmore 12,VERIFIED_NEW
whisky,Dalmore 12 Sherry Cask Select,VERIFIED_NEW
whisky,Dalmore 15,VERIFIED_NEW
whisky,Dalwhinnie 15,VERIFIED_NEW
whisky,Darkness Tennessee Rye Whisky 5Y,VERIFIED_NEW
whisky,Daviess County Straight Bourbon,VERIFIED_NEW
whisky,Daviess County Straight Bourbon Whiskey Finished in Cabernet Sauvignon Casks,VERIFIED_NEW
whisky,Deanston 18,VERIFIED_NEW
whisky,Dewar's 12 The Ancestor,VERIFIED_NEW
whisky,Dewar's White Label Blended Scotch,VERIFIED_NEW
whisky,Elements of Islay Pure Islay,VERIFIED_NEW
whisky,Elijah Craig 12 Barrel Proof,VERIFIED_NEW
whisky,Elijah Craig Small Batch Ryder Cup 94,VERIFIED_NEW
whisky,Elijah Craig Straight Rye 94,VERIFIED_NEW
whisky,Finlaggan Original,VERIFIED_NEW
whisky,Four Roses Kentucky Straight Bourbon,VERIFIED_NEW
whisky,Four Roses Single Barrel,VERIFIED_NEW
whisky,Four Roses Small Batch,VERIFIED_NEW
whisky,Glen Breton Rare 10,VERIFIED_NEW
whisky,Glen Garioch 12,VERIFIED_NEW
whisky,Glen Keith 21,VERIFIED_NEW
whisky,Glen Moray 15,VERIFIED_NEW
whisky,Glen Moray Elgin Classic Chardonnay Cask Finish,VERIFIED_NEW
whisky,Glen Moray Elgin Hearitage 12,VERIFIED_NEW
whisky,Glen Moray Our Classic Smouth & Balanced,VERIFIED_NEW
whisky,Glen Moray Peated,VERIFIED_NEW
whisky,Glen Moray Port Cask Finish,VERIFIED_NEW
whisky,Glen Moray Sherry Cask Finish,VERIFIED_NEW
whisky,Glen Scotia Campbeltown Harbour,VERIFIED_NEW
whisky,Glen Stag,VERIFIED_NEW
whisky,Glen Turner Heritage,VERIFIED_NEW
whisky,Glenalba 19,VERIFIED_NEW
whisky,Glenallachie 10 batch 10,VERIFIED_NEW
whisky,Glenallachie 10 batch 12,VERIFIED_NEW
whisky,GlenAllachie 11 Palo Cortado Sherry Cask Matured,VERIFIED_NEW
whisky,Glenallachie 12,VERIFIED_NEW
whisky,Glenallachie 15,VERIFIED_NEW
whisky,Glenallachie 25,VERIFIED_NEW
whisky,GlenAllachie 8 - From the Valley of the Rocks,VERIFIED_NEW
whisky,Glenallachie 9 Rye Wood Finish,VERIFIED_NEW
whisky,Glencadam 10,VERIFIED_NEW
whisky,Glendalough Pot Still Peated Irish Whiskey,VERIFIED_NEW
whisky,Glendronach 12,VERIFIED_NEW
whisky,Glendronach 15 Revival,VERIFIED_NEW
whisky,Glenfarclas 10,VERIFIED_NEW
whisky,Glenfarclas 12,VERIFIED_NEW
whisky,Glenfarclas 15,VERIFIED_NEW
whisky,Glenfarclas 18,VERIFIED_NEW
whisky,Glenfarclas 8,VERIFIED_NEW
whisky,Glenfarclas Heritage,VERIFIED_NEW
whisky,Glenfiddich 12,VERIFIED_NEW
whisky,Glenfiddich 14 Bourbon Barrel Reserve,VERIFIED_NEW
whisky,Glenfiddich 15 Solera,VERIFIED_NEW
whisky,Glenfiddich 18,VERIFIED_NEW
whisky,Glenfiddich 18 Yeard Old Small Batch Limited Edition,VERIFIED_NEW
whisky,Glenfiddich Fire & Cane Experimental series #04,VERIFIED_NEW
whisky,Glenfiddich IPA Experimental series #01,VERIFIED_NEW
whisky,Glenfiddich Orchard Experimental series #05,VERIFIED_NEW
whisky,Glenfiddich Perpetual Collection VAT 01 Smooth & Mellow,VERIFIED_NEW
whisky,Glenfiddich Perpetual Collection VAT 02 Rich & Dark,VERIFIED_NEW
whisky,Glenfiddich Perpetual Collection VAT 03 Cumulative Time,VERIFIED_NEW
whisky,Glenfiddich Perpetual Collection VAT 04 Rich & Complex,VERIFIED_NEW
whisky,Glenfiddich Project XX Experimental series #02,VERIFIED_NEW
whisky,Glenfiddich Winter Storm Experimental series #03,VERIFIED_NEW
whisky,Glenglassaugh 12,VERIFIED_NEW
whisky,Glenglassaugh Portsoy,VERIFIED_NEW
whisky,Glenlivet 12,VERIFIED_NEW
whisky,"Glenlivet Founder's Reserve, The",VERIFIED_NEW
whisky,Glenmorangie 10,VERIFIED_NEW
whisky,Glenmorangie 12,VERIFIED_NEW
whisky,Glenmorangie Quinta Ruban 14,VERIFIED_NEW
whisky,Glenmorangie X,VERIFIED_NEW
whisky,Gold Bar Original Blended American Whiskey,VERIFIED_NEW
whisky,Grand Macnish Blended Scotch Whisky,VERIFIED_NEW
whisky,Grant's Triple Wood,VERIFIED_NEW
whisky,Greign 20,VERIFIED_NEW
whisky,Hankey Bannister 12,VERIFIED_NEW
whisky,Hazelburn 10,VERIFIED_NEW
whisky,Hazelburn 12,VERIFIED_NEW
whisky,Hazelburn 8 Years Old (2025),VERIFIED_NEW
whisky,Hibiki Suntory Whisky Japanese Harmony,VERIFIED_NEW
whisky,Highland Journey Blended Malt,VERIFIED_NEW
whisky,Highland Park 10 Viking Scars,VERIFIED_NEW
whisky,Highland Park 12 Viking Honour,VERIFIED_NEW
whisky,Highland Park 15,VERIFIED_NEW
whisky,Highland Park 15 Viking Heart Ceramic,VERIFIED_NEW
whisky,Highland Park 15 Viking Heart Glass,VERIFIED_NEW
whisky,Highland Park 18,VERIFIED_NEW
whisky,Highland Park 18 Viking Pride,VERIFIED_NEW
whisky,Highland Park Cask Strength Release No. 2,VERIFIED_NEW
whisky,Highland Park Cask Strength Release No. 3,VERIFIED_NEW
whisky,Highland Park Cask Strength Release No. 4,VERIFIED_NEW
whisky,Highland Park Cask Strength Release No. 5,VERIFIED_NEW
whisky,Hinch Peated 43,VERIFIED_NEW
whisky,Hinch Small Batch Blended,VERIFIED_NEW
whisky,Ileach Cask Strength,VERIFIED_NEW
whisky,Indri Trini – The Three Wood Indian Single Malt,VERIFIED_NEW
whisky,Islay Mist The Original Peated Blend,VERIFIED_NEW
whisky,Islay Storm NAS,VERIFIED_NEW
whisky,J.A.Baczewski,VERIFIED_NEW
whisky,Jack Daniel's Tennessee Straight Rye,VERIFIED_NEW
whisky,Jameson Black Barrel,VERIFIED_NEW
whisky,Jameson Caskmates IPA Edtition,VERIFIED_NEW
whisky,Jameson Caskmates Stout Edtition,VERIFIED_NEW
whisky,Jameson Crested,VERIFIED_NEW
whisky,Jameson Triple Triple Irish Whiskey,VERIFIED_NEW
whisky,Jim Beam Rye - Pre-Prohibition Style,VERIFIED_NEW
whisky,Johnnie Walker Black Label,VERIFIED_NEW
whisky,Johnnie Walker Green Label,VERIFIED_NEW
whisky,Johnnie Walker Platinum Label 18,VERIFIED_NEW
whisky,Johnnie Walker Ultimate 18,VERIFIED_NEW
whisky,Jura 10,VERIFIED_NEW
whisky,Jura 12,VERIFIED_NEW
whisky,Jura 14 American Rye Cask,VERIFIED_NEW
whisky,Jura Journey,VERIFIED_NEW
whisky,Jura Red Wine Cask Finish,VERIFIED_NEW
whisky,Jura Rum Cask Finish,VERIFIED_NEW
whisky,Jura Winter Edition,VERIFIED_NEW
whisky,Kamet Single Malt,VERIFIED_NEW
whisky,Kilbeggan Small Batch Rye,VERIFIED_NEW
whisky,Kilbeggan Traditional Irish Whiskey,VERIFIED_NEW
whisky,Kilchoman Batch Strength,VERIFIED_NEW
whisky,Kilchoman Loch Gorm 2023 Release,VERIFIED_NEW
whisky,Kilchoman Loch Gorm 2024 Release,VERIFIED_NEW
whisky,Kilchoman Loch Gorm 2025 Release,VERIFIED_NEW
whisky,Kilchoman Loch Gorm 2026 Release,VERIFIED_NEW
whisky,Kilchoman Machir Bay,VERIFIED_NEW
whisky,Kilkerran 12,VERIFIED_NEW
whisky,Kilkerran Heavily Peated Batch 8,VERIFIED_NEW
whisky,Kilkerran Heavily Peated Batch 9,VERIFIED_NEW
whisky,Knob Creek Bourbon 9Y,VERIFIED_NEW
whisky,Knob Creek Rye - Small Batch,VERIFIED_NEW
whisky,Knob Creek Single Barrel Cask Strength Bourbon Whiskey,VERIFIED_NEW
whisky,Label 5 Classic Black,VERIFIED_NEW
whisky,Lagavulin 12 - Diageo Special Releases 2022,VERIFIED_NEW
whisky,Lagavulin 12 Fireside Tales - Diageo Special Releases 2024,VERIFIED_NEW
whisky,Lagavulin 12 The Ink of Legends - Diageo Special Releases 2023,VERIFIED_NEW
whisky,Lagavulin 16,VERIFIED_NEW
whisky,Lagavulin 8,VERIFIED_NEW
whisky,Lagavulin The Distillers Edition 2022,VERIFIED_NEW
whisky,Laphroaig 10,VERIFIED_NEW
whisky,Laphroaig 10 Years Old Sherry Oak Finish,VERIFIED_NEW
whisky,Laphroaig Oak Select Cask Collection,VERIFIED_NEW
whisky,Laphroaig PX Cask,VERIFIED_NEW
whisky,Ledaig 10,VERIFIED_NEW
whisky,Ledaig Rioja Cask Finish,VERIFIED_NEW
whisky,Macallan 12 Double Cask,VERIFIED_NEW
whisky,Macallan 15 Double Cask,VERIFIED_NEW
whisky,MacArthur's Blended Scotch,VERIFIED_NEW
whisky,Machrie Moor 10 - Arran,VERIFIED_NEW
whisky,MacNair's Peated,VERIFIED_NEW
whisky,Maker's 46 Red Wax,VERIFIED_NEW
whisky,Maker's Mark Red Wax,VERIFIED_NEW
whisky,May Loag Elegance,VERIFIED_NEW
whisky,Monkey Shoulder Batch 27,VERIFIED_NEW
whisky,Monkey Shoulder Smokey Monkey,VERIFIED_NEW
whisky,Mossburn Speyside Blended Malt,VERIFIED_NEW
whisky,Nikka Coffey Grain Whisky,VERIFIED_NEW
whisky,Nikka Coffey Malt Whisky,VERIFIED_NEW
whisky,Nikka Whisky From The Barrel,VERIFIED_NEW
whisky,Oban 14,VERIFIED_NEW
whisky,Oban Distillers Edition 2025,VERIFIED_NEW
whisky,Octomore 09.1,VERIFIED_NEW
whisky,Octomore 09.2,VERIFIED_NEW
whisky,Octomore 10.2,VERIFIED_NEW
whisky,Octomore 14.2,VERIFIED_NEW
whisky,Old Mull Highland Single Malt Scotch Whisky,VERIFIED_NEW
whisky,Old Overholt 4 Year Old Straight Rye Whiskey,VERIFIED_NEW
whisky,Old Pulteney 12,VERIFIED_NEW
whisky,Omar Peated Single Malt Whisky – 2023 Batch,VERIFIED_NEW
whisky,Omar Single Malt Whisky Bourbon Type,VERIFIED_NEW
whisky,Paprocky Single Barrel,VERIFIED_NEW
whisky,Paprocky Single Malt,VERIFIED_NEW
whisky,Peaky Blinder Bourbon Whiskey,VERIFIED_NEW
whisky,Pendryn Celt Peated,VERIFIED_NEW
whisky,Port Askaig 100 Proof,VERIFIED_NEW
whisky,Port Askaig 8,VERIFIED_NEW
whisky,Port Charlotte 10,VERIFIED_NEW
whisky,Rebel Rye Whiskey,VERIFIED_NEW
whisky,Redbreast Lustau Edition Sherry Cask 46%,VERIFIED_NEW
whisky,Roseisle 14 Years Old Diageo Special Releases 2025,VERIFIED_NEW
whisky,Russell’s Reserve 10 Year Old Kentucky Straight Bourbon Whiskey,VERIFIED_NEW
whisky,Sam Barton 05,VERIFIED_NEW
whisky,Scapa Skiren The Orcadian,VERIFIED_NEW
whisky,Seven Seals Sherry Wood Finish Swiss Single Malt Whisky,VERIFIED_NEW
whisky,Speyburn Bradan Orach,VERIFIED_NEW
whisky,Springbank 10,VERIFIED_NEW
whisky,Springbank 12 Cask Strength Batch 26 (2024),VERIFIED_NEW
whisky,Springbank 12 Cask Strength Batch 27 (2025),VERIFIED_NEW
whisky,Springbank 15,VERIFIED_NEW
whisky,Stork Club Rye,VERIFIED_NEW
whisky,Strathearn Heritage Collection,VERIFIED_NEW
whisky,Suntory The Chita,VERIFIED_NEW
whisky,Talisker 10,VERIFIED_NEW
whisky,Teeling Whiskey Single Grain,VERIFIED_NEW
whisky,The Deacon Blended Scotch Whisky,VERIFIED_NEW
whisky,The Deveron 10,VERIFIED_NEW
whisky,The Deveron 12,VERIFIED_NEW
whisky,The English Small Batch Sherry Hogshead Single Malt Whisky,VERIFIED_NEW
whisky,The Singleton of Dufftown 12 Luscious Nectar,VERIFIED_NEW
whisky,The Singleton of Dufftown 15 Fruity Decadence,VERIFIED_NEW
whisky,The Singleton of Dufftown Malt Masters Selection,VERIFIED_NEW
whisky,The Singleton of Glen Ord 12,VERIFIED_NEW
whisky,The Singleton of Glendullan 12 Luscious Nectar,VERIFIED_NEW
whisky,Tobermory 12,VERIFIED_NEW
whisky,Togouchi Japanese Premium Blended Whisky,VERIFIED_NEW
whisky,Tomatin 12Y Bourbon & Sherry Cask,VERIFIED_NEW
whisky,Tomatin 8,VERIFIED_NEW
whisky,Tomatin Cask Strength Bourbon & Sherry Casks,VERIFIED_NEW
whisky,Tomatin Cu Bocan Signature,VERIFIED_NEW
whisky,Torabhaig Allt Gleann 2nd release,VERIFIED_NEW
whisky,Tullamore D.E.W. The Legendary,VERIFIED_NEW
whisky,Tyrconnell Irish,VERIFIED_NEW
whisky,Wild Turkey 101,VERIFIED_NEW
whisky,Wild Turkey 101 Kentucky Straight Rye Whiskey,VERIFIED_NEW
whisky,Wild Turkey 81 Kentucky Straight Bourbon Whiskey,VERIFIED_NEW
whisky,Wild Turkey Kentucky Spirit Single Barrel Kentucky Straight Bourbon Whiskey,VERIFIED_NEW
whisky,Wild Turkey Longbranch Kentucky Straight Bourbon Whiskey,VERIFIED_NEW
whisky,Wild Turkey Rare Breed Barrel Proof Kentucky Straight Bourbon Whiskey,VERIFIED_NEW
whisky,Woodford Reserve - Kentucky Straight Malt Whiskey,VERIFIED_NEW
whisky,Woodford Reserve Barrel Finish Select - Double Oaked,VERIFIED_NEW
whisky,Woodford Reserve Distiller's Select - Kentucky Derby 2025,VERIFIED_NEW
whisky,Woodford Reserve Kentucky Straight Rye,VERIFIED_NEW
whisky,Woodford Reserve Kentucky Straight Wheat Whiskey,VERIFIED_NEW
whisky,Yamazaki Distiller's Reserve Japanese Single Malt Whisky,VERIFIED_NEW
whisky,Yushan Blended Malt,VERIFIED_NEW
distillery,Aberfeldy Distillery,VERIFIED_NEW
distillery,Achill Island Distillery,VERIFIED_NEW
distillery,Adelphi,VERIFIED_NEW
distillery,Ailsa Bay,VERIFIED_NEW
distillery,Albyn,VERIFIED_NEW
distillery,Amrut Distillery,VERIFIED_NEW
distillery,Annandale Distillery,VERIFIED_NEW
distillery,Ardgowan,VERIFIED_NEW
distillery,Ardlussa,VERIFIED_NEW
distillery,Ardross,VERIFIED_NEW
distillery,Argyll,VERIFIED_NEW
distillery,Asaka Distillery,VERIFIED_NEW
distillery,Auchinblae,VERIFIED_NEW
distillery,Auchtermuchty,VERIFIED_NEW
distillery,Auchtertool,VERIFIED_NEW
distillery,Ballechin,VERIFIED_NEW
distillery,Banff,VERIFIED_NEW
distillery,Bankier,VERIFIED_NEW
distillery,Ben Morven,VERIFIED_NEW
distillery,Ben Wyvis,VERIFIED_NEW
distillery,Benachie,VERIFIED_NEW
distillery,Benbecula,VERIFIED_NEW
distillery,Benmore,VERIFIED_NEW
distillery,Benriach Distillery,VERIFIED_NEW
distillery,Benromach Distillery,VERIFIED_NEW
distillery,Blackness,VERIFIED_NEW
distillery,Blacks of Kinsale,VERIFIED_NEW
distillery,Bon Accord,VERIFIED_NEW
distillery,Borders,VERIFIED_NEW
distillery,Burnside,VERIFIED_NEW
distillery,Cabrach,VERIFIED_NEW
distillery,Caledonian,VERIFIED_NEW
distillery,Cambus,VERIFIED_NEW
distillery,Campbeltown,VERIFIED_NEW
distillery,Caperdonich,VERIFIED_NEW
distillery,Carsebridge,VERIFIED_NEW
distillery,Cedar Ridge Distillery,VERIFIED_NEW
distillery,Chichibu Distillery,VERIFIED_NEW
distillery,Chita Distillery,VERIFIED_NEW
distillery,Clydesdale,VERIFIED_NEW
distillery,Coleburn,VERIFIED_NEW
distillery,"Connacht Whiskey Distillery, The",VERIFIED_NEW
distillery,Convalmore,VERIFIED_NEW
distillery,Cragganmore Distillery,VERIFIED_NEW
distillery,Craigellachie Distillery,VERIFIED_NEW
distillery,Dailuaine,VERIFIED_NEW
distillery,Dalaruan,VERIFIED_NEW
distillery,Dalintober,VERIFIED_NEW
distillery,Dallas Dhu,VERIFIED_NEW
distillery,Dalmore Distillery,VERIFIED_NEW
distillery,Dalmunach Distillery,VERIFIED_NEW
distillery,Dean,VERIFIED_NEW
distillery,Devanha,VERIFIED_NEW
distillery,Dingle Whiskey Distillery,VERIFIED_NEW
distillery,Drumcaldie,VERIFIED_NEW
distillery,Drumore,VERIFIED_NEW
distillery,"Dublin Liberties Distillery, The",VERIFIED_NEW
distillery,Dumbarton,VERIFIED_NEW
distillery,Dundashill,VERIFIED_NEW
distillery,Dunphail,VERIFIED_NEW
distillery,Echlinville Distillery,VERIFIED_NEW
distillery,Edinburgh,VERIFIED_NEW
distillery,Finnieston,VERIFIED_NEW
distillery,Fuji Hokuroku Distillery,VERIFIED_NEW
distillery,Galloway Distillery (Crafty),VERIFIED_NEW
distillery,Garnheath,VERIFIED_NEW
distillery,Gartloch,VERIFIED_NEW
distillery,"Glasgow Distillery Company, The",VERIFIED_NEW
distillery,Glen Albyn,VERIFIED_NEW
distillery,Glen Flagler,VERIFIED_NEW
distillery,Glen Keith Distillery,VERIFIED_NEW
distillery,Glen Mhor,VERIFIED_NEW
distillery,Glen Nevis,VERIFIED_NEW
distillery,Glen Ord Distillery,VERIFIED_NEW
distillery,Glen Spey Distillery,VERIFIED_NEW
distillery,Glenaden,VERIFIED_NEW
distillery,Glenburgie Distillery,VERIFIED_NEW
distillery,Glencadam Distillery,VERIFIED_NEW
distillery,Glencawdor,VERIFIED_NEW
distillery,Glencoull,VERIFIED_NEW
distillery,Glendalough Distillery,VERIFIED_NEW
distillery,Glenesk,VERIFIED_NEW
distillery,Glenfoyle,VERIFIED_NEW
distillery,Glengilp,VERIFIED_NEW
distillery,Glengyle Distillery,VERIFIED_NEW
distillery,Gleniffer,VERIFIED_NEW
distillery,Glenkinchie Distillery,VERIFIED_NEW
distillery,Glenlochy,VERIFIED_NEW
distillery,Glenmavis,VERIFIED_NEW
distillery,Glenramskill,VERIFIED_NEW
distillery,Glenrothes Distillery,VERIFIED_NEW
distillery,Glenside,VERIFIED_NEW
distillery,Glenskiach,VERIFIED_NEW
distillery,Glentarras,VERIFIED_NEW
distillery,Glenugie,VERIFIED_NEW
distillery,Glenury,VERIFIED_NEW
distillery,Gortinore Distillery,VERIFIED_NEW
distillery,Grandtully,VERIFIED_NEW
distillery,Grange,VERIFIED_NEW
distillery,Greenock,VERIFIED_NEW
distillery,Hakushu Distillery,VERIFIED_NEW
distillery,Hanyu Distillery,VERIFIED_NEW
distillery,Harris,VERIFIED_NEW
distillery,Hawk’s Rock Distillery (Lough Gill Distillery),VERIFIED_NEW
distillery,Highland,VERIFIED_NEW
distillery,Hikari Distillery,VERIFIED_NEW
distillery,Hinch Distillery,VERIFIED_NEW
distillery,Hiram Walker Distillery,VERIFIED_NEW
distillery,Iiyama Mountain Farm Distillery,VERIFIED_NEW
distillery,Ikawa Distillery,VERIFIED_NEW
distillery,Imperial,VERIFIED_NEW
distillery,Inverleven,VERIFIED_NEW
distillery,Isla,VERIFIED_NEW
distillery,Isle of Jura Distillery,VERIFIED_NEW
distillery,Jackton Distillery,VERIFIED_NEW
distillery,James Sedgwick Distillery,VERIFIED_NEW
distillery,Jim Beam Distillery,VERIFIED_NEW
distillery,Kanosuke Distillery,VERIFIED_NEW
distillery,Karuizawa Distillery,VERIFIED_NEW
distillery,Kawasaki Distillery,VERIFIED_NEW
distillery,Killarney,VERIFIED_NEW
distillery,Killowen Distillery,VERIFIED_NEW
distillery,Kinclaith,VERIFIED_NEW
distillery,Kinloch,VERIFIED_NEW
distillery,Kintyre,VERIFIED_NEW
distillery,Kirkliston,VERIFIED_NEW
distillery,Kuju Distillery,VERIFIED_NEW
distillery,Kurayoshi Distillery,VERIFIED_NEW
distillery,Ladyburn,VERIFIED_NEW
distillery,Lagavulin Distillery,VERIFIED_NEW
distillery,Langholm,VERIFIED_NEW
distillery,Leven Distillery,VERIFIED_NEW
distillery,Littlemill,VERIFIED_NEW
distillery,Loch Katrine,VERIFIED_NEW
distillery,Lochhead,VERIFIED_NEW
distillery,Lochlea Distillery,VERIFIED_NEW
distillery,Lochranza (Isle of Arran Distillery),VERIFIED_NEW
distillery,Lochruan,VERIFIED_NEW
distillery,Lochside,VERIFIED_NEW
distillery,Longmorn Distillery,VERIFIED_NEW
distillery,Longrow,VERIFIED_NEW
distillery,Lough Ree Distillery,VERIFIED_NEW
distillery,Lux Row Distillers,VERIFIED_NEW
distillery,Mackmyra Svensk Whisky,VERIFIED_NEW
distillery,Maker's Mark Distillery,VERIFIED_NEW
distillery,Mars Shinshu Distillery,VERIFIED_NEW
distillery,"McAllister Distillers, Ltd.",VERIFIED_NEW
distillery,Meadowburn,VERIFIED_NEW
distillery,MGP Ingredients Distillery (Ross & Squibb),VERIFIED_NEW
distillery,Midleton Distillery,VERIFIED_NEW
distillery,Millburn,VERIFIED_NEW
distillery,Miyagikyo Distillery,VERIFIED_NEW
distillery,Mossfield,VERIFIED_NEW
distillery,Nagahama Distillery,VERIFIED_NEW
distillery,Niigata Kameda Distillery,VERIFIED_NEW
distillery,Niseko Distillery,VERIFIED_NEW
distillery,North of Scotland,VERIFIED_NEW
distillery,North Port,VERIFIED_NEW
distillery,North Uist,VERIFIED_NEW
distillery,Nukuda Brewery,VERIFIED_NEW
distillery,Oban Distillery,VERIFIED_NEW
distillery,Okayama Distillery,VERIFIED_NEW
distillery,Old Bushmills Distillery,VERIFIED_NEW
distillery,Old Carrick Mill Distillery,VERIFIED_NEW
distillery,Osuzuyama Distillery,VERIFIED_NEW
distillery,Parkmore,VERIFIED_NEW
distillery,Penderyn Distillery,VERIFIED_NEW
distillery,Piccadilly Distillery,VERIFIED_NEW
distillery,Port Dundas,VERIFIED_NEW
distillery,Port of Leith,VERIFIED_NEW
distillery,Powerscourt Distillery,VERIFIED_NEW
distillery,Provanmill,VERIFIED_NEW
distillery,Raasay,VERIFIED_NEW
distillery,Rishiri Distillery,VERIFIED_NEW
distillery,Roe & Co Distillery,VERIFIED_NEW
distillery,Rokkosan Distillery,VERIFIED_NEW
distillery,Rosebank Distillery,VERIFIED_NEW
distillery,Royal Oak Distillery,VERIFIED_NEW
distillery,Sakurao Distillery,VERIFIED_NEW
distillery,Saucel,VERIFIED_NEW
distillery,Saxa Vord,VERIFIED_NEW
distillery,Seven Seals Innovation AG,VERIFIED_NEW
distillery,"Shed Distillery, The",VERIFIED_NEW
distillery,Shiki Shuzo,VERIFIED_NEW
distillery,Shindo Distillery,VERIFIED_NEW
distillery,Shinobu Distillery,VERIFIED_NEW
distillery,Slane Distillery,VERIFIED_NEW
distillery,Speyburn Distillery,VERIFIED_NEW
distillery,Springside,VERIFIED_NEW
distillery,St George's Distillery (The English Distillery),VERIFIED_NEW
distillery,St. Magdalene,VERIFIED_NEW
distillery,Starlaw Distillery,VERIFIED_NEW
distillery,Strathdee,VERIFIED_NEW
distillery,Strathearn Distillery,VERIFIED_NEW
distillery,Strathisla Distillery,VERIFIED_NEW
distillery,Stromness,VERIFIED_NEW
distillery,Stronarchie,VERIFIED_NEW
distillery,Tambovie,VERIFIED_NEW
distillery,Teeling Distillery,VERIFIED_NEW
distillery,The Quiet Man Craft Distillery,VERIFIED_NEW
distillery,Thistle,VERIFIED_NEW
distillery,Toberanrigh,VERIFIED_NEW
distillery,Towiemore,VERIFIED_NEW
distillery,Tullamore Distillery,VERIFIED_NEW
distillery,Uile-bheist,VERIFIED_NEW
distillery,Union,VERIFIED_NEW
distillery,Wakatsuru Saburomaru Distillery,VERIFIED_NEW
distillery,Waterford Distillery,VERIFIED_NEW
distillery,West Highland,VERIFIED_NEW
distillery,White Oak Distillery,VERIFIED_NEW
distillery,Woodford Reserve Distillery,VERIFIED_NEW
distillery,X (bottler),VERIFIED_NEW
distillery,Yamaga Distillery,VERIFIED_NEW
distillery,Yamazaki Distillery,VERIFIED_NEW
distillery,Yasato Distillery,VERIFIED_NEW
distillery,Yoichi Distillery,VERIFIED_NEW
distillery,Yoshida Denzai Distillery,VERIFIED_NEW
distillery,Yuza Distillery,VERIFIED_NEW
brand,8 Doors,VERIFIED_NEW
brand,Aberargie,VERIFIED_NEW
brand,Aberfeldy,VERIFIED_NEW
brand,Aberlour,VERIFIED_NEW
brand,Abhainn Dearg,VERIFIED_NEW
brand,Akashi,VERIFIED_NEW
brand,Akkeshi,VERIFIED_NEW
brand,Allt-A-Bhainne,VERIFIED_NEW
brand,Amrut,VERIFIED_NEW
brand,anCnoc,VERIFIED_NEW
brand,Annandale,VERIFIED_NEW
brand,Arbikie Highland Estate,VERIFIED_NEW
brand,Ardbeg,VERIFIED_NEW
brand,Ardmore,VERIFIED_NEW
brand,Ardnahoe,VERIFIED_NEW
brand,Ardnamurchan,VERIFIED_NEW
brand,Arran,VERIFIED_NEW
brand,Asaka,VERIFIED_NEW
brand,Athrú,VERIFIED_NEW
brand,Auchentoshan,VERIFIED_NEW
brand,Auchroisk,VERIFIED_NEW
brand,Bain’s Cape Mountain,VERIFIED_NEW
brand,Baker's,VERIFIED_NEW
brand,Balblair,VERIFIED_NEW
brand,Ballantine's,VERIFIED_NEW
brand,Ballykeefe,VERIFIED_NEW
brand,Balvenie,VERIFIED_NEW
brand,Bearface,VERIFIED_NEW
brand,Bearface Spirits,VERIFIED_NEW
brand,Ben Bracken,VERIFIED_NEW
brand,Ben Nevis,VERIFIED_NEW
brand,"Benbecula, MacMillan Spirits",VERIFIED_NEW
brand,BenRiach,VERIFIED_NEW
brand,Benrinnes,VERIFIED_NEW
brand,Benromach,VERIFIED_NEW
brand,Black Bottle,VERIFIED_NEW
brand,Black Bull,VERIFIED_NEW
brand,Blackness Bay,VERIFIED_NEW
brand,Blackwater,VERIFIED_NEW
brand,Blair Athol,VERIFIED_NEW
brand,Blairmhor,VERIFIED_NEW
brand,Booker’s,VERIFIED_NEW
brand,Bowmore,VERIFIED_NEW
brand,Bridge,VERIFIED_NEW
brand,Bruichladdich,VERIFIED_NEW
brand,Buffalo Trace,VERIFIED_NEW
brand,Bulleit,VERIFIED_NEW
brand,Bunnahabhain,VERIFIED_NEW
brand,Bushmills,VERIFIED_NEW
brand,Busker,VERIFIED_NEW
brand,Canadian Club,VERIFIED_NEW
brand,Caol Ila,VERIFIED_NEW
brand,Cardhu,VERIFIED_NEW
brand,Cedar Ridge,VERIFIED_NEW
brand,Chita,VERIFIED_NEW
brand,Chivas Brothers,VERIFIED_NEW
brand,Chivas Regal,VERIFIED_NEW
brand,Clan Colla,VERIFIED_NEW
brand,Clonakilty Irish Whiskey,VERIFIED_NEW
brand,Clydeside,VERIFIED_NEW
brand,Clynelish,VERIFIED_NEW
brand,Connacht Whiskey,VERIFIED_NEW
brand,Cooley,VERIFIED_NEW
brand,Cotswolds Whisky,VERIFIED_NEW
brand,Crafty,VERIFIED_NEW
brand,Cragganmore,VERIFIED_NEW
brand,Craigellachie,VERIFIED_NEW
brand,Cutty Sark,VERIFIED_NEW
brand,Daftmill,VERIFIED_NEW
brand,Dalmore,VERIFIED_NEW
brand,Dalmunach,VERIFIED_NEW
brand,Dalwhinnie,VERIFIED_NEW
brand,Darkness,VERIFIED_NEW
brand,Daviess County Bourbon,VERIFIED_NEW
brand,Deanston,VERIFIED_NEW
brand,Dewar’s,VERIFIED_NEW
brand,Dingle Whiskey,VERIFIED_NEW
brand,Dornoch,VERIFIED_NEW
brand,Douglas Laing,VERIFIED_NEW
brand,Drumshanbo,VERIFIED_NEW
brand,Dublin Liberties Irish Whiskey,VERIFIED_NEW
brand,Duncan Taylor Scotch Whisky,VERIFIED_NEW
brand,Dunville’s,VERIFIED_NEW
brand,Elements of Islay,VERIFIED_NEW
brand,Elijah Craig,VERIFIED_NEW
brand,Elixir Distillers,VERIFIED_NEW
brand,Evan Williams,VERIFIED_NEW
brand,Fercullen Irish Whiskey,VERIFIED_NEW
brand,Finlaggan,VERIFIED_NEW
brand,Four Roses,VERIFIED_NEW
brand,Fuji Whisky,VERIFIED_NEW
brand,Glen Breton Rare,VERIFIED_NEW
brand,Glen Elgin,VERIFIED_NEW
brand,Glen Garioch,VERIFIED_NEW
brand,Glen Keith,VERIFIED_NEW
brand,Glen Moray,VERIFIED_NEW
brand,Glen Scotia,VERIFIED_NEW
brand,Glen Spey,VERIFIED_NEW
brand,Glen Turner,VERIFIED_NEW
brand,Glenalba,VERIFIED_NEW
brand,GlenAllachie,VERIFIED_NEW
brand,Glenburgie,VERIFIED_NEW
brand,Glencadam,VERIFIED_NEW
brand,Glendalough Irish,VERIFIED_NEW
brand,GlenDronach,VERIFIED_NEW
brand,Glenfarclas,VERIFIED_NEW
brand,Glenfiddich,VERIFIED_NEW
brand,Glenglassaugh,VERIFIED_NEW
brand,Glengoyne,VERIFIED_NEW
brand,Glenlivet,VERIFIED_NEW
brand,Glenmorangie,VERIFIED_NEW
brand,"Glenrothes, The",VERIFIED_NEW
brand,Glentauchers,VERIFIED_NEW
brand,Gold Bar,VERIFIED_NEW
brand,Gordon & MacPhail,VERIFIED_NEW
brand,Grand Macnish,VERIFIED_NEW
brand,Grant's,VERIFIED_NEW
brand,Great Northern,VERIFIED_NEW
brand,Greign,VERIFIED_NEW
brand,Hakushu,VERIFIED_NEW
brand,Hankey Bannister,VERIFIED_NEW
brand,Hanyu Whisky,VERIFIED_NEW
brand,Hazelburn,VERIFIED_NEW
brand,Heaven Hill,VERIFIED_NEW
brand,Hibiki,VERIFIED_NEW
brand,Highland Journey,VERIFIED_NEW
brand,Highland Park,VERIFIED_NEW
brand,Hikari,VERIFIED_NEW
brand,Hinch,VERIFIED_NEW
brand,Hunter Laing,VERIFIED_NEW
brand,Ichiro’s Malt,VERIFIED_NEW
brand,Ikawa,VERIFIED_NEW
brand,"Ileach, The",VERIFIED_NEW
brand,Indri,VERIFIED_NEW
brand,"IrishAmerican, Achill Island Whiskey",VERIFIED_NEW
brand,Islay Mist,VERIFIED_NEW
brand,Islay Storm,VERIFIED_NEW
brand,Jack Daniel’s,VERIFIED_NEW
brand,Jameson,VERIFIED_NEW
brand,Jim Beam,VERIFIED_NEW
brand,John Dewar & Sons,VERIFIED_NEW
brand,Johnnie Walker,VERIFIED_NEW
brand,Jura,VERIFIED_NEW
brand,Kamet,VERIFIED_NEW
brand,Kamui Whisky,VERIFIED_NEW
brand,Kanosuke,VERIFIED_NEW
brand,Karuizawa,VERIFIED_NEW
brand,Kawasaki Whisky,VERIFIED_NEW
brand,Kensei,VERIFIED_NEW
brand,Kilbeggan,VERIFIED_NEW
brand,Kilchoman,VERIFIED_NEW
brand,Kilkerran,VERIFIED_NEW
brand,Killowen,VERIFIED_NEW
brand,Knob Creek,VERIFIED_NEW
brand,Kuju,VERIFIED_NEW
brand,Kurayoshi,VERIFIED_NEW
brand,Label 5,VERIFIED_NEW
brand,Lagavulin,VERIFIED_NEW
brand,Laphroaig,VERIFIED_NEW
brand,Larceny,VERIFIED_NEW
brand,Lauder's,VERIFIED_NEW
brand,Ledaig,VERIFIED_NEW
brand,Lidl,VERIFIED_NEW
brand,Macallan,VERIFIED_NEW
brand,MacArthur’s,VERIFIED_NEW
brand,Mackmyra,VERIFIED_NEW
brand,MacNair’s,VERIFIED_NEW
brand,Maker’s Mark,VERIFIED_NEW
brand,Mars,VERIFIED_NEW
brand,Matt D’Arcy,VERIFIED_NEW
brand,May Loag,VERIFIED_NEW
brand,Miltonduff,VERIFIED_NEW
brand,Monkey Shoulder,VERIFIED_NEW
brand,Mossburn,VERIFIED_NEW
brand,Nagahama,VERIFIED_NEW
brand,Natterjack Irish Whiskey,VERIFIED_NEW
brand,Nc’nean,VERIFIED_NEW
brand,Niigata Kameda,VERIFIED_NEW
brand,Nikka Whisky,VERIFIED_NEW
brand,Niseko,VERIFIED_NEW
brand,Nukuda Whisky,VERIFIED_NEW
brand,Oban,VERIFIED_NEW
brand,Octomore,VERIFIED_NEW
brand,Okayama,VERIFIED_NEW
brand,Old Carrick Mill,VERIFIED_NEW
brand,Old Fitzgerald,VERIFIED_NEW
brand,Old Mull,VERIFIED_NEW
brand,Old Overholt,VERIFIED_NEW
brand,Old Pulteney,VERIFIED_NEW
brand,Omar Whisky,VERIFIED_NEW
brand,Osuzuyama,VERIFIED_NEW
brand,Paprocky,VERIFIED_NEW
brand,Peaky Blinder,VERIFIED_NEW
brand,Pearse,VERIFIED_NEW
brand,Penderyn,VERIFIED_NEW
brand,Port Askaig,VERIFIED_NEW
brand,Port Charlotte,VERIFIED_NEW
brand,Quiet Man,VERIFIED_NEW
brand,Rebel,VERIFIED_NEW
brand,Redbreast,VERIFIED_NEW
brand,Rittenhouse,VERIFIED_NEW
brand,Roe & Co,VERIFIED_NEW
brand,Rokkosan,VERIFIED_NEW
brand,Roseisle,VERIFIED_NEW
brand,Russell’s Reserve,VERIFIED_NEW
brand,Saburomaru,VERIFIED_NEW
brand,Sakurao,VERIFIED_NEW
brand,Sam Barton,VERIFIED_NEW
brand,Scapa,VERIFIED_NEW
brand,Seven Seals,VERIFIED_NEW
brand,Shiki Whisky,VERIFIED_NEW
brand,Shindo,VERIFIED_NEW
brand,Shinobu,VERIFIED_NEW
brand,Shizuoka,VERIFIED_NEW
brand,Signatory Vintage,VERIFIED_NEW
brand,Singleton,VERIFIED_NEW
brand,Slane,VERIFIED_NEW
brand,Speciality Drinks Ltd.,VERIFIED_NEW
brand,Speyburn,VERIFIED_NEW
brand,Springbank,VERIFIED_NEW
brand,Starlaw,VERIFIED_NEW
brand,Stork Club,VERIFIED_NEW
brand,Strathearn,VERIFIED_NEW
brand,Talisker,VERIFIED_NEW
brand,Tamnavulin,VERIFIED_NEW
brand,Teeling,VERIFIED_NEW
brand,The Deacon,VERIFIED_NEW
brand,The Deveron,VERIFIED_NEW
brand,The English,VERIFIED_NEW
brand,The Quiet Man,VERIFIED_NEW
brand,The Tyrconnell,VERIFIED_NEW
brand,Three Ships,VERIFIED_NEW
brand,Tipperary Whiskey,VERIFIED_NEW
brand,Tobermory,VERIFIED_NEW
brand,Togouchi,VERIFIED_NEW
brand,Toki,VERIFIED_NEW
brand,Tomatin,VERIFIED_NEW
brand,Torabhaig,VERIFIED_NEW
brand,Tullamore D.E.W.,VERIFIED_NEW
brand,West Cork Irish Whiskey,VERIFIED_NEW
brand,Wild Turkey,VERIFIED_NEW
brand,Willett,VERIFIED_NEW
brand,Woodford Reserve,VERIFIED_NEW
brand,Yamaga,VERIFIED_NEW
brand,Yamazaki,VERIFIED_NEW
brand,Yasato,VERIFIED_NEW
brand,Yoichi,VERIFIED_NEW
brand,Yoshida Denzai,VERIFIED_NEW
brand,Yushan,VERIFIED_NEW
brand,Yuza,VERIFIED_NEW
