smws_code,smoky,peaty,sherry,fruity,spicy,sweet,rich
1.139,0.0,0.0,0.0,0.6,0.4,0.6,0.4
1.145,0.0,0.0,0.0,0.2,0.8,0.6,0.0
1.147,0.2,0.0,0.0,0.6,0.2,0.6,0.6
1.150,0.0,0.0,0.0,0.6,0.4,1.0,0.6
1.155,0.4,0.0,0.0,0.4,0.0,0.4,0.6
1.159,0.0,0.0,0.0,0.0,0.8,0.2,0.2
1.161,0.0,0.0,0.0,0.6,0.0,0.6,0.4
1.164,0.6,0.0,0.0,0.8,0.4,1.0,0.2
1.168,0.0,0.0,0.0,1.0,0.2,0.2,1.0
1.170,0.0,0.2,0.0,0.0,0.6,1.0,0.2
1.173,0.4,0.0,0.0,0.8,0.2,0.8,0.8
1.176,0.0,0.0,0.0,0.4,0.4,0.0,0.0
1.177,0.2,0.0,0.0,0.6,0.6,0.4,0.0
1.179,0.0,0.0,0.0,0.0,0.2,0.6,0.6
1.180,0.0,0.0,0.0,1.0,1.0,1.0,0.6
001.185,0.0,0.0,0.0,0.8,0.6,0.8,1.0
1.189,0.0,0.0,0.0,1.0,0.8,1.0,0.4
1.191,0.0,0.0,0.4,0.6,0.4,1.0,1.0
1.192,0.0,0.0,0.0,0.4,0.0,1.0,0.6
1.200,0.2,0.0,0.0,0.0,0.6,0.8,0.8
1.84,0.2,0.2,0.2,0.2,0.2,0.2,0.6
002.49,0.4,0.0,0.2,0.6,0.0,0.6,0.0
002.54,0.0,0.0,0.2,0.2,0.0,0.8,0.0
2.59,0.0,0.0,0.4,0.2,0.0,0.6,0.4
2.66,0.2,0.0,0.0,0.4,0.0,0.6,0.0
2.70,0.0,0.0,0.0,0.6,0.0,0.2,1.0
2.75,0.0,0.0,0.0,1.0,0.0,0.6,0.4
2.77,0.0,0.0,0.0,0.4,0.4,0.4,0.4
2.81,0.0,0.0,0.2,0.2,0.2,1.0,0.4
2.83,0.0,0.0,0.0,1.0,0.8,1.0,0.2
2.85,0.0,0.0,0.0,1.0,0.6,1.0,0.0
2.87,0.0,0.0,0.0,0.8,0.0,1.0,0.0
2.88,0.4,0.0,0.0,0.2,1.0,1.0,1.0
2.90,0.2,0.0,0.0,0.8,0.0,1.0,0.2
2.91,0.0,0.0,0.0,1.0,0.8,0.2,0.0
2.93,0.0,0.0,0.0,0.6,0.4,0.6,0.0
2.94,0.2,0.0,0.0,1.0,0.6,0.8,0.0
2.95,0.0,0.0,0.0,0.6,0.2,1.0,0.2
3.106,0.2,0.4,0.0,0.2,0.0,0.2,0.0
003.113,0.2,0.4,0.0,0.0,0.0,0.4,0.0
3.117,1.0,0.2,0.0,0.0,0.0,0.0,0.4
3.137,0.2,0.0,0.2,0.2,0.0,0.4,0.4
3.140,0.6,0.0,0.2,0.6,0.8,0.6,0.0
3.153,0.6,0.2,0.0,0.0,0.4,0.0,0.0
3.154,0.4,0.8,0.0,0.0,0.2,1.0,0.2
3.161,0.4,0.2,0.4,0.2,0.0,0.4,0.6
3.169,0.6,0.4,0.2,0.0,0.0,1.0,0.0
3.173,1.0,0.8,0.2,0.0,0.0,0.4,0.0
3.178,0.2,0.4,0.2,0.0,0.0,0.2,0.0
3.180,0.2,0.2,0.0,0.0,0.6,0.4,0.0
3.181,0.8,0.0,0.0,0.8,0.0,0.0,0.0
3.182,0.8,0.2,0.0,0.6,0.2,0.6,0.8
3.184,0.6,0.0,0.0,0.4,0.4,0.8,0.0
3.186,0.0,0.0,0.0,0.6,0.2,0.8,0.0
3.187,0.4,1.0,0.0,0.0,0.0,1.0,0.4
3.188,0.6,0.0,0.0,0.2,0.0,0.0,0.2
3.189,1.0,0.2,0.0,0.0,0.2,0.8,0.0
3.201,1.0,0.4,0.2,0.2,0.0,0.2,0.4
3.205,1.0,0.6,0.0,0.0,0.0,0.6,0.0
3.206,1.0,0.2,0.0,0.0,0.2,1.0,0.2
3.210,0.6,0.2,0.0,0.0,0.2,0.4,0.0
3.215,1.0,0.2,0.0,0.6,0.2,0.2,0.4
3.217,0.2,0.2,0.0,0.2,0.0,0.2,0.4
3.219,0.4,0.0,0.0,0.8,0.4,0.4,0.2
3.221,0.2,0.6,0.0,0.0,0.4,0.0,0.0
3.226,1.0,0.6,0.0,0.0,0.0,0.0,0.4
3.227,0.0,0.2,0.2,0.0,0.0,0.6,0.2
3.229,0.0,0.2,0.0,0.4,0.0,0.0,0.0
3.234,0.6,0.0,0.0,0.0,0.0,0.8,0.2
3.235,0.2,0.0,0.0,0.0,0.0,0.2,0.0
3.238,0.2,0.0,0.0,0.4,0.2,0.4,0.0
3.241,1.0,0.6,0.0,0.4,0.0,0.0,0.2
3.254,0.0,0.2,0.0,0.0,0.2,0.8,0.0
3.266,1.0,0.2,0.0,0.2,0.0,0.8,0.4
3.270,0.8,0.0,0.4,0.0,0.2,0.8,0.8
3.274,0.0,0.2,0.0,0.0,0.0,0.0,0.0
3.87,0.4,0.0,0.0,0.2,0.0,0.2,0.0
3.97,0.0,0.2,0.0,0.0,0.0,0.0,0.0
3.98,0.4,0.0,0.0,0.0,0.0,0.8,0.0
4.103,0.6,0.4,0.0,0.6,0.0,0.2,0.0
4.107,0.6,0.0,0.2,0.0,0.0,0.8,0.2
4.114,0.6,1.0,0.0,0.0,0.2,0.6,0.0
4.118,1.0,0.6,0.0,0.2,0.2,0.4,0.2
4.120,0.6,0.0,0.0,0.4,0.0,0.6,0.0
4.135,0.4,0.4,0.0,0.0,0.0,1.0,0.2
4.137,0.4,0.6,0.0,0.4,0.2,0.8,0.0
4.138,0.2,0.0,0.0,0.2,0.0,0.4,0.8
4.145,0.4,0.0,0.0,0.4,0.8,1.0,0.0
4.146,0.8,0.2,0.0,0.0,0.0,0.4,0.4
4.148,0.4,0.0,0.0,0.0,0.2,0.6,0.0
4.151,0.4,0.2,0.2,0.6,0.2,0.8,0.2
4.153,0.6,0.2,0.0,0.6,0.0,0.0,0.0
4.156,0.8,0.0,0.0,0.6,0.0,0.4,0.6
4.160,0.2,0.0,0.0,0.4,0.6,0.8,0.4
4.162,0.6,0.4,0.0,0.0,0.0,0.4,0.2
4.163,1.0,0.0,0.0,0.4,0.8,0.4,0.8
4.164,0.0,0.0,0.0,0.4,0.2,0.4,0.4
4.169,0.4,0.0,0.0,0.0,0.2,0.6,0.2
4.171,0.6,0.4,0.0,0.2,0.2,0.4,0.0
4.172,0.2,0.0,0.0,0.4,0.2,0.2,0.0
4.175,0.2,0.0,0.0,0.4,0.0,0.6,0.0
4.178,0.2,0.0,0.2,0.6,0.2,0.6,0.4
4.183,0.8,0.2,0.0,0.4,0.0,0.6,0.2
4.188,0.6,0.0,0.0,0.6,0.4,0.2,0.0
4.190,0.2,0.0,0.0,0.4,0.0,0.0,0.2
4.191,0.4,0.2,0.0,0.2,0.6,0.6,0.2
4.197,0.0,0.0,0.0,0.4,0.6,0.2,0.8
4.203,0.0,0.0,0.0,0.0,0.8,0.8,1.0
4.207,0.2,0.4,0.0,0.0,0.2,1.0,0.4
4.211,0.6,0.2,0.0,0.0,0.0,0.2,0.0
4.216,0.2,0.0,0.0,0.4,0.2,0.2,0.6
4.217,0.4,0.0,0.0,0.4,0.2,1.0,0.0
4.218,0.2,0.0,0.0,0.2,0.2,0.8,0.2
4.96,0.4,0.0,0.0,0.4,0.0,1.0,0.0
005.12,0.0,0.0,0.0,0.6,0.0,0.0,0.0
005.16,0.0,0.0,0.0,0.0,0.0,0.2,0.0
5.28,0.0,0.0,0.0,0.8,0.8,1.0,0.0
5.33,0.0,0.0,0.0,0.6,0.2,0.4,0.0
5.35,0.0,0.0,0.0,0.8,0.4,0.4,0.4
5.36,0.4,0.0,0.0,0.0,0.4,0.4,0.0
5.38,0.0,0.0,0.0,1.0,0.0,0.4,0.0
5.40,0.0,0.0,0.0,0.0,0.2,1.0,0.6
5.47,0.0,0.0,0.0,0.6,0.4,0.6,0.0
5.48,0.0,0.0,0.2,0.4,0.6,0.8,1.0
5.49,0.0,0.0,0.0,0.2,0.6,1.0,0.4
005.7,0.0,0.0,0.0,0.6,0.0,0.4,0.0
6.23,0.0,0.0,0.0,0.4,0.0,0.0,0.2
7.100,0.0,0.0,0.0,0.4,0.2,0.2,0.4
7.101,0.0,0.0,0.2,0.2,0.4,0.4,0.2
7.103,0.2,0.0,0.0,0.4,0.6,1.0,0.2
007.105,0.2,0.0,0.0,1.0,0.2,1.0,0.2
7.109,0.0,0.0,0.0,1.0,0.2,1.0,0.6
7.111,0.0,0.0,0.2,0.2,0.2,1.0,1.0
007.116,0.2,0.0,0.0,0.0,0.2,0.2,0.8
007.133,0.0,0.0,0.0,0.2,0.0,0.6,0.0
7.29,0.0,0.0,0.2,0.0,0.0,0.2,0.2
7.39,0.0,0.0,0.4,1.0,0.2,0.4,0.4
007.40,0.0,0.0,0.0,0.2,0.4,0.6,0.4
7.47,0.2,0.0,0.0,0.0,0.2,0.6,1.0
7.53,0.0,0.2,0.2,0.2,0.0,0.6,0.2
7.77,0.0,0.0,0.0,1.0,0.4,0.2,1.0
7.80,0.0,0.0,0.0,1.0,0.0,0.4,0.8
7.85,0.4,0.0,0.0,0.0,0.0,0.6,1.0
7.89,0.2,0.0,0.0,1.0,0.4,0.6,0.4
7.93,0.0,0.0,0.0,0.6,0.6,0.6,1.0
7.94,0.0,0.0,0.0,0.4,0.0,0.2,0.2
7.97,0.0,0.0,0.0,0.2,1.0,0.8,1.0
7.98,0.2,0.0,0.0,0.8,0.0,1.0,1.0
008.35,0.0,0.0,0.0,0.2,0.0,0.4,0.8
8.42,0.4,0.0,0.0,0.6,0.2,0.0,0.0
009.35,0.2,0.0,0.0,0.6,0.0,1.0,0.2
9.47,0.0,0.0,0.0,0.0,0.2,0.4,0.0
9.57,0.0,0.0,0.0,0.8,0.4,0.0,0.2
9.59,0.0,0.0,0.2,0.4,0.0,1.0,0.2
9.60,0.4,0.0,0.0,0.2,0.4,0.6,0.2
9.62,0.0,0.0,0.0,0.6,1.0,0.8,0.2
9.66,0.0,0.0,0.0,0.6,0.6,0.4,0.6
9.69,0.4,0.0,0.0,1.0,0.2,0.6,0.0
9.74,0.0,0.0,0.0,0.6,0.6,0.0,0.0
9.76,0.0,0.0,0.0,0.4,0.0,1.0,0.2
9.78,0.0,0.0,0.0,0.0,0.4,1.0,0.8
9.79,0.0,0.2,0.0,0.0,0.6,0.6,0.2
9.84,0.2,0.0,0.0,0.0,0.0,0.0,0.0
10.75,1.0,0.2,0.0,0.0,0.0,0.4,0.0
10.76,0.4,0.0,0.0,0.4,0.0,0.8,0.4
10.77,0.4,0.2,0.0,0.0,0.0,0.2,0.0
10.81,0.2,0.2,0.0,0.2,0.4,1.0,0.4
10.85,0.0,0.0,0.4,0.2,0.0,0.2,0.6
10.87,0.6,0.2,0.0,0.6,0.0,0.6,0.0
10.88,0.0,0.6,0.0,0.2,0.0,0.6,0.2
10.92,0.2,0.4,0.2,0.4,0.0,0.2,0.0
10.99,0.6,0.0,0.0,0.4,0.8,1.0,0.0
100.12,0.0,0.0,0.2,0.6,0.8,0.6,0.0
011.24,0.2,0.6,0.0,0.2,0.0,0.4,0.0
011.27,0.0,0.0,0.0,0.2,0.4,0.8,0.2
013.37,0.0,0.0,0.0,0.6,0.0,0.0,0.0
13.44,0.4,0.0,0.4,0.0,0.4,1.0,0.2
13.47,0.0,0.0,0.0,0.2,0.4,0.8,0.0
16.30,0.8,0.0,0.2,0.0,0.2,1.0,0.4
16.32,0.0,0.0,0.0,0.2,0.0,1.0,0.8
17.32,0.0,0.0,0.0,1.0,0.0,0.6,0.0
17.35,0.0,0.0,0.0,1.0,0.8,0.8,0.0
018.23,0.0,0.0,0.4,0.2,0.2,0.6,0.0
021.22,0.0,0.6,0.0,0.0,0.0,0.4,0.0
21.25,0.0,0.0,0.0,0.0,0.0,0.4,0.0
021.26,0.0,0.0,0.0,0.0,0.0,0.6,0.0
022.10,0.0,0.0,0.0,0.0,0.2,0.0,0.0
22.23,0.6,0.0,0.0,0.2,0.0,0.0,0.0
22.25,0.0,0.0,0.0,0.4,0.2,0.6,0.0
22.28,0.0,0.0,0.0,0.8,0.2,0.6,0.0
22.29,0.0,0.0,0.4,0.0,0.0,0.4,0.0
23.39,0.0,0.0,0.0,0.0,0.2,0.0,0.0
23.51,0.0,0.0,0.0,0.0,0.0,0.0,0.2
23.62,0.4,0.0,0.0,1.0,0.0,0.6,0.0
23.67,0.2,0.4,0.0,0.2,0.0,0.6,0.6
23.70,0.6,0.4,0.0,0.2,0.4,0.6,0.4
23.71,0.4,0.4,0.0,0.2,0.2,0.2,0.0
23.72,0.4,0.2,0.4,0.2,0.2,0.8,0.4
23.73,0.2,0.0,0.0,0.0,0.2,0.4,0.0
24.96,0.4,0.0,0.4,0.2,0.0,1.0,0.6
24.98,0.2,0.0,0.6,0.6,0.0,1.0,0.4
26.100,0.2,0.0,0.0,0.8,0.4,0.4,0.4
26.102,0.0,0.0,0.0,1.0,0.4,0.6,0.6
26.105,0.0,0.0,0.0,1.0,0.2,0.4,0.0
26.106,0.0,0.0,0.0,0.4,0.0,1.0,0.2
26.117,0.0,0.0,0.0,0.4,0.2,0.4,0.2
026.39,0.2,0.0,0.0,0.2,0.0,0.4,0.0
26.49,0.8,0.0,0.0,0.2,0.0,0.2,0.2
26.62,0.2,0.0,0.0,0.0,0.0,0.8,0.4
26.65,0.0,0.0,0.0,0.2,0.2,1.0,0.2
26.67,0.2,0.0,0.0,0.0,0.0,0.8,0.0
26.80,0.0,0.0,0.0,0.6,0.2,0.8,0.2
26.81,0.0,0.0,0.0,0.6,0.0,0.2,0.0
26.84,0.0,0.0,0.0,1.0,0.2,0.8,0.2
26.86,0.0,0.0,0.0,0.4,0.2,0.2,0.0
26.87,0.0,0.0,0.0,1.0,0.4,1.0,0.0
26.89,0.0,0.0,0.2,1.0,0.6,0.4,0.0
26.92,0.4,0.0,0.0,1.0,0.0,0.8,0.0
26.95,0.2,0.0,0.0,0.6,0.2,1.0,0.4
26.97,0.0,0.0,0.0,0.6,0.2,0.2,0.0
26.99,0.0,0.0,0.0,0.4,0.0,0.0,0.0
27.110,0.2,0.0,0.2,0.0,1.0,0.6,1.0
027.56,0.0,0.4,0.0,0.0,0.0,0.8,0.0
28.25,0.0,0.0,0.0,0.6,0.0,0.4,0.6
28.26,0.0,0.0,0.0,0.4,0.4,0.6,0.0
28.27,0.0,0.0,0.0,0.8,0.0,0.4,0.4
28.30,0.4,0.0,0.0,0.4,0.6,0.8,0.4
29.154,0.6,0.6,0.0,0.0,0.2,0.2,0.2
29.164,0.2,0.0,0.0,0.0,0.2,0.0,0.0
29.165,1.0,0.0,0.0,0.6,0.2,0.4,0.2
29.171,1.0,0.8,0.0,0.4,0.2,0.0,0.0
29.176,0.6,0.0,0.0,0.0,0.0,0.0,0.2
29.179,1.0,0.8,0.0,0.2,0.0,0.0,0.0
29.183,0.0,0.6,0.0,0.0,0.2,0.2,0.0
29.190,0.2,0.2,0.2,0.0,0.0,0.8,0.8
029.41,1.0,0.2,0.0,0.0,0.0,1.0,0.0
029.52,0.0,0.2,0.0,0.0,0.2,0.6,0.0
29.60,1.0,1.0,0.0,0.2,0.0,0.2,0.2
29.64,1.0,0.2,0.2,0.0,0.0,0.2,0.0
29.68,0.6,0.4,0.0,0.0,0.2,0.8,0.4
29.71,0.6,0.2,0.0,0.2,0.4,0.6,0.0
29.78,0.8,0.2,0.0,0.2,0.0,0.6,0.2
29.79,1.0,0.4,0.0,0.0,0.2,0.4,0.0
29.80,0.2,0.2,0.0,0.4,0.0,0.2,0.0
29.82,0.6,0.6,0.0,0.2,0.0,0.8,0.6
29.88,0.6,0.2,0.2,0.2,0.0,0.6,0.0
29.92,1.0,0.0,0.2,0.2,0.0,1.0,0.4
29.97,1.0,0.4,0.2,0.0,0.0,0.6,0.2
030.46,0.2,0.0,0.4,0.0,0.0,0.2,0.6
30.62,0.0,0.0,0.2,0.4,0.8,0.2,0.8
33.114,0.6,0.2,0.2,0.4,0.2,1.0,0.4
33.115,0.8,0.4,0.0,0.4,0.0,1.0,0.6
33.125,0.6,0.8,0.0,0.0,0.0,0.4,0.6
33.130,0.2,0.0,0.0,0.4,0.0,0.2,0.0
33.143,0.8,0.0,0.0,0.4,0.4,0.8,0.0
35.101,0.2,0.0,0.0,0.4,0.6,0.4,0.0
35.104,0.2,0.0,0.0,0.8,0.2,0.6,0.6
35.106,0.0,0.0,0.0,0.8,0.0,1.0,0.8
35.109,0.0,0.0,0.0,0.6,0.2,0.6,0.6
35.110,0.0,0.0,0.0,0.4,0.4,1.0,0.6
35.111,0.2,0.0,0.2,0.0,0.2,0.0,1.0
35.114,0.0,0.0,0.0,0.0,0.6,0.6,0.6
35.117,0.0,0.0,0.0,0.4,0.0,0.4,0.2
35.122,0.0,0.0,0.0,0.2,1.0,1.0,0.6
35.129,0.0,0.2,0.2,0.2,0.2,1.0,1.0
35.142,0.4,0.0,0.0,0.0,0.8,1.0,0.8
35.143,0.0,0.0,0.2,0.4,1.0,1.0,0.6
35.23,0.0,0.0,0.0,0.2,0.6,0.2,0.0
35.35,0.2,0.0,0.2,0.2,0.6,1.0,0.6
35.49,0.0,0.0,0.0,0.6,0.4,1.0,1.0
35.51,0.0,0.0,0.0,0.0,1.0,0.0,1.0
35.55,0.0,0.0,0.0,0.0,0.0,0.6,0.2
35.57,0.0,0.0,0.0,0.2,0.0,0.0,0.4
35.64,0.0,0.0,0.2,0.2,0.2,0.6,0.6
35.65,0.0,0.0,0.4,0.4,0.0,1.0,0.4
35.71,0.2,0.0,0.0,0.2,0.4,0.6,1.0
35.81,0.0,0.0,0.0,0.2,0.2,1.0,0.2
35.83,0.4,0.0,0.0,0.2,0.4,1.0,0.6
35.85,0.0,0.0,0.0,0.6,0.0,1.0,0.2
036.32,0.0,0.0,0.0,0.2,0.2,0.2,0.4
36.37,0.4,0.0,0.4,0.0,0.0,0.2,0.2
36.46,0.0,0.0,0.0,0.6,0.0,0.6,0.0
36.49,0.0,0.0,0.0,0.6,0.8,0.2,0.2
36.54,0.2,0.0,0.2,0.0,0.0,0.8,0.8
36.55,0.0,0.0,0.0,0.2,0.2,0.6,0.0
36.61,0.0,0.0,0.0,0.4,0.8,1.0,0.4
36.62,0.0,0.0,0.0,0.2,0.0,0.2,0.0
36.67,0.0,0.0,0.0,1.0,0.2,0.8,0.0
36.68,0.4,0.0,0.0,1.0,0.6,0.8,0.6
36.70,0.0,0.0,0.0,0.8,0.2,1.0,0.4
36.76,0.0,0.0,0.0,1.0,0.8,1.0,0.2
36.86,0.2,0.0,0.0,1.0,0.4,0.8,0.2
36.87,0.0,0.0,0.0,1.0,1.0,1.0,0.4
36.96,0.0,0.0,0.0,1.0,0.4,0.8,1.0
037.25,0.2,0.0,0.0,0.0,0.0,0.4,0.0
37.30,0.0,0.0,0.0,0.0,0.0,0.2,0.0
37.33,0.0,0.0,0.6,1.0,0.6,0.2,0.6
37.45,0.0,0.0,0.0,0.0,1.0,0.6,1.0
37.46,0.0,0.0,0.0,0.6,0.2,1.0,0.0
37.48,0.0,0.0,0.0,0.4,0.0,0.2,0.6
37.50,0.4,0.0,0.0,0.6,0.4,0.6,0.2
37.51,0.4,0.0,0.4,0.2,0.6,0.8,0.6
37.54,0.0,0.0,0.0,0.2,0.0,0.6,0.4
37.58,0.0,0.0,0.0,1.0,0.2,0.6,0.6
037.60,0.2,0.0,0.0,1.0,1.0,1.0,0.2
037.64,0.0,0.0,0.0,1.0,0.6,0.6,0.2
037.75,0.0,0.0,0.0,0.4,0.0,0.6,0.2
38.18,0.6,0.0,0.0,0.6,0.4,0.4,0.2
38.19,0.2,0.0,0.0,0.4,0.2,0.4,0.0
38.20,0.0,0.0,0.0,1.0,0.8,0.4,0.8
38.21,0.0,0.0,0.0,0.6,0.4,0.8,0.6
39.104,0.0,0.0,0.0,1.0,0.2,0.4,0.0
39.110,0.0,0.0,0.0,0.0,0.6,0.2,0.2
039.43,0.0,0.2,0.0,0.0,0.0,0.6,0.0
039.52,0.2,0.0,0.0,0.2,0.4,0.8,0.0
39.57,0.0,0.0,0.0,0.0,0.2,1.0,0.0
39.71,0.0,0.0,0.0,1.0,0.6,0.2,0.6
39.75,0.4,0.0,0.4,0.0,0.0,1.0,0.6
39.81,0.2,0.0,0.0,0.6,0.0,0.6,0.2
39.83,0.0,0.0,0.0,0.0,0.0,0.8,0.8
39.84,0.0,0.0,0.0,0.8,0.0,0.6,0.8
39.89,0.0,0.0,0.0,0.8,0.4,1.0,0.6
39.92,0.2,0.0,0.0,0.4,0.2,1.0,0.2
39.93,0.0,0.0,0.0,0.4,0.0,0.6,0.4
39.94,0.0,0.0,0.0,1.0,0.4,0.4,0.6
39.95,0.0,0.0,0.0,0.8,0.2,1.0,0.2
39.98,0.0,0.0,0.0,0.6,0.2,0.6,0.6
39.99,0.0,0.0,0.4,0.2,0.2,1.0,0.6
41.43,0.2,0.0,0.0,1.0,0.2,0.4,0.4
41.46,0.0,0.0,0.0,0.0,0.0,1.0,0.4
41.49,0.8,0.0,0.2,0.6,0.6,0.6,1.0
41.50,0.0,0.0,0.0,0.6,1.0,0.8,1.0
41.51,0.0,0.0,0.0,0.4,0.2,1.0,0.4
41.54,0.0,0.0,0.2,0.8,0.0,0.8,0.6
41.57,0.0,0.0,0.0,1.0,0.4,1.0,0.6
41.58,0.0,0.0,0.0,0.6,0.4,0.2,0.2
41.61,0.0,0.0,0.0,0.6,0.6,0.8,0.4
41.66,0.0,0.0,0.0,1.0,1.0,0.4,0.6
41.67,0.0,0.0,0.0,1.0,0.4,1.0,0.2
41.71,0.0,0.0,0.0,1.0,0.4,0.8,0.2
42.10,0.0,0.2,0.0,0.4,1.0,1.0,0.4
42.16,0.2,0.2,0.0,0.0,0.0,0.0,0.2
42.17,0.6,0.0,0.0,0.2,0.4,0.8,0.2
42.19,1.0,0.4,0.0,0.4,0.8,0.6,0.2
42.20,1.0,0.6,0.0,0.0,0.0,0.2,0.2
43.15,0.2,0.6,0.0,0.0,0.0,0.0,0.0
44.27,0.0,0.0,0.0,0.4,0.4,1.0,0.0
44.41,0.2,0.0,0.0,0.2,0.2,0.6,0.4
44.43,0.0,0.0,0.0,0.6,0.0,1.0,0.2
44.48,0.4,0.0,0.4,0.8,0.4,0.0,0.8
44.49,0.0,0.0,0.2,0.4,0.8,0.2,0.2
44.51,0.0,0.4,0.0,0.4,0.2,0.2,0.2
44.55,0.2,0.0,0.0,0.2,0.2,0.4,0.4
44.58,0.0,0.0,0.0,1.0,0.0,1.0,0.4
44.59,0.8,0.0,0.0,0.2,0.0,0.6,0.0
44.60,0.2,0.0,0.0,0.4,0.0,0.4,0.4
44.63,0.0,0.0,0.0,1.0,0.6,0.6,0.0
44.65,0.2,0.0,0.0,1.0,0.0,0.6,0.2
44.67,0.2,0.0,0.0,0.8,0.8,1.0,0.0
045.15,0.2,0.0,0.0,0.0,0.4,0.8,0.2
046.12,0.4,0.0,0.0,0.2,0.0,0.6,0.8
46.16,0.0,0.0,0.0,0.0,1.0,0.4,0.0
46.19,0.0,0.0,0.0,0.2,0.0,0.2,0.4
46.21,0.2,0.0,0.0,0.8,0.4,1.0,0.2
46.23,0.0,0.0,0.0,0.8,0.4,0.6,0.2
46.27,0.0,0.0,0.0,0.8,0.2,0.6,0.8
46.29,0.0,0.0,0.0,0.2,0.4,0.4,0.2
46.30,0.4,0.0,0.0,0.2,0.0,0.8,0.8
46.31,0.0,0.0,0.0,0.4,0.4,0.6,0.2
048.08,0.0,0.0,0.0,0.4,0.0,0.6,0.2
48.17,0.0,0.0,0.0,0.6,0.2,0.4,0.4
48.20,0.0,0.0,0.0,1.0,0.0,0.6,0.2
48.24,0.0,0.0,0.0,0.4,0.2,1.0,0.4
48.26,0.0,0.0,0.0,0.4,0.2,0.4,0.0
48.29,0.0,0.0,0.0,0.6,0.2,1.0,0.4
48.34,0.0,0.0,0.0,0.0,0.0,1.0,0.0
48.37,0.0,0.0,0.0,1.0,0.8,0.2,0.0
48.41,0.0,0.0,0.2,0.4,0.4,1.0,1.0
48.42,0.0,0.0,0.0,1.0,0.0,0.6,0.0
48.43,0.0,0.0,0.0,1.0,1.0,0.8,0.2
48.46,0.0,0.0,0.0,1.0,0.6,1.0,0.0
48.50,0.0,0.0,0.0,0.6,0.0,0.0,0.2
48.54,0.0,0.0,0.0,0.0,0.6,0.8,0.2
49.10,0.0,0.0,0.4,0.4,0.2,0.8,0.0
050.23,0.0,0.0,0.0,0.0,0.4,0.6,0.0
50.35,0.0,0.0,0.0,0.2,0.0,0.8,1.0
50.40,0.2,0.0,0.0,0.0,0.4,0.2,0.2
50.42,0.0,0.0,0.0,0.2,0.4,0.6,0.2
50.45,0.0,0.0,0.0,0.8,0.2,0.6,0.4
50.46,0.0,0.0,0.0,0.6,0.2,0.8,0.4
50.49,0.0,0.0,0.0,0.4,0.2,0.8,0.0
50.51,0.0,0.0,0.0,0.4,0.2,0.6,0.6
50.56,0.0,0.0,0.0,0.4,0.4,0.8,0.0
50.64,0.0,0.0,0.0,0.8,0.8,0.6,0.4
50.66,0.0,0.0,0.0,1.0,0.4,1.0,0.2
50.67,0.0,0.0,0.0,0.4,0.0,1.0,0.6
50.70,0.0,0.0,0.0,0.8,0.8,0.4,0.4
50.80,0.0,0.0,0.0,0.0,0.2,0.2,0.4
052.14,0.0,0.0,0.0,0.0,0.0,0.2,0.0
52.20,0.0,0.0,0.0,0.4,0.0,0.4,0.0
53.23,0.2,0.6,0.0,0.0,0.0,0.2,0.0
53.108,0.6,0.0,0.0,0.2,0.0,0.2,0.0
53.109,0.2,0.2,0.0,0.0,0.4,0.2,0.0
53.111,0.6,0.0,0.0,0.2,0.8,0.2,0.4
53.133,0.8,0.0,0.0,0.0,0.2,0.4,0.6
53.138,0.4,0.6,0.0,0.0,0.8,0.4,0.0
53.139,0.6,0.4,0.0,0.0,0.0,0.2,0.0
53.144,0.6,0.6,0.0,0.4,0.4,0.4,0.4
53.147,0.8,0.4,0.0,0.4,0.4,0.6,0.2
53.151,0.4,0.2,0.0,0.0,0.0,0.6,0.2
53.153,1.0,0.2,0.0,0.2,0.0,0.8,0.2
53.154,0.6,0.4,0.2,0.2,0.0,0.0,0.0
53.157,0.6,0.2,0.0,0.2,0.2,0.0,0.4
53.158,0.4,0.6,0.0,0.0,0.2,0.4,0.0
53.160,1.0,0.8,0.0,0.0,0.2,0.4,0.2
53.162,0.0,0.2,0.0,0.2,0.0,0.2,0.2
53.163,0.2,0.2,0.0,0.0,0.0,0.2,0.0
53.165,0.2,0.8,0.0,0.2,0.0,1.0,0.0
53.167,1.0,0.0,0.0,0.4,0.4,0.8,0.0
53.172,0.4,0.6,0.0,0.0,0.0,0.6,0.4
53.173,0.8,0.4,0.2,0.0,0.0,0.8,0.0
53.182,0.2,0.2,0.0,0.2,0.0,0.6,0.0
53.184,1.0,0.8,0.2,0.2,0.4,0.6,0.6
53.186,0.4,0.0,0.0,0.2,0.0,1.0,0.2
53.187,0.4,0.6,0.0,0.0,0.0,0.4,0.0
53.188,1.0,0.0,0.0,0.0,0.0,0.2,0.2
53.190,1.0,0.6,0.0,0.0,0.2,0.2,0.2
53.191,0.2,0.2,0.0,0.4,0.0,0.8,0.0
53.192,1.0,0.2,0.0,0.4,0.4,0.2,0.0
53.194,1.0,0.6,0.0,0.2,0.2,0.6,0.0
53.197,0.6,0.2,0.0,0.0,0.0,0.4,0.0
53.200,0.0,0.2,0.0,0.0,0.0,0.6,0.2
53.205,0.2,0.0,0.0,0.0,0.0,0.2,0.0
53.206,0.0,0.2,0.0,0.0,0.0,0.6,0.0
53.207,0.2,0.2,0.0,0.2,0.0,0.8,0.2
53.210,0.8,0.2,0.0,0.2,0.4,0.6,0.2
53.211,0.0,0.2,0.0,0.4,0.6,1.0,0.0
53.216,0.6,0.2,0.0,0.2,0.0,0.8,0.0
53.218,0.4,0.2,0.0,0.2,0.2,0.8,0.2
53.222,1.0,0.2,0.0,0.2,0.0,1.0,0.0
53.226,0.2,0.2,0.0,0.4,0.2,0.0,0.0
53.231,0.4,0.0,0.0,0.2,0.2,0.2,0.2
53.233,0.6,0.6,0.0,0.2,0.0,0.2,0.4
53.236,0.4,0.0,0.0,0.2,0.0,1.0,0.0
053.75,0.4,0.0,0.0,0.0,0.0,0.6,0.0
053.88,0.4,0.8,0.0,0.0,0.0,0.2,0.2
053.91,0.2,0.2,0.0,0.0,0.0,0.2,0.2
053.95,0.8,0.0,0.0,0.0,0.0,1.0,0.6
054.22,0.0,0.0,0.0,0.6,0.2,0.2,0.0
54.28,0.4,0.0,0.2,0.0,0.0,0.6,0.2
54.29,0.0,0.0,0.0,1.0,0.2,0.4,0.0
54.31,0.0,0.0,0.0,0.6,0.0,0.4,0.0
54.34,0.0,0.0,0.2,0.2,0.4,0.8,0.0
54.35,0.0,0.0,0.0,0.2,0.4,0.6,0.8
54.37,0.0,0.0,0.0,1.0,0.4,1.0,0.8
54.42,0.2,0.0,0.0,1.0,0.2,0.4,0.2
55.19,0.2,0.0,0.0,0.0,0.2,0.4,0.2
55.20,0.4,0.0,0.0,0.4,1.0,1.0,0.4
55.21,0.0,0.0,0.0,0.8,0.0,1.0,0.2
55.23,0.2,0.0,0.0,0.6,0.6,0.4,0.6
55.26,0.0,0.0,0.0,0.2,0.8,1.0,0.0
55.28,0.2,0.0,0.0,0.8,0.2,1.0,0.0
55.31,0.0,0.0,0.0,0.6,0.0,0.8,0.0
58.15,0.0,0.0,0.0,0.2,0.6,0.8,0.4
58.17,0.0,0.0,0.4,0.0,0.2,0.2,0.2
58.18,0.0,0.0,0.0,0.2,0.6,0.8,0.4
058.8,0.0,0.0,0.0,0.4,0.2,0.2,0.2
59.21,0.2,0.0,0.2,0.2,0.4,0.4,0.2
059.26,0.0,0.0,0.0,0.0,0.2,0.6,0.0
059.29,0.0,0.0,0.0,0.4,0.2,1.0,0.0
059.32,0.4,0.0,0.0,0.4,0.2,0.2,0.0
59.39,0.0,0.0,0.0,0.0,0.8,1.0,0.0
59.40,0.2,0.0,0.2,0.6,0.0,0.2,1.0
59.41,0.0,0.0,0.0,0.6,0.0,0.6,0.4
59.48,0.4,0.2,0.0,0.0,1.0,0.4,0.0
59.49,0.0,0.0,0.0,0.4,0.0,0.0,0.2
59.51,0.2,0.0,0.0,0.4,0.2,0.6,0.2
62.13,0.0,0.0,0.0,0.0,0.0,0.4,0.4
62.16,0.2,0.0,0.0,0.2,0.4,0.4,0.4
062.8,0.0,0.0,0.0,0.4,0.0,0.0,0.2
63.23,0.0,0.0,0.0,0.6,0.8,0.8,0.8
63.26,0.0,0.0,0.0,1.0,0.4,0.4,1.0
63.27,0.0,0.0,0.2,0.8,0.2,0.8,0.2
63.29,0.0,0.0,0.0,0.2,0.2,0.0,0.6
63.31,0.0,0.2,0.0,0.6,0.2,0.2,0.0
63.35,0.0,0.0,0.0,1.0,0.0,0.6,0.2
064.11,0.8,0.0,0.0,0.2,0.4,1.0,0.2
64.13,0.0,0.0,0.0,0.0,0.0,0.8,1.0
64.19,0.6,0.0,0.0,0.6,0.2,1.0,0.4
64.21,0.2,0.0,0.0,0.4,0.6,0.6,0.8
64.26,0.0,0.0,0.4,0.2,0.4,1.0,0.2
64.27,0.2,0.0,0.0,0.6,0.2,1.0,0.0
64.33,0.0,0.2,0.0,0.2,0.4,0.8,0.4
64.35,0.0,0.0,0.0,0.6,0.8,1.0,0.4
64.42,0.0,0.0,0.0,0.4,0.2,0.6,0.4
64.43,0.0,0.0,0.0,0.0,1.0,0.8,0.6
64.46,0.0,0.0,0.4,1.0,0.0,1.0,0.0
64.50,0.0,0.0,0.0,0.8,0.6,1.0,0.0
64.59,0.0,0.0,0.0,0.4,0.6,0.4,0.2
64.65,0.0,0.0,0.0,1.0,0.4,1.0,0.2
66.23,0.4,0.0,0.0,0.4,0.0,0.6,0.0
66.30,1.0,0.0,0.0,0.2,0.4,1.0,0.8
66.31,0.8,0.0,0.4,0.2,0.2,1.0,0.2
66.32,0.8,0.2,0.0,0.0,0.0,0.4,0.2
66.33,0.4,0.2,0.0,0.4,0.4,0.0,0.0
66.35,1.0,0.2,0.2,0.2,0.6,0.6,0.2
66.38,0.8,0.0,0.0,0.2,0.0,0.4,0.0
66.42,0.2,0.2,0.0,0.4,0.0,0.2,0.0
66.44,0.0,0.0,0.0,0.2,0.0,0.0,0.2
66.46,0.4,0.2,0.2,0.4,0.2,0.0,0.6
66.47,1.0,0.4,0.0,0.0,0.2,1.0,0.0
66.49,1.0,0.0,0.0,0.2,0.6,0.8,0.2
66.50,0.8,0.0,0.0,0.6,0.2,0.2,0.0
66.54,0.0,0.0,0.0,0.2,0.2,0.2,0.0
66.59,0.8,0.2,0.0,0.4,0.0,0.2,0.0
66.62,0.0,0.0,0.0,0.0,0.0,1.0,0.0
66.65,0.8,0.6,0.0,0.0,0.0,0.2,0.0
66.67,0.2,0.2,0.4,0.0,0.0,0.0,0.2
66.84,0.4,0.2,0.6,1.0,0.6,0.2,1.0
66.90,1.0,0.2,0.0,0.0,0.0,0.4,0.4
68.9,0.0,0.0,0.0,0.6,0.0,0.4,1.0
069.13,0.8,0.2,0.0,0.4,0.2,0.6,0.2
069.9,0.0,0.0,0.0,0.0,0.0,0.6,0.0
70.10,0.0,0.0,0.0,0.6,0.0,0.2,0.0
70.12,0.0,0.0,0.0,0.8,0.2,0.2,0.4
70.13,0.0,0.0,0.0,0.4,0.4,1.0,0.4
70.8,0.0,0.0,0.0,1.0,0.2,0.2,0.0
71.30,0.0,0.0,0.0,0.0,0.0,0.4,0.0
71.33,0.0,0.0,0.0,0.0,0.2,0.4,0.0
71.34,0.0,0.0,0.0,0.2,0.8,0.4,0.8
71.35,0.0,0.0,0.0,0.0,0.0,0.2,0.4
71.38,0.2,0.0,0.0,0.6,0.2,0.6,0.2
71.40,0.0,0.0,0.2,0.8,0.2,0.2,0.2
71.41,0.2,0.0,0.4,0.0,0.4,0.8,0.8
71.42,0.4,0.0,0.0,0.0,0.4,1.0,0.6
072.12,0.0,0.0,0.0,1.0,0.0,0.2,0.0
072.16,0.0,0.0,0.0,0.0,0.0,0.2,0.0
72.22,0.0,0.0,0.0,0.6,0.2,0.4,0.2
72.24,0.0,0.0,0.0,0.2,0.4,0.6,1.0
72.25,0.0,0.0,0.0,1.0,0.8,0.8,0.0
72.29,0.2,0.0,0.0,0.2,0.0,0.6,0.6
72.34,0.2,0.0,0.0,0.6,0.4,0.8,0.6
72.38,0.0,0.0,0.0,1.0,0.0,1.0,1.0
72.39,0.0,0.0,0.0,0.2,0.2,0.0,0.2
72.41,0.2,0.0,0.0,0.0,0.2,1.0,0.6
72.43,1.0,0.0,0.0,0.6,0.2,0.8,0.4
72.45,0.0,0.0,0.2,0.4,0.6,0.6,0.4
72.47,0.6,0.0,0.0,0.2,0.0,0.6,0.2
073.12,0.2,0.0,0.6,0.2,0.0,1.0,0.4
073.18,0.4,0.0,0.0,0.0,0.0,0.8,0.4
73.30,0.0,0.0,0.0,0.6,0.2,0.6,0.0
73.35,0.4,0.0,0.0,0.2,0.4,1.0,0.2
73.36,0.0,0.0,0.6,0.6,0.0,0.4,0.2
73.40,0.0,0.0,0.2,0.0,0.4,0.0,0.0
73.45,0.0,0.0,0.2,1.0,0.8,0.2,0.4
73.46,0.0,0.0,0.0,1.0,0.2,0.2,0.2
73.47,0.0,0.0,0.0,0.8,1.0,0.6,0.0
73.50,0.0,0.0,0.0,0.2,0.2,0.0,0.4
73.52,0.6,0.0,0.4,1.0,0.0,0.2,0.4
73.53,0.0,0.0,0.2,1.0,1.0,0.2,0.4
73.54,0.0,0.0,0.0,1.0,0.6,0.6,0.8
73.56,0.0,0.0,0.0,0.8,0.0,0.4,0.4
73.60,0.2,0.0,0.0,0.0,0.0,0.2,0.6
73.61,0.2,0.0,0.8,0.0,0.0,0.6,1.0
73.63,0.0,0.0,0.0,0.8,0.8,1.0,0.4
73.64,0.0,0.0,0.2,0.6,0.4,0.8,0.6
73.65,0.4,0.0,0.0,0.4,1.0,0.2,0.2
73.69,0.2,0.2,0.6,0.2,0.0,1.0,0.6
73.72,0.0,0.0,0.0,0.6,0.0,1.0,0.2
76.102,0.0,0.0,0.0,0.4,0.2,1.0,0.6
76.105,0.0,0.0,0.2,1.0,0.8,0.2,0.2
76.109,0.0,0.0,0.0,1.0,0.4,0.4,0.2
76.113,0.0,0.0,0.0,0.8,1.0,0.6,0.6
76.114,0.0,0.0,0.0,0.0,0.2,0.2,0.0
76.118,0.2,0.0,0.0,0.6,0.4,0.6,0.0
76.119,0.0,0.0,0.0,0.6,0.4,0.2,0.4
76.120,0.0,0.0,0.0,0.6,0.8,1.0,0.4
76.124,0.0,0.0,0.0,0.4,0.6,0.2,1.0
76.125,0.2,0.0,0.0,1.0,1.0,1.0,0.2
76.126,0.0,0.0,0.0,1.0,0.2,0.2,1.0
076.35,0.2,0.0,0.4,0.2,0.0,0.2,0.4
076.36,0.0,0.0,0.4,0.0,0.0,0.2,0.6
076.48,0.0,0.0,0.0,0.2,0.0,0.6,0.2
76.50,0.0,0.0,0.0,0.8,0.2,0.6,0.4
76.65,0.2,0.0,0.0,1.0,0.2,0.0,0.2
76.68,0.6,0.2,0.2,0.0,1.0,1.0,0.2
76.74,0.2,0.0,0.2,0.8,0.6,1.0,0.4
76.80,0.0,0.0,0.2,0.6,0.0,0.4,1.0
76.81,0.0,0.0,0.0,0.4,0.0,0.6,0.2
76.84,0.6,0.0,0.2,1.0,0.4,0.0,0.8
76.85,0.0,0.0,0.4,0.6,0.2,1.0,0.2
76.86,0.0,0.0,0.2,0.0,0.6,0.2,0.0
76.94,0.0,0.0,0.0,0.2,0.6,1.0,0.6
76.96,0.0,0.0,0.0,1.0,0.4,0.4,0.4
76.98,0.4,0.0,0.0,0.8,0.6,1.0,0.8
76.99,0.0,0.0,0.0,0.4,0.6,1.0,0.2
77.18,0.2,0.2,0.0,0.8,0.2,0.4,0.4
77.23,0.2,0.0,0.0,1.0,0.0,0.2,0.2
77.25,0.0,0.0,0.0,0.4,0.4,0.6,1.0
77.27,0.0,0.0,0.0,0.4,0.2,0.6,0.0
77.28,0.2,0.0,0.0,0.6,0.0,0.0,0.8
77.30,0.0,0.0,0.0,1.0,0.2,0.8,0.0
77.33,0.0,0.0,0.0,1.0,0.4,0.0,0.0
77.35,0.0,0.0,0.0,1.0,0.6,0.4,0.0
077.38,0.0,0.0,0.0,0.0,0.2,0.4,0.0
077.9,0.0,0.0,0.0,0.2,0.2,1.0,0.2
78.40,0.0,0.0,0.4,0.0,0.2,1.0,0.4
080.3,0.0,0.0,0.2,0.2,0.4,0.4,0.2
81.11,0.0,0.0,0.8,0.0,0.0,0.0,0.2
81.14,0.4,0.0,0.0,0.2,0.0,1.0,0.4
81.9,0.0,0.4,1.0,0.0,0.2,0.2,0.8
82.19,0.0,0.0,0.0,0.2,0.2,1.0,1.0
82.20,0.0,0.0,0.4,0.4,0.0,0.4,0.6
84.12,0.0,0.0,0.0,1.0,0.0,0.4,0.2
84.15,0.0,0.0,0.0,1.0,0.2,0.6,0.8
84.16,0.0,0.0,0.2,1.0,0.0,1.0,0.0
84.18,0.0,0.0,0.0,0.8,0.6,1.0,0.2
84.9,0.0,0.0,0.0,0.2,0.6,0.6,0.0
85.20,0.2,0.0,0.2,0.4,0.0,0.6,0.4
85.22,0.2,0.0,0.2,0.0,0.8,0.8,0.6
85.23,1.0,0.0,0.4,0.2,0.0,0.6,0.0
85.25,0.0,0.0,0.0,1.0,0.0,1.0,0.0
85.28,0.0,0.0,0.0,0.2,0.0,0.6,0.0
85.29,0.0,0.0,0.4,0.4,0.2,1.0,0.0
85.32,0.0,0.0,0.0,1.0,0.0,0.6,0.0
90.12,0.0,0.2,0.0,0.0,0.2,0.4,0.0
090.8,0.2,0.0,0.0,0.6,0.0,0.0,0.0
091.19,0.0,0.0,0.0,0.0,0.0,0.4,0.0
093.13,1.0,0.0,0.2,0.0,0.0,0.2,0.0
93.23,0.2,0.0,0.0,0.0,0.0,0.0,0.0
93.26,0.2,0.0,0.0,0.0,0.8,0.0,0.4
93.27,0.2,0.0,0.0,0.0,0.0,1.0,0.0
93.36,0.0,0.0,0.2,0.4,0.2,0.2,0.8
93.37,0.0,0.0,0.0,0.0,0.2,1.0,0.0
93.39,0.0,0.0,0.8,0.4,0.2,0.2,1.0
93.44,0.4,0.2,0.0,0.2,0.4,0.0,0.0
93.46,0.2,0.6,0.0,0.4,0.0,0.8,0.2
93.47,0.4,1.0,0.0,0.0,0.4,0.2,0.0
93.51,0.4,0.4,0.0,0.0,0.2,0.4,0.0
93.52,0.4,0.0,0.0,0.4,0.2,1.0,0.0
93.55,0.4,0.0,0.0,0.2,0.0,0.0,0.0
93.57,0.4,0.0,0.4,0.0,0.2,1.0,0.4
93.61,0.6,0.2,0.0,0.2,0.2,1.0,0.4
93.63,0.0,0.0,0.0,0.2,0.2,0.8,0.6
93.64,0.4,0.0,0.0,0.0,0.2,0.0,0.2
93.66,0.0,0.0,0.0,0.8,0.6,0.6,0.4
93.69,0.0,0.0,0.2,0.2,0.2,0.6,0.4
94.4,0.6,0.0,0.0,0.0,0.0,0.2,0.2
95.10,0.2,0.0,0.0,0.4,0.6,1.0,0.2
95.13,0.0,0.0,0.2,0.8,0.4,0.6,0.0
95.15,0.0,0.0,0.2,0.4,0.6,0.6,0.4
95.19,0.6,0.4,0.0,0.6,0.6,0.8,0.0
95.20,0.2,0.0,0.2,0.0,0.6,0.6,0.2
95.7,0.0,0.0,0.0,0.0,0.0,0.6,0.2
96.9,0.0,0.2,0.0,0.2,0.2,0.6,0.4
97.10,0.0,0.0,0.0,0.4,0.2,1.0,0.2
97.13,0.0,0.0,0.0,1.0,0.0,1.0,0.2
97.19,0.2,0.0,0.0,1.0,0.2,0.4,0.8
97.7,0.0,0.0,0.0,0.4,0.2,0.0,0.0
99.11,0.0,0.2,0.0,1.0,0.0,0.2,0.6
99.12,0.0,0.0,0.6,0.8,0.2,0.0,0.2
099.9,0.0,0.0,0.0,0.0,0.0,0.0,0.0
100.08,0.0,0.0,0.2,0.4,0.4,1.0,0.0
100.10,0.0,0.0,0.0,1.0,0.2,0.4,0.4
100.9,0.0,0.0,0.0,0.8,0.8,0.8,0.6
104.5,0.0,0.0,0.0,0.4,0.0,0.6,0.2
105.10,0.0,0.0,0.2,0.6,0.2,0.2,0.0
105.12,0.0,0.0,0.4,0.0,1.0,0.6,0.6
105.15,0.0,0.0,0.2,0.0,0.2,0.4,1.0
105.17,0.0,0.0,0.2,0.2,0.4,0.8,0.2
105.8,0.0,0.0,0.0,0.0,0.0,0.8,0.2
106.17,0.4,0.0,0.0,0.0,0.0,0.4,0.2
106.18,0.2,0.0,0.0,1.0,0.8,0.6,0.0
107.6,0.0,0.0,0.0,0.2,0.0,0.6,0.0
108.7,0.0,0.0,0.0,0.0,0.0,0.0,0.0
112.11,0.0,0.0,0.0,1.0,0.8,0.8,0.4
112.7,0.2,0.0,0.0,0.6,0.4,1.0,0.4
112.8,0.0,0.0,0.0,0.4,0.6,0.0,0.0
113.14,0.4,0.0,0.0,0.0,0.2,0.8,0.2
117.5,0.0,0.0,0.2,0.4,0.2,0.6,0.4
121.12,0.0,0.0,0.0,0.0,0.8,0.6,0.2
121.30,0.2,0.0,0.0,0.2,0.2,1.0,0.0
121.32,0.0,0.0,0.0,1.0,0.8,0.8,0.2
121.38,0.0,0.0,0.8,0.0,0.2,1.0,0.8
121.42,0.0,0.0,0.0,1.0,0.2,0.6,0.0
121.47,0.0,0.0,0.0,0.4,0.2,0.6,0.4
121.5,0.0,0.0,0.2,0.2,0.0,0.4,0.0
121.52,0.0,0.0,0.0,0.6,0.2,0.4,0.0
121.55,0.4,0.0,0.2,0.6,0.6,0.8,0.0
121.57,0.0,0.0,0.0,0.8,0.2,0.6,0.2
121.61,0.2,0.0,0.2,0.8,0.2,0.4,1.0
121.65,0.0,0.0,0.8,0.2,0.0,1.0,0.2
121.67,0.0,0.0,0.0,0.8,0.4,0.8,0.4
121.71,0.0,0.0,0.0,0.2,0.2,0.2,0.0
121.73,0.2,0.0,0.0,1.0,0.0,1.0,0.8
121.74,0.0,0.0,0.0,1.0,0.4,1.0,0.8
121.77,0.4,0.0,0.0,0.8,0.4,1.0,1.0
121.80,0.2,0.2,0.0,0.2,0.4,1.0,0.2
121.89,0.0,0.0,0.0,0.0,0.0,1.0,0.4
122.12,0.8,0.4,0.0,0.0,0.0,0.8,0.0
122.20,1.0,0.0,0.0,0.0,0.0,1.0,0.0
123.03,0.0,0.0,0.0,0.6,0.0,0.6,0.4
123.04,0.0,0.0,0.0,0.0,0.4,0.6,0.0
123.10,0.0,0.0,0.0,0.4,0.0,1.0,0.2
123.13,0.0,0.0,0.0,0.8,0.0,1.0,0.0
123.18,0.0,0.0,0.0,1.0,1.0,1.0,0.8
123.5,0.8,0.0,0.0,0.2,0.4,0.6,0.0
123.6,0.2,0.0,0.2,0.2,0.2,1.0,0.6
123.8,0.0,0.0,0.0,0.4,0.8,0.4,0.2
123.9,0.0,0.0,0.0,0.0,0.0,0.4,0.2
125.15,0.0,0.0,0.0,0.2,0.0,1.0,0.0
125.23,0.0,0.0,0.0,0.0,0.0,0.8,0.4
125.25,0.2,0.0,0.0,0.8,0.2,1.0,0.2
125.27,0.0,0.0,0.0,0.6,0.6,0.2,0.0
125.29,0.0,0.0,0.0,0.2,0.6,1.0,0.6
125.38,0.4,0.0,0.4,0.8,0.0,0.4,0.6
125.44,0.0,0.0,0.0,0.4,1.0,0.4,0.4
125.47,0.4,0.0,0.0,0.0,0.0,0.6,0.0
125.48,0.2,0.0,0.0,0.4,0.0,1.0,0.2
125.51,0.0,0.0,0.0,0.4,0.6,1.0,0.4
125.56,0.0,0.0,0.0,1.0,0.4,1.0,0.0
125.59,0.4,0.2,0.2,0.2,0.2,1.0,0.8
125.60,0.0,0.0,0.0,0.2,0.6,1.0,0.4
125.65,0.0,0.0,0.0,1.0,0.6,0.2,0.2
125.67,0.0,0.0,0.0,1.0,0.6,1.0,0.6
125.7,0.2,0.0,0.0,0.2,0.6,0.4,0.0
125.70,0.2,0.0,0.2,0.4,0.0,0.8,0.4
125.73,0.0,0.0,0.0,0.8,0.0,0.8,0.0
125.8,0.0,0.0,0.0,0.2,0.8,0.6,0.2
127.1,0.2,0.4,0.0,0.0,0.4,1.0,0.0
127.12,1.0,0.6,0.0,0.2,0.0,0.4,0.0
127.13,0.2,0.0,0.0,0.0,0.0,0.2,0.0
127.14,0.0,0.0,0.0,0.0,0.4,0.6,0.0
127.16,1.0,1.0,0.0,0.0,0.2,0.4,0.0
127.23,0.2,0.0,0.0,0.2,0.0,0.4,0.2
127.24,0.4,0.2,0.0,0.0,0.2,1.0,0.4
127.26,0.4,0.4,0.0,0.4,0.4,0.6,0.2
127.27,0.4,0.4,0.0,0.4,0.4,0.6,0.2
127.3,0.8,0.0,0.0,0.2,0.2,0.6,0.4
127.31,0.0,0.0,0.0,0.6,0.0,0.6,0.0
127.32,1.0,0.6,0.0,0.0,0.4,0.4,0.6
127.34,1.0,0.0,0.0,0.6,0.4,0.2,0.2
127.38,0.8,0.8,0.2,0.0,0.0,1.0,0.0
127.39,0.2,0.0,0.0,0.0,0.2,0.4,0.2
127.43,0.4,0.4,0.0,0.0,0.0,0.2,0.0
127.7,0.8,0.0,0.2,0.0,0.0,0.0,0.2
127.9,1.0,0.6,0.0,0.0,0.6,0.2,0.0
128.2,0.2,0.0,0.2,0.4,0.6,0.4,0.6
128.3,0.0,0.0,0.0,0.6,0.0,1.0,0.2
128.5,0.0,0.0,0.0,0.4,0.0,0.2,0.2
129.1,0.6,0.0,0.0,0.0,0.0,0.0,0.0
129.3,0.2,0.2,0.0,0.0,0.2,0.6,0.2
129.4,1.0,0.8,0.0,0.6,0.2,0.8,0.0
129.6,0.6,0.2,0.0,0.0,0.2,1.0,0.0
39.52,0.2,0.0,0.0,0.2,0.4,0.8,0.0
53.121,1.0,0.0,0.0,0.6,0.2,0.4,0.2
53.132,0.6,0.4,0.0,0.2,0.0,0.0,0.4
53.136,0.6,0.2,0.0,0.0,0.2,0.2,0.2
70.6,0.8,0.0,0.0,0.8,0.0,0.0,0.4
G1.10,0.0,0.0,0.0,0.6,1.0,1.0,0.8
G1.11,0.0,0.0,0.0,1.0,0.2,1.0,0.4
G1.12,0.0,0.0,0.0,1.0,0.8,0.6,0.4
G1.14,0.0,0.0,0.0,0.4,0.8,1.0,0.6
G1.6,0.0,0.0,0.0,0.2,0.8,1.0,0.2
G1.8,0.0,0.0,0.0,1.0,0.0,1.0,0.6
G1.9,0.4,0.0,0.0,0.2,0.8,1.0,0.4
G10.3,0.0,0.0,0.0,0.4,0.8,1.0,0.2
G14.1,0.0,0.0,0.0,0.6,0.4,1.0,0.2
G2.2,0.0,0.0,0.0,0.0,0.0,0.8,0.2
G3.2,0.0,0.0,0.0,0.8,0.2,1.0,1.0
G3.3,0.0,0.0,0.2,0.2,0.4,1.0,0.2
G3.6,0.2,0.0,0.0,0.0,0.0,1.0,0.4
G3.8,0.0,0.0,0.0,0.4,0.0,0.2,0.6
G4.10,0.0,0.0,0.0,0.0,0.6,1.0,1.0
G4.2,0.2,0.0,0.0,0.0,0.0,1.0,1.0
G4.7,0.0,0.0,0.2,0.2,0.2,1.0,1.0
G5.10,0.0,0.0,0.0,0.2,1.0,1.0,0.6
G5.2,0.0,0.0,0.0,0.4,0.4,1.0,0.6
G5.5,0.2,0.0,0.0,0.4,0.4,1.0,0.6
G5.7,0.2,0.0,0.0,0.4,0.6,1.0,0.2
G6.2,0.0,0.0,0.0,0.2,0.0,1.0,0.4
G6.3,0.0,0.0,0.0,0.0,0.4,1.0,0.6
G7.10,0.0,0.0,0.0,0.2,0.8,1.0,0.4
G7.2,0.0,0.0,0.0,1.0,0.2,1.0,0.0
G7.4,0.0,0.0,0.0,0.4,0.8,1.0,0.4
G7.7,0.2,0.0,0.0,0.4,0.6,1.0,0.2
G7.9,0.8,0.0,0.0,0.4,0.4,1.0,0.2
G8.2,0.0,0.0,0.2,0.0,0.6,1.0,0.4
G8.3,0.0,0.0,0.0,1.0,0.0,0.6,0.2
G8.5,0.0,0.0,0.0,0.2,0.0,0.8,0.4
G8.6,0.0,0.0,0.0,0.6,0.8,1.0,0.6
G9.1,0.0,0.0,0.0,0.4,0.6,0.8,0.0
