smws_code,file_name,sha256
1.139,001.139.pdf,78e5ed487d5cc76c81883a4a0022c4152c3658903169ec066761b329427d77dd
1.145,001.145 (1).pdf,1e289e002c571f1dd5fa380cb2567d1a24d207950fea4dc7611ca27255b27f10
1.147,001.147.pdf,0e42f758166114732be9be80eea91e4a647f1bfbd42492fe91644db617740e4f
1.150,001.150.pdf,a388589440ab94f7b28bbd538c406f1e2b1ae6e99a6ed47c48540110d5527b38
1.155,001.155.pdf,ecf19905502a64450931ee4e3b9fe0faed13f7560779da85138ad183981a372d
1.159,001.159.pdf,b7686a99bdb73c4491d1b14d5878b8e71fe27283f4811758bcd08f0a0faa8e84
1.161,001.161.pdf,05577c379505770ff3f7cfa3bd398215bb19c421e64dc495d4769a5e2a817fad
1.164,001.164.pdf,c95b278aafa1558c8042b7845fcc9d648e216a89a286672b0abc46632b49e783
1.168,001.168.pdf,5ab04849c9b56c4650b93703946a6ac99cfde42ae5cc3923229e35ad5a19f362
1.170,001.170.pdf,e796e1e2e68eb518c38565f33ac1079810ade82d701d72d990494401481b0999
1.173,001.173.pdf,fed8dce0864900fc269f1fcac6e031575999aaee21e0c17b6402b6ca9bc86c2b
1.176,001.176.pdf,50b04dccc2fc6cf62afaf23208623965f9977ec4854880cc1d9a050f6a7f5897
1.177,001.177.pdf,443d87aed749f183d05085b2699347ea328f08c725387db1d2c53a95c7b0f62d
1.179,001.179.pdf,0f20593f42fb755dd0208549c371b5afb2df1a1c0193640c88fae35245a5d9a7
1.180,001.180.pdf,a5f3ae913a20c69f374ceb01050848f5da9ae58c1d39394d12249223ed207427
001.185,001.185.pdf,84aba9c8ddeeedbbd77c625bdd1ba16a6ecf9676b45a924b2223e060cdc7d6f7
1.189,001.189.pdf,98f76d38209bf4799ea709c75da23e3862836741e811626f36a099bd4180d43e
1.191,001.191.pdf,747ca7d738abe1a183b9af6fd7d14ff045d3ee613cc91fa196e85d339bfbc85f
1.192,001.192.pdf,df28658d27ebce0ddb7aff23245546ee37b67988871ca40748df7f35dccfe611
1.200,001.200.pdf,92d0683bc05aa9828b9036a3c0f07e66f886426a4da2173c300294bee5598e10
1.84,001.84.pdf,29a1383c52336ac4e083b5fcffc5460fc61436aac4851989990640ebbcf49552
002.49,002.49.pdf,11a72e8bf941293960e68dceed60fafc7ad3650f8cb65d68a329b7cd2497368c
002.54,002.54.pdf,628cf52f2e1d19d4e126d74fcb0fcd9c9e43b66e0c1037bdc4919477316935fc
2.59,002.59.pdf,f80ca30a12c78b1932824fb3a6fad24077d6b9f4d4d092d6759bb51503f4942d
2.66,002.66.pdf,6b8204fde2e3cff87dfdf594a3986d42bf1e8dc901f1e810fd125651b9de7193
2.70,002.70.pdf,a61a69258b33b94009700098df19ee8718eb80e948c136cd0bdfe89df9c3e1a3
2.75,002.75.pdf,ea643129f81523a3afd6501a302da1d824df5d48dd959ef00eb9906d37b12df5
2.77,002.77.pdf,53e810d2b7c186e5128d9ef9de41d8bcecd495df213f5da5fefa43527689eba4
2.81,002.81.pdf,7997aa8ee05900e57792f38cfaa94a8b7d710714713430a5acfef303b20066d2
2.83,002.83.pdf,255afc532fe0188fb3737b4595727d83cdd9fe099a367ca866087bded3035af0
2.85,002.85.pdf,bbe0c4c3fa2851ffe437b1875c08d731b0c366ccbdd64a7876bc8ff2c6c30109
2.87,002.87.pdf,9e4edac3a077c62885539a5d4b8ccdd82471d38c7534445a186bc313846aa452
2.88,002.88.pdf,d95a2dba40b57a267b0a4a6dadd1dbbeba8e7e41197b819b70521b601d61df4b
2.90,002.90.pdf,6a74c6e528d2615de79d2709e898294e991d37de5c45a4446560ee973e6b06ea
2.91,002.91.pdf,edf12de494dd537c124324ec5a25901f08037a86e60466c0a3f396e9dd39d6b1
2.93,002.93.pdf,64039e6462f523bcef7a9578ac886d73a37f2ef8644bbd7cef34cea0f44f0c15
2.94,002.94.pdf,f2dc4b218829c21aeb3add83a610128e3d24eb302547023dbb724d37ac2c698c
2.95,002.95.pdf,abc82bba45df9c02802b2a2d9c77c1b5beb08e1ee735ec9ee7f1d29f9bb30f5b
3.106,003.106.pdf,a29e922260b51d12666cd628c3c6ab8c00d36863ac516592d3c0aa22b27095b3
003.113,003.113.pdf,abe388adaf9547fd00a132eb4892d73ee04e87ef7691a43615d598e31ff69fe0
3.117,003.117.pdf,5bf8db37f5cffbc4932926ab09f0debb8d9ab1d2698c20a26b473f2a5977540e
3.137,003.137.pdf,b8d0071aa4241476e016cd6eb72268c9bb9c069f7a963e0b0b03325f42b983c6
3.140,003.140.pdf,2704d73f3697b7042e2d740587d86c17b695c42b1bf43e0347e273e26642019a
3.153,003.153.pdf,1e42b7bd444452519b48273c7b5accc155adda71ce7608f3d1fc01653f897e30
3.154,003.154.pdf,2e7fffe5b1151a3ee32a609e7a97e9b7d9bd3163837c6c1760a1e651201b780d
3.161,003.161.pdf,ed2292961aed9f08797dcd090e21d0137820cce6c9e38ed814cd91b3467e23bd
3.169,003.169.pdf,eff2c6b0e9b8c17b244dd240e44fb8173f2f1b130ed57f8d2eeb9df73cd092e5
3.173,003.173.pdf,94b241781cc9fb0e0e08d73a234008b12b962b7b178812a22ed88f48f1882f91
3.178,003.178.pdf,b3611b4e568508f741fb4d2a2f03165d65ad9b6d43d0dd12b372a0581c3c0938
3.180,003.180.pdf,0a1ed2acce5358b328596663be9f306148b1c5941a1539121b65cece353574ef
3.181,003.181.pdf,ed55d3484fdcda7ba0a6e2b4197f76490db72f24e4c60ce2157e4aead681c2ff
3.182,003.182.pdf,666c76da486fb6b768dec5051d1aee1d6168dc2d887bab41d38e3ff00dedd68e
3.184,003.184.pdf,75db988d7abe0a678722b34a6edc5a19c3ec785303d708142fde15c09100cb17
3.186,003.186.pdf,99cdee2e014cb372f1b7f9ec529649d36f5911bb9fbe2e9cdcaa3234c91693b3
3.187,003.187.pdf,964c4dae95b993598de858b8d91b535b97d0f1658f71a543fc76b978fd0ea8e3
3.188,003.188.pdf,0b70958fc51b032d64f407ad65c44225afe357fc81dc4bf5b3a4385044410070
3.189,003.189.pdf,42b1b984974136c37494ce67468d13037f5d6a37f15955c3768a843e6fd84582
3.201,003.201.pdf,17926ecbf6ec705a88a1b5d999c8bf134d795c3675fe457c7afdd60278a34acc
3.205,003.205.pdf,68d2e6b45313f88bdc715521f9d901afcf7c31e4823a16d32b7787b2c0fd4f9d
3.206,003.206.pdf,1a97675bc0330e5fa4058834f9f0a78227757e13dd89b23ab77089756a8944e0
3.210,003.210.pdf,8594ba4a5b8a44de71dc5163f105ca99f60320b033dfe11564f227bea07bac2c
3.215,003.215.pdf,4b8a5d0d8a48bba03e57486fbbec755593acb43c9152a6c20443ecd39ff36cfb
3.217,003.217.pdf,75ab1d77b7c99d39194132e29c925cf26befcec52d14fb6027d62d7eb4eaf2e5
3.219,003.219.pdf,7bf0a17ae387422c25e01573bfd095da95674126b607d85f9c8791a40b8fc26e
3.221,003.221.pdf,19cc4892810d7c2233940108d1f99a3eee638ab2611d0783bc0acd8b18df31c4
3.226,003.226.pdf,1c918ac715456df7b7cdac7483765222d0292f76859d7e2008a5d6467f2c3e8e
3.227,003.227.pdf,398dec04b67f2142a13e1c9e366230184eaba1368d382e9139ad3c453c7315c9
3.229,003.229.pdf,7c6a8a29003494cbdb0252f6094a2ffbf2dea4faf0d72dd6bc0233132d46a159
3.234,003.234.pdf,50657caa7fdb91b484abdc52eefbcf4a2c5eb3278b439a331af985f4a180dfdf
3.235,003.235.pdf,e30d43adacd50ad75d9f285f82341fcf1cc514797457a0120f2c1cffe26c2097
3.238,003.238.pdf,d78b2f56e8313e5e347be17dd008de762db8791ad8cc520164b0c2f54b713571
3.241,003.241.pdf,f348e686edf2054ddd337dc1f03c80fb8860dcf699493db3fc707f5460486b49
3.254,003.254.pdf,e8e3c365180496ad36756a0878ecfaeca215bde7b57f28e6db44d3cd0e6764de
3.266,003.266.pdf,a90028b229ad62f16d7e3f512815adcf1355cfd1ebf9069247f44998904a4fda
3.270,003.270.pdf,f78f8edb1da8feba5f6a0e5038ab243714e96eecb0c5fc6f96bedf5942cb8e0c
3.274,003.274.pdf,c8c5885e2b8fa94c25f2ffa6bae7094a91f567599cd8211730295db5011fdea4
3.87,003.87.pdf,62ddb3152c5578011bfe572df2df74d460db86ea52ca02dbb91b8107c8cea924
3.97,003.97.pdf,8f1f913a8fba4ee8d958cc919df72cca5b76f86878405aadfdee80d357a38f60
3.98,003.98.pdf,72109d4a1f2f1a4722adaf14e5489dc0485509fa0a4dd890c2b26085214d0c04
4.103,004.103.pdf,07ddce77be93d07e8ab7c424ef424f3fa61f1d7813235b0ee5907ffd5718cc0c
4.107,004.107.pdf,6fb09c200f3b35b3aea4e6b05309c24b2fbf36f19dd884bd441642cb6c21ebd2
4.114,004.114.pdf,38c2bd457a2f4c87facf77e0098c6e83ab342df9540a981dbe2c113cd1ae5fc0
4.118,004.118.pdf,6741ea35d032492810bb94b27f08ad6f42e19961ef13f0937bdbee37182c1428
4.120,004.120.pdf,505eb2d34b0688b0b10efa1140f98183cb179d2fe6d10e74306b849404c55714
4.135,004.135.pdf,e3cd810dd4c535cdf75974ff33f6563126ae42d81ba28e1e8b3e024d03700f64
4.137,004.137.pdf,ad18519ce7be26bee3897725f85ffd3f343676893f529994f4cb41c3429d4b9f
4.138,004.138.pdf,8573139cb69fd635fb278454379bb0129ba90bf1cbf448fe38cd493ac5f89b45
4.145,004.145.pdf,3fe66703ff75520b876029b8cb662a1a4699c0cf07d720517d66b823712dc620
4.146,004.146.pdf,94246662bcb97009911ebea9f47b037a93b66e558df8eebce5136be7548371ad
4.148,004.148.pdf,683507d7bc740fd942bfb83a8070d692cf9e8afe0af0cfcd56e8f685df9fa97e
4.151,004.151.pdf,8829fac17a68177fb6bc8a6774610f012d02b09460a17fd076c3dfcb971b7c67
4.153,004.153.pdf,5dee4f4f7d371fb4c6c3af88c81da576de02ea4d7e2818863d7583bb39daf1f8
4.156,004.156.pdf,e10535db66bce89a42289b69f47195700bd5c84b984e8bbea032b0088d27bcc2
4.160,004.160.pdf,ab1608e72bd97d74039c0925660e9018b41a2ed85c67b06778f63e54b5b087e9
4.162,004.162.pdf,717bc9009de93018a6913c00a3a661a9d569c89d78624b4461c2f885f5ef541d
4.163,004.163.pdf,eba34b5e2270cca515eb34422be64ad10fe32769a9ebd50b5eb031336701ea27
4.164,004.164.pdf,4da725a7e2d8ecef10e98ecedd1e28540b5866137d9f4593ecb730d06dcde0cf
4.169,004.169.pdf,89c14325b60b53e42dab354c84c5eaaf2f15feccc334fc06f24996231154b7ed
4.171,004.171.pdf,6d25444c764c743c332cc9f2e2c60bbbd54f01440da4056cb0322c5d7bc759ad
4.172,004.172.pdf,f5b51d2c2110332acbd05801e695a018fc853619c247b9ce0a1a2c45d0119f00
4.175,004.175.pdf,3f9fa051cf30f1a59c1a6d3441d179b94b7465d233097d9791f2c504080a4a22
4.178,004.178.pdf,2067eeb2b45aa34852d8c51ecbec2e0e1efbd0a9ef53a54e9bce6950830c66c9
4.183,004.183.pdf,88b5d9f7c1c57b5449d6e359ac5d1982316a2d9eee899857d4dac1332c034762
4.188,004.188.pdf,ebae042a4ee3bdfd908e98ea5fa20e34f5af8dec43a2f0cf4b91d5ea5eb2b1bc
4.190,004.190.pdf,c1e5c094e1035ffb045cc8229257bf48a978941102abc14830f9c988a5ebd38c
4.191,004.191.pdf,d517ad9949e38aa27ecf4f71c2d812528f3330e8febd0149adeb121c1bbaf982
4.197,004.197.pdf,39a7b1c84b0363bd598b89e3561f74bf0ca08c1e92d9ec44b4a13f0b6b60f974
4.203,004.203.pdf,74b98611b79890a92f741017e2ce12ad739efe5831394352ef3355eb266243c3
4.207,004.207.pdf,49c1df040eea67e6ffbf5abe1cd977787c5bf30334496f4b101cec7361535639
4.211,004.211.pdf,c5f0400cc23f63c8374851808764f23311fb1d883c318f7bebdfe8fdcaf27647
4.216,004.216.pdf,1fec900eac533fe55cf67e67b2703ce3092098b46ccbb6781ad56c6d388110a7
4.217,004.217.pdf,98b0a6d6f2ad1af9b957523ffd4b16380203f7a0edd8fc1be8c66231865e2164
4.218,004.218.pdf,005a198ddc7f1d96cac0d97422d1a7a15584656109fbd98eba4ebbc8345bec03
4.96,004.96.pdf,0a5b89fe0ae02977d08f562a59e69536f9d28606f6d453105f527a917f83a04f
005.12,005.12.pdf,33fd52ef0fd7721527a5b8466d062d6c2d4e5926acd741f8269d1e722cafee38
005.16,005.16.pdf,a698f685a204edcb4ce3c86fc3c4abfd7404245466b0ffb2e53398c39ed61195
5.28,005.28.pdf,ba587de68addb763a926f0e86d260975882b677ca29e46ce108f85a0cf80ba07
5.33,005.33.pdf,f82b1593c827b0afeb2bdde36509f40102e6a905f65ec11b418532e2efe122c6
5.35,005.35.pdf,edac317ae658b74d9c791f2720eaa67e9125cbb8f8dd095e45fb29a15624694a
5.36,005.36.pdf,04f3480982b72193da62a7ffdb72eb2218e53ba408a0650c1e629276d82a7450
5.38,005.38.pdf,b77b0265c0a964c62bd4c95de293bfa263d0f7d7e69a8a7d60b6305d9b76d23f
5.40,005.40.pdf,d2fbacd336e5882455aff6e336c2358e92bb01f6caf7b2bb421fe92557e6cb3f
5.47,005.47.pdf,274a99f9d47d31dd0d27a8e63acec729105ff76426a5a82d6577b5230ffe8712
5.48,005.48.pdf,5e22cb928a13b713a91746f416b37a371b4dacb5b8ff948e9e2d6b217b5a83b8
5.49,005.49.pdf,5f0b95c1d14829f2999709cd736f6d02c13b9c9a62b390b4137e761ac72b365f
005.7,005.7.pdf,d055cad1f9f008ce9c2a004c7f39af2808967e526aee6df87f87219e9864baf1
6.23,006.23.pdf,4e2158381deffcb1593a21580bbc817a7921ea7f9d4af2da44b1207fd2412d7b
7.100,007.100.pdf,116333a2d842ced3254efd0045ea19bcbca6aad987ea892b6788f5b4773c8f55
7.101,007.101.pdf,1b477d435e524400b817b0afaddb035ec9fb590093fe112ffb85dd6a299ac2e5
7.103,007.103.pdf,376b1da28b2d2c06420ef9f62ade2693b319eae2beccdb9cf81c62f7947a7538
007.105,007.105.pdf,fc540c3593aeb1d62883f1057d281a4cce96711370f7089cd44cf731a71c1625
7.109,007.109.pdf,80126d9205993622de20af6c991ee841de3dd07881443de00ba289603ff6d997
7.111,007.111.pdf,7b49152977f58fda2f90548af7e0d8241d15cbf51cfcc2ef43627b7ba8355beb
007.116,007.116.pdf,17d878707fb7b8974df722a902a57f52eba081717422e789590360eb5b6e4458
007.133,007.133.pdf,61fd3076460887c6007b922d8223a6f3184fe2c9ed5c94502e3829c1b2d701e0
7.29,007.29.pdf,f23c9777e53f0efaa937cfb8aed1e4f12aa2984290af62fc7f17ae9c988c05c3
7.39,007.39.pdf,7a746e228b14d888f63ff2e54f30a52674bce4026863c6734b8299b9dbdcf535
007.40,007.40.pdf,32e1cb414ea87f9516e7ac60611af65b4ab19af6c5d7a04f4f6083b99096f29e
7.47,007.47.pdf,8130933331d1125141192d88513054c74ed3358e2ca2bc605c2aa687d8ba61d9
7.53,007.53.pdf,c5ac48e39152b7a6b6deffa2d850bfc8370e0bb1d8b4ce2d998b071d341b4a4e
7.77,007.77.pdf,5364faeb23a4dc0c70dc9cf7113b46793676ebc84dbaa41cc9ab3d27f54a0839
7.80,007.80.pdf,0be7ebd585e2233d025cd1313dc945ee13c22fa1f33d3c3dfaa14c40ff1e9957
7.85,007.85.pdf,ca361894f6cb07b1a7b9361ec7c3b67b43a815a5a2d79a2d942f5d87133fdb8f
7.89,007.89.pdf,0e8995090237beef57ecefcd4b99b3e81e302110e5baa30b6ae0139f6dff191a
7.93,007.93.pdf,9b0a01313e51ae0d5dfe972da10ada0068f90086a4cc0cb568585854a324eab7
7.94,007.94.pdf,12377f33588671acdc8e097c99f8c2485d8f8608194c183ae39d441a1a5abaea
7.97,007.97.pdf,3f7b0cc30b94ba1b163604dcd5d7847983f9c1f53ce126cdfa3fa78dd45ee768
7.98,007.98.pdf,999f0e51544f2422d51c61bdfacdb4643596367ec606bdfce418f1bb780d25d0
008.35,008.35.pdf,67fee2477d7890fbe01ef758be5da844ad0444654fe1c358c84bba8fc08aa0dd
8.42,008.42.pdf,abc28661d692a08de0fe1e2a1ba499a34ad86df403db7cd6f0a52565a242df9f
009.35,009.35.pdf,25dbd9115c6c142923ea3b35529fec48fc929ebc496f7239efaf2024ce39b357
9.47,009.47.pdf,6a4126a44d063b9acb78b43796e2771627bdbae29b0ef9730d10e86c761293b9
9.57,009.57.pdf,82c63e28673b6b6f8a15fec71d0135f78c6d0107172ac7f7dd10c62810bbdda0
9.59,009.59.pdf,160b6205929720107d214a6be59b82e3449be9908e8ee202ae071daa9566c118
9.60,009.60.pdf,3f293b6f57a47cc7dea2436be68e2fbe4f69c49a32a885d9b20bc52f7d253b3d
9.62,009.62.pdf,abfd5da8a17966ec90484ba612a4d1a9c7af54a644c076445580d45af5e7e895
9.66,009.66.pdf,2aef1488a6ec7ab0791f56bd477bde1271065ca13e1c6aad3cb4e551b1a34ca0
9.69,009.69.pdf,7bc17d6dd8e8d1c6cb70c5a0cf7106d572674812865ff42b118ebad9b7790df8
9.74,009.74.pdf,5ded242c8816eadddc3785e7e0c8d92bd85cc0462421d9b6b076c373ce19570a
9.76,009.76.pdf,a0b7eeb46d1fc6c988dacfdf35312a3dbf4a5da535d8304c962bc2efb92538e5
9.78,009.78.pdf,7f7fcc560ca3ff84bb7b9070ac608fc9c2d09a00eb7bc51cff9c7a5f4f154784
9.79,009.79.pdf,feb7d85a29c3a2cf85d3c07cf664647423312e6fc6005ec16eb81d10be6c982a
9.84,009.84.pdf,72b9e1717d4393a97b1e04b8cf2f456212dba1f79f48b20aa425ddbe4bc3478c
10.75,010.75.pdf,2caf5e6b2a9fef5abe987ebc588abfcb417de48bd3882e5bebc44681fb9cd1f6
10.76,010.76.pdf,e79020e42c6f931bf5f722535ff3d7f9c13bc3f8ad001040e829074d28371cba
10.77,010.77.pdf,7b54e765aac9fe38139ab1b5c076fd226e7063e95420f608afbc19747c67c507
10.81,010.81.pdf,0b5af03e778d7851be7a0c5a0e66c43d64f78fb52be254cc1997da66e18e3cc6
10.85,010.85.pdf,f6621b2dcfbd015117dc704bc174c27239028c92537f9fdeb94fcd16a78afc86
10.87,010.87.pdf,26c50babbd5aec5704ef93c398530cbdeff11767d95956ed26bd7793edbe983a
10.88,010.88.pdf,342b4c2df9637fdb9fca68d99ba77a40ffd89265381986d1ed6c33fbd84a0611
10.92,010.92.pdf,255b649fb887c1da13726b6ac3ca35c5642d4245fad76a2908a8ef43b2d828ba
10.99,010.99.pdf,1559a76920317c409645f7d18992deffc11399333f0b1b1967176e6ab18aa713
100.12,0100.12.pdf,cfa426b4b5e231b4835302f097961afb265a948133601a815770aafef77526fb
011.24,011.24.pdf,185e8c0c20e75e582a06b52a08de6b38c2ee32d890cbc25085be9b2dc2834dda
011.27,011.27.pdf,3a4cf93ed0360bc42fcd5b7f2a5934446f19ade6e892b65a5327bfbd1c38b4a7
013.37,013.37.pdf,8a1a8fe845c2e156e279ccdf1c59e5906cf6a0141f9b5fcb3bff07bb5f20ee73
13.44,013.44.pdf,d27268bf527b0def516ac68a63dc71524648dda461d7e8c502d02b32a3590d73
13.47,013.47.pdf,631ddd81ae7344b004227cd12fc012beb20f483744d719b323a2a75056c36550
16.30,016.30.pdf,d471cd4615c9c04b321f595a17eb38e802c664d00f99cbfec7f8368664c8c9f5
16.32,016.32.pdf,acc09ffd53a3b8f3d45c87596803ee6d166836157ca94ca6a178e0cafd78d977
17.32,017.32.pdf,8272add805f7e19188313007ddfc0ad59ed9f2630011078d452d74eb46cb35eb
17.35,017.35.pdf,92a1c2c341402e542667a348955922099862d565473b665a0ca1a95e0d20e955
018.23,018.23.pdf,dd5526a74cb6b9a75ccbdacaccdfdc1da12d8700c732054ecdd283594e7be57f
021.22,021.22.pdf,43fa2691b8246df2ba82681c5e681f190f1399a2dbec2b5cf0836dc638f503c3
21.25,021.25.pdf,528ed7ceed3bcb07f872d58db1827d9dbec236f6abc5fa0734974eaa8b606c98
021.26,021.26.pdf,b1c85995f3f949dd44ea0a3da4da33b9fa1d0bc28db4acbab2719eb30a26f58a
022.10,022.10.pdf,2527a0c35a26764169cbd58ca1023641e0492a7eecab8e63ad58ee5f027c4de1
22.23,022.23.pdf,a4dba569bc248fbe6d9f51c2ed11bc0a07c96b9b4171d4ee763f9a1f8c24f6a4
22.25,022.25.pdf,ec9e10d6586867c405df921f37e4827572cdd80b5165d9eaf5666b83746262e8
22.28,022.28.pdf,f6fc8cdb3a785a65c77864aee57c3cad7f6a2f531d440841f3e3e389af041aff
22.29,022.29.pdf,87adae1889c23aaf03f1cc9b19c4c2042e2afc9d98c54aee9fd0d314b1728456
23.39,023.39.pdf,51365d1141a897afc50ae9eadd5c82bd92cdeb1ad9dd2e452f70a492df44eec3
23.51,023.51.pdf,082ac859b8e7b43d0c59474797c240761369ed47a2a4466bda3b80242296289d
23.62,023.62.pdf,16b2b86f8142704952117b5eb5ea861d7f27d89059234df82aade4eca6183262
23.67,023.67.pdf,981136ddc77dda7a27d551cffe22708cac9d93e477540ce29b8c0d3328e977a4
23.70,023.70.pdf,888efb8fea1904c2f18e67da01389cee9347e43d2150e3ead4d5055f789c657e
23.71,023.71.pdf,866b759c9956e7aa08966405d106bc19116600a4d3117929597d8f0ac3481f27
23.72,023.72.pdf,547ee8cc3d63d5827628f79d6d82f5fdaa94259e6e772adf00c4e1079aa3524a
23.73,023.73.pdf,3903c619e89347ccc495e867efb5b7a56438e427fc873a37cfaf943834b6602f
24.96,024.96.pdf,781b118ffc9d417d97b1f37d1e81c4e1af992bc24a92ab7337f032eb568554fd
24.98,024.98.pdf,d296a1cc92a773fb999df0cb4a4bcbefd160b9f4552809afa6db7aff9ceb3f74
26.100,026.100.pdf,e52770ce0c4757364885ab9e458ac7384b2790ee99640c0bf991003f417c6473
26.102,026.102.pdf,803fe6fe0360c34a2e0de8fdba3bfbe85f865575bf97c8dd4fd3f1647646f703
26.105,026.105.pdf,e341f7b669ccf3873a368beedcfe4342752bd959c687c892fd8ccda9db3676f4
26.106,026.106.pdf,0f68dc046702c9261581842584cf6201415d46069e28c2411cbe37ab2e032249
26.117,026.117.pdf,d9f931be48119a75ef3a4ccd69f3e6f4d92822e86f9768c6850d61b298cb8e1b
026.39,026.39.pdf,77af9136a09bbcd60de69e799bdc3b7126bef3b42c4ab1ce5cdd6c7ff37fc967
26.49,026.49.pdf,e257f0b98af6dcf76bdf837c87493ebdff76135b1b046203b16c22396c5824e6
26.62,026.62.pdf,cc9ca60c736ee47d97e63fae8f44b56ca722a15e8ea5fbcb250b77b82b59cd29
26.65,026.65.pdf,c1e2a6c21aad8cd870f061b6726e32ac88ccc474464b0a86722009f2fb7a8459
26.67,026.67.pdf,4dae0f5981d05e05be655af8ec3783ccbab22a74d9194589a7a3014d1cbeec39
26.80,026.80.pdf,d6a8bab9542b2ed60336808f5c64f40e094a1846c5de9a0da5ac04a1e83ca30a
26.81,026.81.pdf,67461dfebec8de28cd31cdc16410b42ec26366cc566fc827d69139475df2d8b8
26.84,026.84.pdf,f57762b56903befc4de39496a1f7c5972c8c763eb7726d0bc3f83e0ec0a48672
26.86,026.86.pdf,bffd783d5633ea7d8f590b7533565011032554a7c5932c34b8c6840eb8370b84
26.87,026.87.pdf,3e9435b96600aa693a67b1bac3083958e16a4d6ba7f8b90170bfca7f9075ae2a
26.89,026.89.pdf,9e64c9d54b11c5bd43e8c21e4a33f0c3d3f60ac8a3e0c6500491c79388617dde
26.92,026.92.pdf,62ad6031c369ab660c83406138274c2fea1952b82d065bbe2ae6412aed827b3f
26.95,026.95.pdf,e42f48caf5637b85ea093089d74fc98a007a0d7d4b7b4477eecc5f3b4c9f8885
26.97,026.97.pdf,c34121ceae325a4111818e0d097195f3df4a500163b2f9b8324b237dedf71193
26.99,026.99.pdf,19f1758ccca0e424318e6f05170dfa9627cf94a21473a330ea1d85f152ddab1b
27.110,027.110.pdf,a877ba71f691d63a5671559f82ac67b0f6e183e57dd37fc5c1844905ad8ef879
027.56,027.56.pdf,e0e9d0361f4a4405e819c04302c8cd3c1e84e530b5de758957860bb53ae6a095
28.25,028.25.pdf,35643800223ded3af558fce67ba68ac6b2a68f51dbeabce720cd5f8cb2bbf66d
28.26,028.26.pdf,60651ee1716e2139f82a166119635bb3ff199ae8a4e3a604d436b1efc1aba378
28.27,028.27.pdf,a6f5b9f03684f94a075b44ade483af08a0dff9bb07972bc5619d7b252a1f4774
28.30,028.30.pdf,09ea8a49d92409fcd36a5a5b77458ddebeddd3effc49aa2b2ff0696a4d4bbf69
29.154,029.154.pdf,9baf142368197ea69802e6e03ed1549aa417df5a2aa5008b3f39de564dec8d30
29.164,029.164.pdf,f2912bbb37a473953b263c77e2932e614e2b1c0cf4379079f0e7d4518cc2fd21
29.165,029.165.pdf,3f63feacb7e35b42c7bf3c797278577106dd8081798279f932516c5f8a8191dc
29.171,029.171.pdf,436abab7101793e6fe0208752ff4b5e22f7bea460def20193252358b7ab2d167
29.176,029.176.pdf,30961ef0c013a785d1c7dd36a943903ed5347bb68dc253e38001aa15f50e0ab9
29.179,029.179.pdf,83f9bc6cfb5210ae5b6015bcf4a3724019ec26a6f040bb6eb2c56e2e52416de7
29.183,029.183.pdf,4a3a9a4992f82f9f8f76db8de03d04f2dff5ec150e5fc3e33a5c7bb96347053c
29.190,029.190.pdf,5febdd64fd8c1e0d15f30c8bfc6d4bbbce448ecd0e685ea6279b28879ac2453c
029.41,029.41.pdf,b4340a3c096dc822e68a1746b165ba0dd9af123c66a7025c7f9f4c35b0717598
029.52,029.52.pdf,e0239c7303fda49b709b328c4f874199fd2ea1d9c28772bc91b80c94697ddb59
29.60,029.60.pdf,edfd9eea8b22642bdecfe5a237b9f8ca408a4796d2439193f9c7e0f9df83ae56
29.64,029.64.pdf,d68f0a3c4c9d1896231d90a2554a742baaab398efb024d740aed992c80b48bce
29.68,029.68.pdf,7cf70e405a95e5a1ca1f77726b9bf0464806201ca3013b2de52b377883d589f8
29.71,029.71.pdf,20127eb8525de27e26fa36493408196db3797a149f07ff2142f38ca08bb234c3
29.78,029.78.pdf,e6dfce706b443f83abf30bb6f897bf1bce4e25b339eb72e8e7a147d8933de021
29.79,029.79.pdf,b23da5ecb0996380642e8396c76e1a78f5f52430f328e69b8b30cfb6755b3397
29.80,029.80.pdf,2750bb55220e4444038d714514d36e67cd2706eca743603b468fba454820adde
29.82,029.82.pdf,990a5210e5bcd8ae88aaa29210b71f7bae0d995c4ec24187e0b2572d7d97868c
29.88,029.88.pdf,e5ba31e74b947a9dfec7361dc17a5af6c2754bf607083515f6c3ef0de68f73f3
29.92,029.92.pdf,9297fa8a12afd7e67548603cc1d9bb10f0ec2b7d57b257d7c4c274c8a1ea7e4b
29.97,029.97.pdf,bad7cee134c5f6a16b0ef50886bf06a0ec350871748a6ad0b70c356da66dee02
030.46,030.46.pdf,c46cdcfd8a947cb27c71ae22f7fe25049159cdf1ddd179dd4fe10ff382ecf778
30.62,030.62.pdf,1c5822d8491bab8b9d2fc846fec702773a16a398c5d085aecbea08adc7045a67
33.114,033.114.pdf,3e564cacd9e13dc70e85b091b4858949017e4a5a8675f7d589038dfdd1c7a3c6
33.115,033.115.pdf,020d2fc5777ce93df28a8792d43ac1333d5a7def4154287de27c170989592777
33.125,033.125.pdf,80f0843ac3eb8c461018975e669a631115c8ed215229ef6eb95654a1463c9302
33.130,033.130.pdf,5d5bf64fa64a0323b3f477f659b99b07e60c32615b4a58ad7bb6588849b9d5ba
33.143,033.143.pdf,e30a0e95751f39bb6c7183c37a5f26e689a45d672dfb9eb1ae051b31e2fd9b0f
35.101,035.101.pdf,d440de1bc4b2459a272b84150bbd6d08ff2461dfba5135c45b20c22e45cc003e
35.104,035.104.pdf,d626f60907b8d58aff4a978c289f4bff6c171bb3acb0b4ac39b33b4beebf9856
35.106,035.106.pdf,eb5841620ad63c4d5236798cba8bc763179b863a87bb04b761b8efaf04a4807d
35.109,035.109.pdf,76fcdb219d6343f448f3825500be36e782156eec678986b51fbe6aea2ebffe7f
35.110,035.110.pdf,b62751bb35182b84bc7f2732f437ca1aeefe9354ba276346ddc07cf19549b048
35.111,035.111.pdf,2fc2db60ac80da08e8ad0c7f020505237dac8704d61f112aeb9c8d91059a4792
35.114,035.114.pdf,868a7a9bdf7107867373f9597844453e1b7a355f5cecbad6aeb567bd2acb9421
35.117,035.117.pdf,8e3ba3925d5a1f91102600b6938aa8df4106f2eeac4dfba8c4b9876747ee79b5
35.122,035.122.pdf,40412da68026f42e59807495b889b5bdb96e604e7bc4e3b80ba915053acc5ab9
35.129,035.129.pdf,317710378f2d60b92a49c96f2dcc4f23b443db06d863e6dbf2c270c3f1e645db
35.142,035.142.pdf,e0b2a7755caf693a25a7f56e9ab4efe9e878e12585dc48944debf68995677f3d
35.143,035.143.pdf,cd631276394b8478251e93a9ffa3a18034d98c9f8a6242cc5d56dd7ab3f0e551
35.23,035.23.pdf,bba37ac9ba81c5fc1175854b7867435ecdbea5339c19a4feea8644d2b6402e95
35.35,035.35.pdf,bf302fe780efebd1efa4a73a3b31fa6998a06968ae36affd1cce986f93ae9d95
35.49,035.49.pdf,c8b423d64bf495fed6c06ecf0351275b81327e312db4f9a68246aeec88755209
35.51,035.51.pdf,0ee480f995241ac8e3265d9afb50d5f1d85905ead9e7e2e57cf43f4778e221ef
35.55,035.55.pdf,01d6f4e2ed4c54286eb816caf065cafe286b958c194ed2d6e0ca4222f2281fd2
35.57,035.57.pdf,81aaffd6c5d92c43f199611aabc5382817b72ebfa2691bfa1cdb436509944143
35.64,035.64.pdf,f1df611d41bf0e3468639c731ae51310d94227d01c78776cb2a91db2418d5f45
35.65,035.65.pdf,a35a05aacb8a9cb4d38380ad1a8ae8974ac90f1ec416115136609af30d7167c6
35.71,035.71.pdf,2b17627720b2f8f91722df44b23e106e90891496a8b50a996038d8e0b0806410
35.81,035.81.pdf,44a3c153c5b0f10ba240a9e112fce2e29a5bfe4908535f1a199c4ceb5cc16322
35.83,035.83.pdf,972f6c0cb9a31251ecafb40eef012275b5287a8bd2957823681b67b17929ee0a
35.85,035.85.pdf,6f5deb556ca200a857279f3620bfbf2d20b4eef2ee0bb9597dd87b6122357c79
036.32,036.32.pdf,c667e4405df991e4e6eea2861c66d02d212b6e9550052462eadb27d3677631e0
36.37,036.37.pdf,5b663a755be431dccfe2599e68afc1781ecdf64205b3f2c98781a36e46be0985
36.46,036.46.pdf,23593896d084b855dc3af15359899614bd49f60ce9a51ec0fe41c0fd3b32caf4
36.49,036.49.pdf,1e0f841e8a09a84a03aa1fff45eeccd13b41528ba328e2fedd300dfdf9d8ff94
36.54,036.54.pdf,77a0ecb8ca1284068992bc69416b7fde34e08a51a0b61c6ea204b4006b3ec8a4
36.55,036.55.pdf,55dd18e06ce56d8a20196b6daedac1b8b036e3b43de7e7ee2b49e35a7a949450
36.61,036.61.pdf,427e3dff774f0a3452cd728d601afb7b0e08229a02b85a79b35a9bc117da2bc8
36.62,036.62.pdf,ffa4bfd4f40cba655101c00242d3ebd313ab9dbd8b8d2b824e6854fd23d478fc
36.67,036.67.pdf,b007050a9ad977784af6a934186bef264913dc40892283d0acef2c7a9091e1d5
36.68,036.68.pdf,b78f6f96ed53a792008823dad33dbb6427cc59073a14b8cffa91c5c98a19f04d
36.70,036.70.pdf,e4350f9683d0fa68f9c2ea6a7af508351c08386ffa40fc54f832057cf24cd1ad
36.76,036.76.pdf,a13c6ce39f730f25059be0e40a0977629a8446af6092461106622393ef0be554
36.86,036.86.pdf,c94df1faa7c1aa0957aa34e009b799e323c657bc19af696f2d997170131964c8
36.87,036.87.pdf,5ede1af2bc5b9139c43f4620998d065c4ab6ae8f38d40ccded910c62e0fc4072
36.96,036.96.pdf,c24ec20f1bd1d47e760e07de02097a23f1ffbb4d2251201045dd95a829efe7fd
037.25,037.25.pdf,0f620f9d22730e5da1acbd2b1f80c1029c2a4c81284567b4f76fbe1be825c0d5
37.30,037.30.pdf,9e5df0f33c30a5b41bd3b32c0754166dba8f7e9d5ddadcb3ce06f9d6854500b1
37.33,037.33.pdf,d97743b7ca47dc606a639d275879799802d7d625f9ffeadd191197149cacbfbc
37.45,037.45.pdf,b4e1bee7398a1fdd6ba39ce765654acb8117561712c105757161e8887a6262d1
37.46,037.46.pdf,f3251e40e4c804521f70b179baf244a5b4f4a18fa6c4d24c31a7059e320de999
37.48,037.48.pdf,02adbb723869987e231c10fbee0455af19756511f675d58e01cc5286e8a0a45c
37.50,037.50.pdf,b158d2a9dd8c13c93bd841fa45d24605cbd986151a48a91e3eee536ce97c9037
37.51,037.51.pdf,4f629dbae668a33db17087ab43563420fc45616474e064804c5306f3e03b93ae
37.54,037.54.pdf,db579044e6a7ad600f6b39301cf8f429da40fc872db49b6609ef12eae9d375dd
37.58,037.58.pdf,59122c39cca48fd3c687e83d042a2b0992f34433b0add7e5d2bd9367bec18252
037.60,037.60.pdf,092c636a844775b7876e9fe236703a853c3857963f06bf3cc3ae45a205bd66d8
037.64,037.64.pdf,94bd075b7eab49b2180c059420d5d20e5470ab8d469459410ad222b8e3622393
037.75,037.75.pdf,71e5ae370a9efb47db74e447df92ca637788235ebbd87ac4acd232ccdf185da9
38.18,038.18.pdf,2b18f21a7f6ab777a62e8c5afd9dc379e80c79646fb4ebf0816a382f88596149
38.19,038.19.pdf,15433558194fa53a8be2bb3380c6b266387daa2797d2d550397cf005c2b9d638
38.20,038.20.pdf,6958113dbda925fdb95e74a46e24cac6a6b5797bcc3961f4b3c489a9d4667501
38.21,038.21.pdf,60864559fc44093cf3b86d9aa82eff8a79877e5ad104b25fe89161594737e008
39.104,039.104.pdf,e6522190286e587963985ad15fb74e1b1c860be4dfd27045dddb3288355a6fb5
39.110,039.110.pdf,c6c9acb59a83804d1a5f24586ba547e95f95ef9642b13d0496f0f6649e116108
039.43,039.43.pdf,5e613e0cb5dbdcd319bc52d162bd0f6f015e4f1c57d0e7abba444daf761ac838
039.52,039.52.pdf,c5cb9a923d53f0cb4c96b7c08617aa767f5f66a08c3d201c02d650565d89841d
39.57,039.57.pdf,5474d7fcb7fad3161be1c03ed374c4350cf0c5b26e87d7e3230cc3edec392d2d
39.71,039.71.pdf,736d4ed2d0fd5d47ed054f6f6a29d6c4c23ab7f0d9003736df5bacc4a62240e9
39.75,039.75.pdf,37572920a35f20ea8e2bb410494d00ca8583ce04c803b82115889c95e1191bb2
39.81,039.81.pdf,4c87f7b631ed6902e75e1141e6d2c7b1aee17dd65d74ac2569fd9ffaa50cebda
39.83,039.83.pdf,a483545852680bdbfcd4974c209397d291da9a54a02b5b4528fba810db90d98d
39.84,039.84.pdf,abd80a8d22649ebe6c9a8d4608ff49e477d830102c8bb0b599b7f549bf8c495f
39.89,039.89.pdf,40ffe9608a56d92363751fbb216752e4d40e67a8efe48275dedf88971ee130df
39.92,039.92.pdf,f438cbaa3f701bdc97387a96c09e3a4e301c0e5dbb1ecad08b035a50bbdab52c
39.93,039.93.pdf,32ba26eaceb65f97be000660c4deb5692aaf9cad83d9282d498bf89b4f6bc6b0
39.94,039.94.pdf,999604f6111897e5eb3f1b5e86f0fb6193e7be9d140a11b6d30788edaaedc786
39.95,039.95.pdf,4ef4e7fd47bbc78bfa8203f367ee05f66054de724587bb9dfa98b815c95cb3e3
39.98,039.98.pdf,c7c765f23c5c085a446549e92b691f8f7c46ef2fb6f83e5977c02b6dbddc9998
39.99,039.99.pdf,5dbf591550eae1c3a24698dea11098748b931f3cb8557ad82225fc6671d6f7c5
41.43,041.43.pdf,b1dde9edfee80f8fd69988eccfafaffba763d7ddf2db386e52a462aabfebcb29
41.46,041.46.pdf,fc255f1024c4f7eb812e2005292382ef0cef1ac86d8a2139ee4b13cc7f422399
41.49,041.49.pdf,e75952376fc8003967146fe67ed8ee15f7896242cdaaec96f407f5c7f9dec2ea
41.50,041.50.pdf,08209187d158d56ac95c7a2558fe9bbf7120653a87b778575bb8e3fe093a994b
41.51,041.51.pdf,cfbd1e16ce5633f3e2afcdb70b1f21fe9aa2a203700c84cf9a6c11dfc7a2b592
41.54,041.54.pdf,5c0cab5ffae80f05b97327bc531aa65a45b4f480ec663576331b14432517d596
41.57,041.57.pdf,7e70c58d4f36202547940142954ac53b5b13dfa5f29d61b97fcec7711fbdfde7
41.58,041.58.pdf,b88b845bd04736e7425767f3759d62bcec1eb4870b70402e43294f43d22708e6
41.61,041.61.pdf,48413452462192154c2b48f085b248a7ba04d7cd299b07d0e57f4236e1ccea19
41.66,041.66.pdf,f10f2917edee69ef8f08b403068169b2ab0da9e54827218f37a5e5eda0f9057d
41.67,041.67.pdf,7e80eceb50ca704e0d41718a5bb5a91ede372ab4fc21f98c6b32621874e53409
41.71,041.71.pdf,ebf26e2d9ab96b3c0e97f02cad65e6c20ee7e2b28c8bc8346dc604b81aceba26
42.10,042.10.pdf,30e2f8a55cac0c3637b8c0794fc65def5607f189f3ffd3e82d38470833708eb1
42.16,042.16.pdf,b7556e12b0a905804c11286d447e298c91c5e9deb433c4dbd568d3aca2fb19fe
42.17,042.17.pdf,e5c53e06c369cb9a3f05e99b32eaf260344cf97cf43e2e194bc691cd89858d27
42.19,042.19.pdf,78ea430ac4f5208f4f8f4b0900e6eba6a2fc77b81aeb0a349de8fef45dc41e9e
42.20,042.20.pdf,89b97707871d6b47e525ff5d7f6aa0b9050533d13a57b2a38b8a90c8344c5204
43.15,043.15.pdf,336a6e16e3c2e5361f2636b4641c50c118fe8806052093a13276ce2593baa682
44.27,044.27.pdf,b69b51b767dd3409109524c2ef06f15c676999b8a551abf94f7c6c327506525a
44.41,044.41.pdf,144bf906205c526f018accfce2f96c925cf601b7b1016aca0bdd135c6233b0af
44.43,044.43.pdf,41b216a17130f0299220474f45ec4a75784ee920c90c015432b17a344e420826
44.48,044.48.pdf,a05510020bffbf2911a6554b34b4aafde71bd05cee4fa1123b883cb6e90afa12
44.49,044.49.pdf,b5ca30e89f614cd3ac41d5a0458de25df8e6fa7adb2bc4ede3bd230ec226b3c7
44.51,044.51.pdf,a9ffa238353e747ce3108348406ee430973f60fac43faaa3aeb445bbc3b4f6da
44.55,044.55.pdf,04af1d8499ac8851a22483f10aaf006d8dc96903b7815dad2526bcc1c20ad9b2
44.58,044.58.pdf,b1e8d0c43846c0f296f5993a7f19deb328d0887376910478304d0a38dab19024
44.59,044.59.pdf,d8f1a5278435b6844f5632dcd1e16a2011d488de9ac916ecdb58c3edcb1b8c4e
44.60,044.60.pdf,712906fe570726c6e35d2bc3d2cc6c05f3417c57c7433137af52578224374f15
44.63,044.63.pdf,688fd5395e588e4515515234fc2a60a5cdc7837ca00edaea5df1166d718e47dd
44.65,044.65.pdf,e5b9d273ca1113cf95739f2dd7d582ece2e9fe3f45e4a8d1beeb0961cd5f955c
44.67,044.67.pdf,1af9c4ea354370ee5c3ee13327e1d3b4c0685627f1356a7a1b188356adaf4ebe
045.15,045.15.pdf,2ea4e95e515a5adefa2c916025a4c2c41ea37e469551aaa468d62637be54f863
046.12,046.12.pdf,db590a87061eb583b8018739b88b7d7e199b7f2c84cdf64bf7a17977de371a4d
46.16,046.16.pdf,2250f2a9cc62e535928866efe745495a0c7325d5f56ba3dee72b18ef0797cefd
46.19,046.19.pdf,a1a46e51f37b59db3430b4e2288cea486c1d5efd7017c2e8512e82e94f6f958e
46.21,046.21.pdf,fe46f2c46b73b49c20a3b2df652a665e04d7ebfaf2efc14b3c6d74a3b7a99576
46.23,046.23.pdf,2295428fa24836b03e724b902c038bc22393f7b67d751963f31172a71ef28c73
46.27,046.27.pdf,3f6aecbb2ab4e0a26c8037a21bb3020353c3744470a01a5fbb0433d017ee5981
46.29,046.29.pdf,c7e1afdb30335c7b8aca00ed5bafdcac0874057bb88caac584addcbead31ee40
46.30,046.30.pdf,22bf433906dd538098f8d43aaef57939bf7f746cd0d5e11aaec12892b7db5d00
46.31,046.31.pdf,49532586548430ec65e54168c6dcfc34f984dc4d4844641e5815e8dc893486d1
048.08,048.08.pdf,2e24537b1fe4168864dc4c4b56c24fa13b3046002e146885fe88a44943c55eb5
48.17,048.17.pdf,4699b5807aa22f1f2b1d2e67cc0953f4d4c6d54627f503f992cad5281b62271f
48.20,048.20.pdf,ccb438cdcaf4256a84aaf76f619ce052ee1f16f8436aac97cbff7f3d572a7315
48.24,048.24.pdf,9661107f04adc1407fc1aef34c96119ab3b92deeb4dd2725af254b0172bd83e2
48.26,048.26.pdf,5cb53d6bb5cae6913a9d972bfdff976a78d1cc9b6db1876fd915a7135fce3978
48.29,048.29.pdf,cf073a4e7baf0c181ed7affd6f02fcc9e112ff4783000fc403a781ccc0e57733
48.34,048.34.pdf,21a4da930cf45e1d77bfaa68c50d589a710341625a3217ba006c5b472c5a6ace
48.37,048.37.pdf,c23f578335d29a80bfb2b0fe86d1c3327b1d3eac3e5a10341ba0571b08b6484d
48.41,048.41.pdf,6ff9ede3fd81779ee539ead189a6783be2966004658a9896da03ffb1614638dd
48.42,048.42.pdf,b273a292200a296cafb1e0cc92b5a5289af5372bc142ffd408da6268957835e6
48.43,048.43.pdf,94b19114bde8d7d360b72d52cf611f6b294d841d1e8355fc1875b259a675b79f
48.46,048.46.pdf,e88242ce41d3f4ea14580e25392e2546f0c0013cfce53df5be1efd0952b9a7cb
48.50,048.50.pdf,c5329de829b57257da7183fe832dbdaecbca7f6cdc1e25c9bd19afd30030b51f
48.54,048.54.pdf,6b44a99e72d86d07dfe7c1472eaf76c0b517d57d3a5a32b18ff2883da20fdaa2
49.10,049.10.pdf,5343269e8058851cb5fa865b170c627d16595fa095a8d0230594b50f03f1f32b
050.23,050.23.pdf,687a6c818df275893560f499859f352bd699dc184d6a268620cc532d572b77bf
50.35,050.35.pdf,c034fd3c11c07616ada57fbd2c5153fbfb97a2e6abf2242dfa3afc2e7ef10e2d
50.40,050.40.pdf,328c7586d41bf0188ceaeebbaae948b094414a20805d14f1e99eca710bfe6744
50.42,050.42.pdf,9b279523d8670cfca32680bbb08e7f1884f775e04778eb1d98f5ef1377df34a4
50.45,050.45.pdf,63add0daf940c358677f6796a35f4161b0d7b05ce9f2905472c590d0493a6bb8
50.46,050.46.pdf,1c4e5dca21687c405ac0c42f6a4d5547d00ddafe8a559e12beb857b264a157c6
50.49,050.49.pdf,2644d1a4f74618ba92002fba4495fa3c415ac7070c25b5ee2b28ca1959eaaf6e
50.51,050.51.pdf,f71782621a6f7ea0db56f917ad9d616598329bb96fcdcf6e1bccb55e0b19e0f4
50.56,050.56.pdf,94860169e20da4cdfa48ff4e9aaf2d9c0aa21f3b54a4785e9a426e3d66def2ca
50.64,050.64.pdf,b3218100303ac141652485f54414eb2d865745a6267e1f2c3c99a0f8eb31705d
50.66,050.66.pdf,742d4a8646b2035cb75935e69d2a2bb0147e3e778771212ba1b5133351218cc7
50.67,050.67.pdf,20e03500e99cbba2f42de92f86c19d975d7318dc6de896b018f22200a0e49d6b
50.70,050.70.pdf,b79b834a11b8db8392699ad4aaf7cd94e3d07e5f620f0b3679aa0f86ea65f165
50.80,050.80.pdf,4b2b1b402c7293bc899f1356f7943119a7643a3b8811286c4bf84deb36ca1ebd
052.14,052.14.pdf,522a85104f40509060099f3fba532b8fd51d78ca9aec82e4c93093a943865e9f
52.20,052.20.pdf,fb5a2e53e4cd032aab6d9adc7e510893f801b5a0c4d172cea310c01e0c9d4387
53.23,053 23.pdf,65b16b43619a167bf051c5c858c2870cbfb461e770485cbc8a906ca8d12663e8
53.108,053.108.pdf,e6a90e58a82cf41ed57055dc545d8b315dbd2b619c89ce8b9939609c3ff975b4
53.109,053.109.pdf,94f5973a3551cb35598677a4e24bd4fc953d1cd35c691f46699dd518cf138906
53.111,053.111.pdf,9151fd019a1a24fe8ccbe6f2dc9c2d52f4a789b72b4f113f3f206069c04f353b
53.133,053.133.pdf,4350ba266217e5e22249c1cd2f3c02e273acf0cd32d7183e59908a2f973d2856
53.138,053.138.pdf,47a3bf78d9a53d65bd40b12446d18a76c45c9bbfb4406426d6e25e69c0626e05
53.139,053.139.pdf,a7661875a87b108d8d500c69e18dc8304284d7d8f99c4b057fdb0032630488c0
53.144,053.144.pdf,05e668fec3aacbe5c2155866fa57908dae2dac498b83df5c118dc0174f60953e
53.147,053.147.pdf,49ac2ff2bc0f16f3f8d6410dd7685c82146789ac4692dcb18624747f02ee6a23
53.151,053.151.pdf,79e84bf1bb9f86ac58617051568943bd88f018727aec1da6d28fb19add9e5f65
53.153,053.153.pdf,69a6cef2fd110e6a84c3865a0577a36ef88a8c8ac88d5eb66e20ece42f384e91
53.154,053.154.pdf,912c437deaed68df540cbffa0f2d19487cad0b25f183d75a254269807404e4f8
53.157,053.157.pdf,b8279b11612cd39fd6451d092eb3063bc6b4d862e6bc758ebebb3e4c711df8a8
53.158,053.158.pdf,96db0bfc2ccfd25a5011b1e49215f68d5244d4387cf1935d675c42c91ad6b3ea
53.160,053.160.pdf,072ce22cb1d4ce59b8bb2384bdadaf429598d0d8f6a29d64b3ce91ff349c8e7f
53.162,053.162.pdf,2d74f7d74943647b35dfefc8d35fa145cdd5624a44430e02291b5a65dfc913f0
53.163,053.163.pdf,9c4e3f9e62a6b301ada2178800fa0f408cd2dba0ec7d775e84d4fa2b919624eb
53.165,053.165.pdf,2dfbf1892b2a2d90d2cff7b91365048ec4f3eadfe8906c1d86faf1e3f6d00d6c
53.167,053.167.pdf,0d443b8a498570e422f3265a83816cac3c18f5a510b93f22137049e14d63a821
53.172,053.172.pdf,3e5ebad3a472ba9bd311783f51cad0dfa2aba0c92b8509322632c4e918a59479
53.173,053.173.pdf,22ba54bf81356f71be093a35d82ef81b2661aba51f158416283edddd73a065a4
53.182,053.182.pdf,37dbc00b5869b43b2645cfa7c51e61885faedb9225961a22ce450c207cb255cd
53.184,053.184.pdf,63f2dc614a5421b018b10f5ff64419b05249f6a7a8d254ebe7e1e646d8d84ab1
53.186,053.186.pdf,5606b22990dcae2f90efd45affbaf2b18704e36de97fc7c4a928172febfa1b95
53.187,053.187.pdf,1db3eb5908ea04db17c80ccb169031f301366459119a3353ced66209f6a303f6
53.188,053.188.pdf,3ffaa4b8b94bae19a9986dafdd30c1cfa1da1f81ee9c3743ea71f5485b6617aa
53.190,053.190.pdf,cb42f0fa704c80ed832bed71399296df42d21baa518a3f98994b60618e24efb1
53.191,053.191.pdf,02e4da7ad29b797d39e0172f1efe9c87ed457237e31fee86da36769cfff66c1e
53.192,053.192.pdf,5ab88d5b6d5646e3cb9450db77843180f2a53cc5b27992a829141638a39b8276
53.194,053.194.pdf,34c905abfd46985836c74957a9c1d0d7ac7861fa878958b6f4dada7811813ef4
53.197,053.197.pdf,b3f95f8046024d9bd62e92fc9a6e87a44b1ac59bcab01309607f1843379d065d
53.200,053.200.pdf,ef4543caa69e1bc4c930c35ef9bf718e76f21032c6a8671a350712920b01bc49
53.205,053.205.pdf,e71dcd832f16fad67dd9fd150d4e70b16ffaa830ff46252299cb2bd8c573a510
53.206,053.206.pdf,5a8f56650ecb31717ec8775979980f605c0cdbe45bbb0921f889e15cb8f3eaea
53.207,053.207.pdf,0e04bad1f54441a40f1983e5b5858c77ec8d953d29ab05102438f08305b7b828
53.210,053.210.pdf,87654a2ef291ae0d42f82b84ea082aae1ddcaf623b4acd6d1d92015d9ad77df1
53.211,053.211.pdf,76d7e866786570465ded516526b251f462dba0056579ec1b95b002c6b89eeff1
53.216,053.216.pdf,f8b32e8d2dafc137b88b1eb7ca54f493ce9089331e97fc4ac576bdfa9dfcb6db
53.218,053.218.pdf,825f8d8352f102148c4167984f86904953e5f140976448ad8cce9ae30f8f7889
53.222,053.222.pdf,a5a2521c58bff234f30826a7b930cd3e45dcd26fea2e1de860ece1007e880f98
53.226,053.226.pdf,cc1ef6a5a2958d4242299d4ad5ca938e4b4f969858a4ce54da57385ff1f5bf36
53.231,053.231.pdf,ebac2e9c81b19f678ff7630ba1beba2dc3683d426a635c75b0a5d7fbfa523f81
53.233,053.233.pdf,e7492454c3feef45ee27c10244d60258ec9259bd5af75e5b3c6d2e8f23930f7f
53.236,053.236.pdf,554d14cbb679e692b0aeadef7145f7155fa9f0ea43b966e0d8879d893ee5df88
053.75,053.75.pdf,dbf2c25a479b85cbab995cd639ade4cca761ecb7161c48cb54630835e4f1fc5a
053.88,053.88.pdf,e17c236de26f4485af3b328f5f47c8c03c1dab280fc5a5d267d5d84b8cdd9421
053.91,053.91.pdf,6cdabacad2be9054e0686ba4ada0cc0870042f89b0ca49ea66eca4b7d66cc6b4
053.95,053.95.pdf,266aa7f9ad85901527cf5537ea269252fef9c347f98ad3d9befdd2e86d867b90
054.22,054.22.pdf,fbe61e1be62130fa444a2bf53f214596917ad25f7851fec03018af911df7dd85
54.28,054.28.pdf,dbc11d150f85b3191f7f69ab7360115c624199907d5d6fbbd5a8a6953001e9fa
54.29,054.29.pdf,15f9a2b43dba31a213b4a1ddcb422bf8dca2858a20ebb0e4ced44bb357f2cfd7
54.31,054.31.pdf,846bc08eb992740b206ff3504907a0721071757f4cee0a66987fa4eeda62aede
54.34,054.34.pdf,cad27482fd7dd23c6c2b5fd3e1efffceeb3c7a6d970472b349065a4b215c008c
54.35,054.35.pdf,1d94770c1ffa4f54db77c559c307275b31947feed70d1fa181539704a74aba93
54.37,054.37.pdf,02552f2d2ff1fc62c540007236468cf6cab3da28ed4c1bef15559983e7d8e76d
54.42,054.42.pdf,a027c6a2b6575623ece914ddf620ff2ccdf1e738afc75084fbe74a1124c397a2
55.19,055.19.pdf,f2379dd3a134a7e094f7efc71b3417316a0753dfc6f8529d9a2f01e44f2a9851
55.20,055.20.pdf,e2d11fa3632aa008a12ac7e169ca1d1bc8eb0a13673d3622c7ae0a2b37fbbbf4
55.21,055.21.pdf,f5483b0e4c83ea92089ff8d880c334ed7a12d593c99a54566fcf01a5c0a2cfff
55.23,055.23.pdf,d22d182cbd9929525322efd71074b12e9c287e30c965396316674fe7ef671c75
55.26,055.26.pdf,812bf9195ad90c618f24f4943ceb1e130c7215f7968dac430d93a918ed054f70
55.28,055.28.pdf,2b7a217e067933a9ca3c718b3b84324068140a97bd766d4e146a173d62f726cf
55.31,055.31.pdf,2c96fd92f463f2a073de79365f40c7df51a084ddd7ec74a845dbc99d76c15018
58.15,058.15.pdf,30c3b39c30903723bc018c841e456773fcdd6f81defff560f8900a4b7fe1f3c1
58.17,058.17.pdf,237d2e153b7e5ee9dbc136d359f8597d11933dc3e01acffa24d4c84fb5737327
58.18,058.18.pdf,d1f540a71744d5e8af37385a2ecbbac55d4f87aaa5ce7abb03faa9947ca45004
058.8,058.8.pdf,7dcb3e8b39f699f4ff7d4a6b4915a2f98e5fd1b72ec3606cbde2d3cc6312714d
59.21,059.21.pdf,15bede5e987e54f6495cccf4c3435d2797e98084413db705a987b7595124fb81
059.26,059.26.pdf,8508c865a12fd84c9bbbd419824571c95b29a6caafacd4d2dcb3461dcf07085d
059.29,059.29.pdf,df8323da81d1fe4aec28de1167cc9cd34da2f0a482d9d8aca030cbd233d127d5
059.32,059.32.pdf,a78ef306c966933998139aaecaa04fbf32786057d55cedc8f09d6ed35873f27c
59.39,059.39.pdf,ec4481268904bd9741122a01d7a0d0e0950fb5ec40a1dc240f412bc8d16b6cb0
59.40,059.40.pdf,35e9dec2ed2a0f5c630dd5bf5fd1a763002c2fb42d18aa565a8d0970dd1c6cf1
59.41,059.41.pdf,ea3d3df4dd8f28308ff632093f19f83ea94bfd313a9039a849bd0f54c85a84e7
59.48,059.48.pdf,66f531cd5ea8d0f0efd53ab0ca57d436fc0ebe11f8b2fc043709c812a3355268
59.49,059.49.pdf,34f445ff2514c9fee97ee408623d25b6dea50c7820b26cf2a0b79137f5ed01c9
59.51,059.51.pdf,ed3c94e56903ec3fc389cacbe838990f20b572098df665ceb22da968b7fdfe66
62.13,062.13.pdf,bd57a25e90739b12b0befb7bcb80d3b26139bcf32393f508926761cfa20d5b5d
62.16,062.16.pdf,21e1e12c8e602366635630c26fe24d2e7ff9097462712576b05b0f37ee16d04b
062.8,062.8.pdf,0de67f3abeca0fb8c67d1cf2733a7a693dd5b4507a61417bdc92676d4d7fcd14
63.23,063.23.pdf,d75ecd832d5d9ee560252c5410923390765b6ebc20aab5b1ee7174052e125d42
63.26,063.26.pdf,d24ee81a51a560324daa977feebe4e69d967cc94a8555f3313a50d887f58b10c
63.27,063.27.pdf,aaa5d5d7978ce3ef5f2af9ef898cc3e1a890f108e64fe459360e1dff948996f8
63.29,063.29.pdf,842ae102cf05034319e499d105dd22036001d8583d0556ea23d867e57f3c4785
63.31,063.31.pdf,aa38958106fc3ca724cea6d40803c8b3409e70109b417d20d518b95c41db13a4
63.35,063.35.pdf,d1772b21893f67f4e2a97388a5ada6afde76eaa9f4ca6689476ccdc94af2c300
064.11,064.11.pdf,c59309dc7f78c29e75610df4225f3839b9785ba5e23492d93057998f2a234f14
64.13,064.13.pdf,f11ff1082d567b40ee081a86064da3177b949e52c9d8f57dacb0959f74827188
64.19,064.19.pdf,7177e1030a390a975c5c9ad6239ee1d66d1fd8a391b63090b700758d647afda2
64.21,064.21.pdf,8c1ee4aab64a26857526a659fb0f7c9f4c480ea29d781d7767ea22e2f106d000
64.26,064.26.pdf,a0504e397d539059c2cd25d70a889d03c9f2159acb4f6ca992b6d7311b38557b
64.27,064.27.pdf,ba515f92467fb29f98fbbaafb8cbb61b79ca0ca485e927173e23399521e4fb17
64.33,064.33.pdf,f8303bc657e6fc035f523b00f33c936178b96ee59a798ae8c25754a7a0e11d8b
64.35,064.35.pdf,163a63f4ebff5d106305edf2260dd49ee9a938ff50c918536cdc7a81df359dc2
64.42,064.42.pdf,b300956fc7aee7bc3cea82f397ded16fd5b47487af79ee6d90f64b6776d9c3cb
64.43,064.43.pdf,ad920df931ba15489f505e5d5f1ca7593dfc0cce96961e13567f848489b032be
64.46,064.46.pdf,336950a0ee55230a5525e13e69b725ac9775d9240903ee84b42181e90b1045a1
64.50,064.50.pdf,2e4852d11c30fbbfe9c1fdfe7e65c50b5d6970d92901b091dc8d5b35b2516748
64.59,064.59.pdf,77ae08f3d2829e81ea3b19aee35b06c2e22328b065bac121822b67b05808a194
64.65,064.65.pdf,be7ad8d4397eacadf2a81a762641e0bd5391e6d8c9d9191e13d1a12271069277
66.23,066.23.pdf,32c16d12a02305b9c5bef1bfea3da2edfb2c9093a7c50083a7e970b9ba9f2735
66.30,066.30.pdf,a5e9cdc37b15ee367f34bbe2a3ccd9d3d4bb62cf9c0047c6ba5f52f5fc6fdb10
66.31,066.31.pdf,260130358559a90ac9887795294953c3948e60cfdc071b6a0219711661b82d02
66.32,066.32.pdf,9f16ebe176c074ff46423053df64cc51fb5dfb94792a51e1ac9d0bc922398105
66.33,066.33.pdf,6ff8eb69755065fda08ba61a98a0d2876f73a230a2e678778195b98c73d6b052
66.35,066.35.pdf,c34b0af5e227243dd4af344d8713f7a5ba3b3b8ab11fb5c62c478005a8a60f1f
66.38,066.38.pdf,c25f9e4097583a49633554579ae13d428356717357f9dbdf4e799a6cdd340656
66.42,066.42.pdf,1f5695de4a08770685be24503b87d8b3963f48ed7cdf3d47c569775332e0cd8f
66.44,066.44.pdf,5df187e03c82c73d42438d877708ccb680018338f49d0dc26bf87fd989c242a9
66.46,066.46.pdf,f4a5cc9a7ef5ea4f1624d8af0af0eb1f6cb1de4bf67af89428c5ef7ddb3c54e6
66.47,066.47.pdf,ac3059527b59356e6eeb2d963124584ee71336f7b05179da2ebe301cfbad188e
66.49,066.49.pdf,858663af2b54e2c543b1da9fb257494efca287dbbcd05bede3276f038879ec17
66.50,066.50.pdf,959d8165c8edd78359f0dce1e0a473a497ef43dc05a0c9c874acec140cd68a0e
66.54,066.54.pdf,5aa0b4aa44720b012c5d6b92b2d8824ab3dfe9a59c4191434d64f1b18f841cb4
66.59,066.59.pdf,2e40e2e9d101c1f7261c51b45f7d0aab0fc5868ea588b5003c1e65cd1c47ad09
66.62,066.62.pdf,6301ea41259f8a1a5fda3b5875ed2e2919d28b6016c3c63640e84cb4ad59168a
66.65,066.65.pdf,1f057ce2924864647969b69fba500f6612fc543373a985f94fb8ba824301e2ff
66.67,066.67.pdf,e2b7acba4eb704aba1f6666e10a65de3f7f5df5dd7aa8d0811ef4becbf943a5c
66.84,066.84.pdf,44fd24bf7b388db40d68f8d195e4b483edbbbcb4d2daadc9ae2d85d49c32d47c
66.90,066.90.pdf,4e7fa5ce1b8f37c11db5d28ab77ab641cd738608d639a976c5fddedaf9059779
68.9,068.9.pdf,313be66ab6218f180c92bd8b9a97cede1d5a3d979217e88636ddf9d52206b130
069.13,069.13.pdf,a1771cb6c86c160ca7c9a935b951750c8899356fe61d71ee194c8a519e18e0aa
069.9,069.9.pdf,502b6809c9f11819093424116008c72edf77aa4b2710447a88aa9066fb3df3fe
70.10,070.10.pdf,1be2cabad61dede50903b0e51f7f4da7859e2e32075721b8d41d329981638eaa
70.12,070.12.pdf,a3dad49c4c9555bedc685c7b8e0aea6ab19875c7a6340a33ce9eecf51ff4e0b4
70.13,070.13.pdf,bb9da3989b16b665cddbe13ef54afdae33fefaf74a49ccf0f1feef1ab6f6f6b3
70.8,070.8.pdf,27ba035f6b25480f2d0b12fc1921413598aba56a54a889bff9a8129c2615535d
71.30,071.30.pdf,d267e44a5f752321cd3ce32e23fe439ecee4bdc5a28fc92ec4fe172af7b1ae54
71.33,071.33.pdf,af7b338963cb40396b081683997f1158c59fdd8931eb97a27ab3695499667072
71.34,071.34.pdf,cdb0bbac139d3e79cf15c3ff7ae155fd19d9ff91f05d0e7b6240ceb5b8afd6b5
71.35,071.35.pdf,1a7fa4a50a26b70a1b5b339293b73ff98c4e1d60a9c34fd8054a383889754932
71.38,071.38.pdf,9b2fc9553439b0127540d5a00cc9a3b85d607d896050988276fffb239df40814
71.40,071.40.pdf,81bd421f22f0ff5382ce8bed951ad99ede6f8e14a491fc06cbb9edc3f0e3384b
71.41,071.41.pdf,8c839b6dca540eb371d7277b227e068e5d0de191f360526c9bf81dda364a08f4
71.42,071.42.pdf,8475615d1cd7c0da8891373c1542b2fa79d14dc9abfd820fa1f0979e9af3409d
072.12,072.12.pdf,80c13d8812d43f42fbee428d2964fe7221e0a72629e9e028f8c943637e55940c
072.16,072.16.pdf,8c808a41659fa4a8401b57160b09e71e7d8a331462eefb788d448fffb613ea6f
72.22,072.22.pdf,bda3f2325dac86cf0c78c5cd51f50df7fff8b4b0d92a06d2b4c2f5e019dafaf2
72.24,072.24.pdf,e8d15bf9f1510a175bd21515a2fef45430af6b9013dde9d8e19b6909ce8cc130
72.25,072.25.pdf,7ac15f55952127b238acb2c8338d976df2449b59e14dc5858e5ef9c329c2b4e7
72.29,072.29.pdf,e0f98bee68db9b22a04c014566683be872d1ddda5390ccc507bf99cd63e3f29c
72.34,072.34.pdf,fdf9948d90cb89ce34ddc6037d61bf40aefa94796cd52b8cc191afdd6eaee9ce
72.38,072.38.pdf,58f2e822b0d1fcf03c5110110eebee7b67e91f81b23e9dc812a58b5b11ea233b
72.39,072.39.pdf,c4b0338725ccd97a1f0f48652e9feb7ffdb446e948584d69121e5e6bd89e694f
72.41,072.41.pdf,200bfd846205d5f8c33687eb1b0946cf31ed0187b63a111e9b917423fc46a342
72.43,072.43.pdf,8b893ef408d760541e7e67c56e640e423d34f74b9330d670ba5d69bb6baf6545
72.45,072.45.pdf,15e2f3fdc875c6cd08946525d26140746908d0b7f0734e74dfd2f25b91b9157c
72.47,072.47.pdf,5ce2c7d61794fb07937aad6f9c37861335dbd68b61508985cedb8457061512bd
073.12,073.12.pdf,7513048a00bf15b8fa83732bd35bf5410989ade50d3a7d22b011ab27eaa0c561
073.18,073.18.pdf,45ea43e4b38bf64f54315fbe5f86138620ced0512946e08d6213c2af5e852e85
73.30,073.30.pdf,db30dc674db06e1f535439e15cff35ee4028b156a71bda9ae85f23ae64d0f083
73.35,073.35.pdf,b0a9dc35dc1ee3c9c0a59bef85c2a5586de8c3d2be23d703a35a0718b155b717
73.36,073.36.pdf,3a9b44c7f73a2807530bc311df3b6e25caba441ec42197bf72b94aef88e5b7ab
73.40,073.40.pdf,14c24c5e03e8daf52ceaf616e886e9391966b0ffa2445d1695cd7691bb55ac90
73.45,073.45.pdf,c4b2e85c4fa11227f7f68c5742d87251bc63a151ef1de296aee7bedf9db9d9de
73.46,073.46.pdf,47f64cd051992819cfac9db42390dbd5911ab1ef5e1daf3e99fa1c3d40f875c6
73.47,073.47.pdf,8aadad34c02186f4534a5f24205938afac71f28b86bc532787fbb7fb3819a217
73.50,073.50.pdf,ddb8752441e0b6abf145e503c57735fa466aca2feec80f8c663566036b586f61
73.52,073.52.pdf,77301e78263468432712506fa3e10f7635aeeeceb0f833626b29bf858bea0994
73.53,073.53.pdf,6ece2badfb75c94166b7d70cede73ddc8fa37442e800a39e24ff6072aab3967b
73.54,073.54.pdf,1aeb20b8510bfce9c166e6ee380e5b5784698b905282d4a89e652a315a42a2e3
73.56,073.56.pdf,eecb8ff97fe2286873744e6c127a468cfa530c8807b0b4e504813ad3beca6937
73.60,073.60.pdf,2a3771c47a8f490eff686b8e0d63f137317c1727d74c8fa928fbf9f257ab8b66
73.61,073.61.pdf,54d8d279bfb9fcb144f211a7a9e72a5b8970ab76f04002a729c941b4660416e1
73.63,073.63.pdf,4471bd53462e59398621070aa2c7cab53e24e8754d5318ea8de0dbf2626f2cae
73.64,073.64.pdf,3575a5f8252da92068ce456dca10fbf72f7b408b6fccfeaa7a1ec90641659c9c
73.65,073.65.pdf,269b1a578616f24d426595913bcf4e3b871558550cb49eeebc612ce1d9e21f01
73.69,073.69.pdf,9b5693639f3b0097dd2bb709a0fd654aabcf226f4e7ab6cd5d2804e607adf6a5
73.72,073.72.pdf,58a85741d973d41dd13bb19cc1172adf295e03c9d52cf6caefd20c6eb82971b6
76.102,076.102.pdf,2dbcd76371e8d9fee3b326e74212dc8431a348c559ad70a6cbe7d407cb07b245
76.105,076.105.pdf,335b8a078ee9e2c5cdd71d8ad0edd2e3255553e3ceda2d7f7f1cf12edaab1ad0
76.109,076.109.pdf,6b21c80f59cbe0e86ef2c73b0e9a87bf28e49fbe80abd95ff8151ef88915970c
76.113,076.113.pdf,58a0456af6b479eb9075167d718b72f1ac47641dbd611d9849da0b3934def568
76.114,076.114.pdf,6be29cce570227daba31df6fb3bade8f6189d4fb5ff634919a9a4b8391ac8d52
76.118,076.118.pdf,a6e846945a44ce67521746231cc8ddac3a93e227f6a636a7bb6488d4f9f669f9
76.119,076.119.pdf,d43ca88963777aad269df20fd3621ae3ddadb7f221f09c70016bdc6bb021c626
76.120,076.120.pdf,2d66ef8a2943589a257fe3b6c5d302ff76e126fa68c6baa47d435c913a89757e
76.124,076.124.pdf,0909f00c329e7f91428a5b527fba1e3c71727d2a5c40ef0699c8f160fbee3825
76.125,076.125.pdf,f03e8f928e63e81bad336f114a8df17569365830219eb7c508c985208bfe5b48
76.126,076.126.pdf,ce1b7dc1b8d46c0f379da32de6af5ce852782d9b5fdcb0eaacd1f01c4266dc0f
076.35,076.35.pdf,afadb80c80bf7ff18d525aace53c59605b88a8f938dd905c4d7a7eab678b862a
076.36,076.36.pdf,0edd08e66f362c9287a82d59ae26aefe886af04d434f80f373eafc1a79c9ac74
076.48,076.48.pdf,ab43813e00d40fc70064d33ae9f897789940c98f9ec6b43b61b4b18573c200fd
76.50,076.50.pdf,9f132101ad677e29aa6ff3829c02b1f5de2acc7c0b18d576a93297725d635ca2
76.65,076.65.pdf,aa82fe8fbea372bd2c24cabe870e8371b9c7c1b515c323c0c2fa90e0d7263a0d
76.68,076.68.pdf,f754356452d3bb575bac2643084d605a11f36e550cd775a8a33ef93ae0210791
76.74,076.74.pdf,bbc0cd97c5fb33d9619dd0204688f091b035b6c00b2d17989ce81ae4a0ff069b
76.80,076.80.pdf,c46296b873b11346bf85c46f3293e6cb06c70a5f064725ec3ffadee96eccdf71
76.81,076.81.pdf,ca9aa333d4e654d9913f9fb36e08fdf2c019345781b2210d995098f02a763c4e
76.84,076.84.pdf,c6fdf24848665b42bb909f3e53d14f93ece10bbde11403449e3767edfb68399f
76.85,076.85.pdf,ff6f504de10e999e56376aa2d76669bbda61a0adaca46f16f19f5c3d88c6b4ca
76.86,076.86.pdf,d04cb131bbce540945229be01aaca6ac7cc684b01f122d7b843e81922728b569
76.94,076.94.pdf,ab495568985a861126d0c64df1a765a6973c7442fbf70592abf9b407451cb4be
76.96,076.96.pdf,60b044dc192fa7f75d6fd1f3b6a06db5e545a70251a6ce016f3ee7f4a236d6d1
76.98,076.98.pdf,6f9ee46e0ecbd1815e4c657148385ac259e7a8d0b6078f6ea93ee36b863cc436
76.99,076.99.pdf,38c4c35b509abaabc4383b483b700e4ffa08d0ce85cd9dd4fd7c467e22fc32f8
77.18,077.18.pdf,a6b0f31ef3f063bb9585100773195dcc378314119b063d66051637167c015f9c
77.23,077.23.pdf,62f01f3212ef65b3353445d5a807af678e235468733d3859d52b758baaa46b15
77.25,077.25.pdf,79fce38df109c36af801fa073289f4a6cbe4b2dbcbbbe5f0a7e94c287bdc0f6b
77.27,077.27.pdf,73ddb63bf8743876738b74b0afff575931b72deadb87ceea0fd061b61b5c7a40
77.28,077.28.pdf,951ad6650f9f057a6a93d4130e2ca6370420f5cb6cf9dfda5644b7eab5681d1b
77.30,077.30.pdf,6c166bdf83abf57753b7a3d555e4056781589281d1c680adfc7af0acc0a1216d
77.33,077.33.pdf,b69a9963f23d19f086edcc41f2b01ece4d704cb68cf2a8945815f2e718d35f00
77.35,077.35.pdf,0a09af160822b1c58eef868cc358a4ddd61d050a155f98811901b8645b8ccd7f
077.38,077.38.pdf,7fa89f419cb08fa4bd57980be81f0d0ba50b5c3933588768a162f509120150de
077.9,077.9.pdf,1c1704da07b9873a9bab72556b0bb7ccf73cd07b31d0cb867f3cd797f86f43e6
78.40,078.40.pdf,b059dd82a79be759ef02dec6f1776db6376dd7db543cf1de03a7913d749e5e3a
080.3,080.3.pdf,2c343bfa4954ebccf3d60cb6662a22b02355c8fa7442cb6153026f27a379dd55
81.11,081.11.pdf,b32198a9ae87888949994a2b609844399fe6bbdfaff6265ace65b8e048b0be8f
81.14,081.14.pdf,2932973310108fc48af6395402f93029d719612c981aa09c2b196f0183f9cdbb
81.9,081.9.pdf,c7172c7a49385cf506b8cd4593167b7d2ce2a50941f16c1d72090ad788611dbd
82.19,082.19.pdf,a5c25ad39acfa8648d8fff001be53e42bb988042ce51a51ff878241bafbf5cbb
82.20,082.20.pdf,015ed08e9e7a1d0676d96ce7406ce502566f410faf75f4f4612f42b81a955fa0
84.12,084.12.pdf,b92f37d22cff306ed70216ac7537a086a3077d40a4233fae977749225fbfcb27
84.15,084.15.pdf,6556d2e54def5436f454559bce921c291fa2103cf6200f49c4d4a3c4a5ec0c23
84.16,084.16.pdf,286e215b12d0677f88659932ccac74433c8f5ea9eb4c3a62192142e30dce36cd
84.18,084.18.pdf,51a5b5b08d9c16cf45343e9d3921d518b020307f54613e1cdbc72a81cf17298e
84.9,084.9.pdf,004f0a87181746b16406800e900eb9ab7a2a0cbc2d93bfc4003ca49be469279a
85.20,085.20.pdf,48e17b2c3650b7a260ac893c570912375e15c043738ca6ed7761860e2f13323b
85.22,085.22.pdf,679004ad57e43fdc62bf76b35cdcf1d38293c72f312f0d8fafc9c8f7caceb3d8
85.23,085.23.pdf,4efbc6d010b5a706a8b109d17f972225b6e475e25ef14f564bcdc421778a15d5
85.25,085.25.pdf,e4576704572744b61e4d28654904a421fe31160d2a478c7a72d8ff6ee1ffa027
85.28,085.28.pdf,2f6855137e8a41d93f0b2d2b04fba0399b7bc8d847ce104c5aa4b10f7f949780
85.29,085.29.pdf,2f3a2ad28e26405759a6621f2a3d9d4178861e5ae946796bf73acf3668e3bd00
85.32,085.32.pdf,d1d27b03babe9c6073af89bf5bc5e325ef51dcd0f50616bb61bac73e5fa1f0bb
90.12,090.12.pdf,54bf6e16f447a0881c3ac58514dd2ede8f19b8f0760d934105183c8388d68af9
090.8,090.8.pdf,4ce2587a7f19668c6d91b9a0bf6123f0877ba542f1eb6908d682a1f3e2cf095b
091.19,091.19.pdf,759ab7e88102a688836efe3671d95cc6554eabbbb5c7840def5dad9bdc49f395
093.13,093.13.pdf,3cbf3bd11689f4d9b49b75e38134d5b26a2856a3801afe265fb2617520c66210
93.23,093.23.pdf,3eceb101caa693d4ac1bc4e4daa185723c39e51115a1f9bfd61ab3716a7eec73
93.26,093.26.pdf,6cbe0b22479bf6332826b19be95c2579e3f4e4234d1ecc485aab1d100d691c5d
93.27,093.27.pdf,b11d755e8851945e9383c5687456bb874935bf2978bfe81d42d1587e717323cd
93.36,093.36.pdf,b0261d20b6ab966135b858e2d5e94a45edef39a9cfcd706d6b4ac39a93bb6e91
93.37,093.37.pdf,972a29c81599b058c1a444d4e447354af5ea87ecd90410f5f101fae13dbf5db2
93.39,093.39.pdf,b45af3e025abcb4df493bcbd0e7e077b8599662a422505f1031bec9656b5a100
93.44,093.44.pdf,690cc675b9d2f1a0f08a52ea4f84ec155eb324c04181ce34c56708599c90e139
93.46,093.46.pdf,8a545ee173b54d446acf0ef6db1c1df17a7222b19221d23d8905328fd507ea41
93.47,093.47.pdf,1d0a7cfaac717f62a8707bd303159e69a8bae6715663ef55ca3779ec12e065ed
93.51,093.51.pdf,08955a5ab12de58353c25375c77c7c438c2fc7aefa82c56b819489e14b86788d
93.52,093.52.pdf,884cd16895030dbd4fdc448f9fdebb84af0406f35ac5d9b2ef940576ff32c749
93.55,093.55.pdf,fff0833a1ad97f28b274a425932dba0dc53294ea5b9e8aac5c82bfda1cac73c3
93.57,093.57.pdf,e91f4f70ea5ff9a62234654cdbe7b4080a3dd66ecfdd2cc032800f0a574409be
93.61,093.61.pdf,8f435934f12f16af705c63dc3631e2bb845cd61c40ddeb4e31cf1227882d0361
93.63,093.63.pdf,334a679cc43836d6d2f154c919841cec260435cabee0528b3cf3ae838dc0e08f
93.64,093.64.pdf,9cfcf92de9f3fbe50b583f966b2816b63a603dab5c650c860684ac4390b2f387
93.66,093.66.pdf,640f563f7762ac2c8158f62265c1eb1003a574bb27dc1a49303bdc4ab04cd057
93.69,093.69.pdf,8c93f9ac5c9e6be2570228236e10bfce90c5abf140d766badc2f0a4b9cd9339a
94.4,094 3.pdf,bd7c7d15cd3551c9d33d7f69926c40bd65ecfcb411c30939dee882a7ebe2287d
95.10,095.10.pdf,7ea7d10577661ab64e86d73b4f99cff22a999175c0981413d90af6add42130ca
95.13,095.13.pdf,1f2602172b6a6b3474d624a786b04527cf4c06b5e6c0e0e8c10a4eae34c2bca5
95.15,095.15.pdf,90e2268f017997d1c0a999673b10cc6cb8ce13a42b44b282aa355ca7718c5061
95.19,095.19.pdf,340f37c6e3526804156a4828e06b3939f22ac53ef13a91e845c33cc3463789ea
95.20,095.20.pdf,93e99671cd5b3c4f4576fc42b820b64bfc12c5df8dcded059ad0f370ece1f791
95.7,095.7.pdf,510962190b123def72caa709af7f9e6b575ebb443f6a947ad31b78f7b53d99b9
96.9,096.9.pdf,08b18875b440a512dacba4db02ab313e41c44eba0c07f21e9f8c24e188dd2378
97.10,097.10.pdf,74474ef7df1a515231656727f50376e7547554d2d043101d21527cd09b97fd77
97.13,097.13.pdf,9a936f96294378ffb5dbd13c324d1a5bf01d55c528918ebc9c92e9b6d3079742
97.19,097.19.pdf,ba5e9768c26dea1093593763d9f693059908cd2f3a1933666b47640d6eefadba
97.7,097.7.pdf,efc7297bf08c605e6c2e377725524a011588dc6ea623f0bf18416ebb77c37033
99.11,099.11.pdf,211eb6ab2bae5b5f0c4eaee169c3047ebcf0ae0584e520d753ee53bf878e0d87
99.12,099.12.pdf,7c182c3f201ecd88e5f663926373cc840ff08dfc131938f6dec779115cd88f6c
099.9,099.9.pdf,2beba847996d988ac4d3bd3247b04602936788bb8f2f4ea01608f26450377643
100.08,100.08.pdf,c72b164e8473d48d6fd4f45d6f055eaf182490067531201915f87b8198a19018
100.10,100.10.pdf,8369b62f7a764027410874bbc59a5392748c57c81f16cd4165eeb18eff89a9c0
100.9,100.9.pdf,01fb80a74137b8fa9029a3fdd609cf323e3dfdd421a2d36bff3bef9fd8856eb3
104.5,104.5.pdf,787bf7a709f83c33a5f71266d88f22ea4a033e1da24bbc48114d7dca0e5753a4
105.10,105.10.pdf,791d20ed2cb74bc6d53b65acbf45b9b2f60aa1ecf75cf8d9ad2acb494bbb2abb
105.12,105.12.pdf,194e85f5dea3052f8c2ed6426b6c2533ac5384d19dc81c5a66844e1587a5becf
105.15,105.15.pdf,9bb30654bab23f79320c4dc394222a5d5e6446a9ca31ffbd6e8e7f14854e8bf2
105.17,105.17.pdf,ca1ff8c35c79c73027fd0a2c40edd3261cfbfbb520118affacf0b5803d9fc961
105.8,105.8.pdf,ca3c84506429542bccc3e0cf874816b984cb2269d1da909789e847311e5b183d
106.17,106.17.pdf,cac179d7cbb8df230ba08fedba09b9d56684632fd959e3fa3dee076d513b3a60
106.18,106.18.pdf,c0afb77ab4f00ad0477a26ea08d38d43e64d9020a67341a36fe7c121a1c4b1fb
107.6,107.6.pdf,1e21ead23913e80a5602cd369a22fb48801dceaf435ac731efede63446ab5584
108.7,108.7.pdf,b22416c93458a8cb348acdd01d51d1894c9a20b7c218d650d2a156b22dacda5b
112.11,112.11.pdf,9719b635889792ac371622bd90a42520331e7edc89881ea103b060303719703b
112.7,112.7.pdf,45fc6e1a4e37597a7e0a521cecfeb1c905a2e72f4515fa755cca0c94ed735cb9
112.8,112.8.pdf,0104fec0924f618f3b18a11fa85bda2f6ea873b369bc53d195372adb5d5b21e1
113.14,113.14.pdf,6f44e634ca2dafd659eb7ca27feadf45921d9c9ef53e4c550730fb3e39b46802
117.5,117.5.pdf,1453d7a4a7a8840aa600f1864751b760a0d3c1cdc558139b8746aa195fa08aee
121.12,121.12.pdf,22dda2a0ddcddedbc081f0a304e69329b590a377cb1379c047b88251bf9953db
121.30,121.30.pdf,23ea340e801270af85a6e2d8800a4936e933c820fd2cd21e763d2ec6f0c2da4d
121.32,121.32.pdf,5e1311616e13f603d3433023ff3052b37f0d6269f3911f3e509689b18e834b3e
121.38,121.38.pdf,f5eb91809d7c54d262fcce5bb5b30cb45c745cd8451c32e3bf29e1bca5015b86
121.42,121.42.pdf,cbf2bb0c1e6c1a8178ad1030a5f31695f221a9c42ca29be0223bf718111e8d24
121.47,121.47.pdf,d425ab8dd5acada3a0b40916dfcb420b3bf25e245e9bf3bdb804da11196ad4ca
121.5,121.5.pdf,dc2798322d6e0d7714e4f51071c333df18129396e4c952ba3a32e2e4f18fd334
121.52,121.52.pdf,9dc5088ed2e8f866dec695ef7d5b2aef4318f414b68f2a0561331d183f5ac285
121.55,121.55.pdf,36d096796fdbc84e6d1723c71702e7afea8babb53979f0932b9cad814c3fd94d
121.57,121.57.pdf,0b42fbe7b7bde6e7d01b9f5064984208239533cb1b89ca01bb1ad0bc2a9f681c
121.61,121.61.pdf,4e5748820167a12d409f51206aeab0fb3fc6c6659504c0e25462b17678ff99fa
121.65,121.65.pdf,530891e632a5a6f224856b50cb591eb1f113f5e0b5239b5c75c5c0843c96a1a9
121.67,121.67.pdf,0cf19375f4d4d5ec00a6ab8125407a17fdc935098a461d118c3f4e72df65eee7
121.71,121.71.pdf,5fdf5fd9857d5e5ba5a113d2f5f9cbb6e4f7c9d4a3b193cf6695db89922068f5
121.73,121.73.pdf,0c971cac69631b7c1738576cd256c346b3ec4237052072d8a7dae3fa25d81cbc
121.74,121.74.pdf,e616aa772bd422b182b78836a7ac574159adceef8cd117d11d00d31982c0c773
121.77,121.77.pdf,804fbded449c1ea742117bb78c158548549b3e8c316c0045df1cf6ab0fd9bfb2
121.80,121.80.pdf,57f2c02f8241ebc3b312ac5814e87d879a5d8d7d8866e0b66e5ff977d53b1348
121.89,121.89.pdf,b7a083e3dc72e8b19eb669981ce0e717ed5801d44259a8de0d4d96688c92c6c2
122.12,122 12.pdf,034d9f7e1adb74ec7e0d01561d982fa0f43f79090350cf62ba0f613607f0c30f
122.20,122.20.pdf,6fd292b7efe53d2f2523d559eca23c79442d1a009e481256807724534e963e71
123.03,123.03.pdf,6d96d891afa67b4bb4cc75f556ac44b70cac1fc98f72e8cf9e3247b816596888
123.04,123.04.pdf,a92b887b402955f5b2c7df39aefac99b11f8a8a0fdf73f8870fa31ae23ca7eed
123.10,123.10.pdf,6608e2b0e835f09b53e9e51559147e944f2733159cab51e9f943b9312ad4ffd1
123.13,123.13.pdf,df1d98a813ab38a6f11ee057eaa31920cf9676c4d16deb0214755fd8d1f8428a
123.18,123.18.pdf,d730e152e78ae4f7b6a9fa709a469b446931c33a8640e62f72331a610d7c2275
123.5,123.5.pdf,1a530b21263f5b54439cc2e4c96fabe4156e2c104e9fbaf044a00ea7dc58b7fb
123.6,123.6.pdf,731fafe4b0a46b42ea6a640f41edfce4f902ce395ffe76e494dca58f5ff2d036
123.8,123.8.pdf,047225a2168746f148b18981f79213dbf87efe543e9034f381acace4f70cdee4
123.9,123.9.pdf,32344452a7ff83c7d45f5f95b24ef6eaa8ad2bb4387b409d8d922e4f1b2c0205
125.15,125.15.pdf,1dd9d58cf305fc35530b5d45ed41ae3fb9ad14fca2219962ae68cdbbef37eb9e
125.23,125.23.pdf,4bf20dcbc969435a704ed0c265468841009749a64a3f08336c45fd030250d488
125.25,125.25.pdf,d3d93a9b0bd40207945ebb49c81f9e3ac27ee8fc7ba82138f449d62c19bd0527
125.27,125.27.pdf,8af77b330eedccd562b005544582e63cf23641dcb065ad2fece6ae1f6e686ae1
125.29,125.29.pdf,418b0c68dd2d2562333889ffa20008f27b72a830ab5100ea46f19394edefc797
125.38,125.38.pdf,dd98192b71685d58232b6e7494196995024c4a0b8f4a6e5a4fc3bc54abd6f96e
125.44,125.44.pdf,873480cf765439fca4a44baafd3ac1e02579aaf431b6ecd7ae7c25c9287d5ada
125.47,125.47.pdf,c2b6812e55c3cebd6341f0b435ac60c7e98274160059c1a2dd064b0cabdc86b5
125.48,125.48.pdf,aec1f80221e0fe822a54893372f98c4a8a11b53b0cde669d2b36cb89650062e6
125.51,125.51.pdf,3aabc5b2277fc3f82dbc446722e2f4017309b08cc140e9658a0ea0b7a6bdf940
125.56,125.56.pdf,28507ee97e8d0411045a2aeca430ad9edb31b060faa194f3bbcfed131d6b1dc3
125.59,125.59.pdf,e6aee7d0e97fe8cd792502b4ba5e6d73afcffa70fa06a01826959d4162d51a72
125.60,125.60.pdf,e623034b3bd904a1725f10c8562894ca40d7545d612b51339a88234cdfbaf329
125.65,125.65.pdf,d1a1df0c3f2f4272a357a02b5302d3bbdffadbe2c6782a48744ec0acd4d9797e
125.67,125.67.pdf,391867c445c6f64772af0becbef926bd90ae9f4ab807d2602c801ea3d75fbb3a
125.7,125.7.pdf,85ec8c254bf60f2f9c432d51dc8ab53a4fa9e308d5dd4159c5e2f3bcc434a207
125.70,125.70.pdf,3686ee3f63dbc0f56ee73def9a53ff945f599d8693c12d4bdce2b07707514e20
125.73,125.73.pdf,0504f4b266b7c6a926c0394ff8518492fbb1d06eddd2ad58e4156748f68ae56a
125.8,125.8.pdf,bbfc14ec341b1682acf4f3249da022ec06076d309374cf32403be6dfb0e2d537
127.1,127.1.pdf,03affdc4600c8e0b6ebbae5ea83640ac6bcbc34b654c517a841398e2167932a3
127.12,127.12.pdf,0edccdfdd9b422f6c4c9d4679e373bfaf5b7d738da625960fdb01241937774c7
127.13,127.13.pdf,b570fc66c3d833652e7197294955984e350bac4f09f3b03b697e2e6de09f112b
127.14,127.14.pdf,96f1344f700478066b45b6a003ae57fc510c4628c92829abbdef5c98977a3033
127.16,127.16.pdf,670bd2257a1a88cd511ba362958c2b6d035e8934f73df7b43e230eba845be0dc
127.23,127.23.pdf,98eb5091cd5c6750a31b37d691f9e64ba6f38a3a8133b0ef71b7db0bda10656a
127.24,127.24.pdf,c5d7aeb61dfb6d85dd4b28635a7b01aa7606584fba7cb91c4ef36e1d2bbe9dc9
127.26,127.26.pdf,d187ae50bba41d79338018860692d8486d38707a6a34525e71c2401770637171
127.27,127.27.pdf,8bde79c771421856dee3b849c6bd0596a9ecb8315c9fe2245b3901d4baa49843
127.3,127.3.pdf,ae8830bdca94168af8b73de8fcb6580c0e1e423e0821ab2ff5ba8894b9072be8
127.31,127.31.pdf,d7970fad93ffd8facdbc6d53742adb370192263fbdaec11329315a2f74b415e9
127.32,127.32.pdf,2f44c031a2079e646fb7e4c52958e7f9454f22abc3ac951a0cea98e9b11664a4
127.34,127.34.pdf,d531a90d430bc865c036275db7f902c3dfc847dafdbf8ae4c8f9b7b1da225d59
127.38,127.38.pdf,5ee9ef1afd4c6af8f418551cb2b8264eb701da059d3f8b7d21a4a3cd33c66d4e
127.39,127.39.pdf,42bc94e1698286360cc3dc886e344a577c9d7003d39807e3efde7341fe21871b
127.43,127.43.pdf,4e7d0a682f3d35be2dd834e5f6fb69025baaf2f4a0e994c9cca8e238e2481d6b
127.7,127.7.pdf,2cc1e795836c74ae6e2d4f3d71a29c3deacaba1098c7d80a04295a84bdde018c
127.9,127.9.pdf,e85ee0fb1df585d099af639caa7d0971486652d30115db53b0af1272b0bed773
128.2,128.2.pdf,9535f7af72820a55cdcc2c25bc725b7d920d27e7f5b98a9810638ad304528f8e
128.3,128.3.pdf,e186696f04310c290240f37911194026955a7a84d3dc98f83034de824ce553a5
128.5,128.5.pdf,d9324c8a5bf975af0f95628b3502e456a3bc77b61e686b9abeee2abcd51a117e
129.1,129.1.pdf,27f7f2a4860a054255d4362a2d003697e034b9ee6ad7ab9290c208ab864f4338
129.3,129.3.pdf,7d92921c67a315a8fcc63120e66e23ac8c3c64edc92357336ef94c79f39729ff
129.4,129.4.pdf,2656595a73c6091d3bb4b47bfd0756bef83bf6f088b53b35c62bfa3575d32bf3
129.6,129.6.pdf,51b750a51b2c1164b363feef6737bf7f37966edcf0c1508120f82d59f37fa640
39.52,39.52.pdf,5854e1c11a01039a865c0c92b9da27752a7264db51fcabc67dca7377a738e3cb
53.121,53.121.pdf,12ec3bb7adb819334b91a2461dafcfe1cfbb8e87105deb1354c0ca4ccf9a3bf6
53.132,53.132.pdf,2473b01fea5597aff827f4f99ae2071059b029fde8f40eadc9a6f3fca6f02529
53.136,53.136.pdf,5dd10a8dbe445c97e131226dadbce613fdab561a5bf2394c3c6d1bdbb7a91f65
70.6,70.6.pdf,eb45b8732fd4dd3bc7820238fe130e527ba9b7746eccf3741a2775ca59a899a0
G1.10,G1.10.pdf,28707b3a24ed1deb11431bac0aaec2fbb4b37d177d899cc3c4513acbb0749994
G1.11,G1.11.pdf,f4f77f839e168e27b641f939baaaa72f23e74e99633cb651856d721b63745016
G1.12,G1.12.pdf,be4a4a75922f1f66d065c95147c8e1acfe56a975980bcc54ce0da15cd445e141
G1.14,G1.14.pdf,8bf97c4c70f38f50a67d79fe1caf6c5ae9c6b95c8f17118b0f1d4ecf08a676cc
G1.6,G1.6.pdf,4ae2c5f259dfe1bb66aa753c5668bb8b8781bf4316d1757f85caca7941af7854
G1.8,G1.8.pdf,ac64de1517431fc2f1fb22606172c80e36a532313f0fd32d14595eeeaf2bae16
G1.9,G1.9.pdf,f2b9f4966a2b724ecb2d9e5090c7f0ffefae4363d3c1d15f742be5b7006ffa40
G10.3,G10.3.pdf,eec7cfcd4867e10425ae4b76019cc4c6b10a959d4af27e13f8661e73b22fa4f1
G14.1,G14.1.pdf,ffdd26cd797cb49e8a4aec03db1742e470765440249e021acd7d71fff16d3dc9
G2.2,G2.2.pdf,378cc26141af319f60a7944b40bf1bb81c0f895d39f83cbaf7ee8acd6de74462
G3.2,G3.2.pdf,c01990cdcda1924f4a84dac55acda8748bb9f27620f1cca0daebbed6726b49ad
G3.3,G3.3.pdf,067bc8705879ba4f49e108b0d96770f12e13aafb50000bf5c1d63e4040065730
G3.6,G3.6.pdf,01b0042754fd90229d73e449e478d2b5b698664ee9d86504339500243a856c23
G3.8,G3.8.pdf,41efc6581200796599734d6d120850f712a18da3aa2f3a5707ded8927abb8091
G4.10,G4.10.pdf,04172ac9ea5b6b52767ba5fc9501c249729edf8d0a602b34e5b93b427721dade
G4.2,G4.2.pdf,ed6cc495629d04b5517033e60e72cb4cd50090994b9cc573a5b76836828eea34
G4.7,G4.7.pdf,e57ba93a6b35e6a8d8b3f9b219392879e880db40aff04671a35b0f460b62a485
G5.10,G5.10.pdf,8e863c73d8ee506a22fa47ce24f9b121a18dbd7189f465a927d223d1fd6d4cfc
G5.2,G5.2.pdf,8578b1f2250f9ebba345927ae31756c33fbf2212a22e9f661a9837aacfe0eeaf
G5.5,G5.5.pdf,b65c04ebc87c2de409eff0eacdd0edc5ee0ec1084c9cd3eb6c02d32e8695ab96
G5.7,G5.7.pdf,e815d69e0a601fbe9f81c38b6b80a0a3e7793ffdba144261c3ec846eb90ce134
G6.2,G6.2.pdf,a421b4fe275d66097b69d48be6f9f556a60b204086c7a25827cc8d26e5f6ea93
G6.3,G6.3.pdf,31353f5ab2425145d716f1b15d8da384fcff0152aa5687d6fefc116b87ac2a30
G7.10,G7.10.pdf,34d50b382d8da2a7277b2f94d461de6b65ff4f6eb493a349f746d226e1a837eb
G7.2,G7.2.pdf,04236f233860ff7d631bf35adeeb5e94e005e0d0990f325ce1155aa34298b45c
G7.4,G7.4.pdf,7b5ae91143f14c24f43638048048ac36356fb49efa9fcbe65b9ead9c67167181
G7.7,G7.7.pdf,a2fc6dc1d8f13568a75b6f9c734819393291afc87f7fd85dbc4875579d1cf6e1
G7.9,G7.9.pdf,68beb8013b77a8fef58865722a87908750ed3858dad334e6626694b3eab610a0
G8.2,G8.2.pdf,0a675532a0285b2cc0dfabdeb32936abf11dabda7eb1d05d49f65d6170b243e6
G8.3,G8.3.pdf,b849e072513b8333a318e68d1cfc4430f9cf589ef755b7592bdb28a513e3482c
G8.5,G8.5.pdf,e793e275831fd8b34b9bc72c64aa442668b737e6f75aaece70c5388a6d714ab8
G8.6,G8.6.pdf,5818804d4a3033924800d61793636650c27a78b93e94bcb20f0e34fd25bf0a54
G9.1,G9.1.pdf,09cb2e3044a7af681e8c6198ff0f9b69974950d25ab0d19e630d02d4ddd7de02
